,longitude,latitude,evspsbl
0,-17.5,14.5,
1,-17.5,14.399999618530273,
2,-17.5,14.300000190734863,
3,-17.5,14.199999809265137,
4,-17.5,14.100000381469727,
5,-17.5,14.0,
6,-17.5,13.899999618530273,
7,-17.5,13.800000190734863,
8,-17.5,13.699999809265137,
9,-17.5,13.600000381469727,
10,-17.5,13.5,
11,-17.5,13.399999618530273,
12,-17.5,13.300000190734863,
13,-17.5,13.199999809265137,
14,-17.5,13.100000381469727,
15,-17.5,13.0,
16,-17.5,12.899999618530273,
17,-17.5,12.800000190734863,
18,-17.5,12.699999809265137,
19,-17.5,12.600000381469727,
20,-17.5,12.5,
21,-17.5,12.399999618530273,
22,-17.5,12.300000190734863,
23,-17.5,12.199999809265137,
24,-17.5,12.100000381469727,
25,-17.5,12.0,
26,-17.399999618530273,14.5,
27,-17.399999618530273,14.399999618530273,
28,-17.399999618530273,14.300000190734863,
29,-17.399999618530273,14.199999809265137,
30,-17.399999618530273,14.100000381469727,
31,-17.399999618530273,14.0,
32,-17.399999618530273,13.899999618530273,
33,-17.399999618530273,13.800000190734863,
34,-17.399999618530273,13.699999809265137,
35,-17.399999618530273,13.600000381469727,
36,-17.399999618530273,13.5,
37,-17.399999618530273,13.399999618530273,
38,-17.399999618530273,13.300000190734863,
39,-17.399999618530273,13.199999809265137,
40,-17.399999618530273,13.100000381469727,
41,-17.399999618530273,13.0,
42,-17.399999618530273,12.899999618530273,
43,-17.399999618530273,12.800000190734863,
44,-17.399999618530273,12.699999809265137,
45,-17.399999618530273,12.600000381469727,
46,-17.399999618530273,12.5,
47,-17.399999618530273,12.399999618530273,
48,-17.399999618530273,12.300000190734863,
49,-17.399999618530273,12.199999809265137,
50,-17.399999618530273,12.100000381469727,
51,-17.399999618530273,12.0,
52,-17.299999237060547,14.5,
53,-17.299999237060547,14.399999618530273,
54,-17.299999237060547,14.300000190734863,
55,-17.299999237060547,14.199999809265137,
56,-17.299999237060547,14.100000381469727,
57,-17.299999237060547,14.0,
58,-17.299999237060547,13.899999618530273,
59,-17.299999237060547,13.800000190734863,
60,-17.299999237060547,13.699999809265137,
61,-17.299999237060547,13.600000381469727,
62,-17.299999237060547,13.5,
63,-17.299999237060547,13.399999618530273,
64,-17.299999237060547,13.300000190734863,
65,-17.299999237060547,13.199999809265137,
66,-17.299999237060547,13.100000381469727,
67,-17.299999237060547,13.0,
68,-17.299999237060547,12.899999618530273,
69,-17.299999237060547,12.800000190734863,
70,-17.299999237060547,12.699999809265137,
71,-17.299999237060547,12.600000381469727,
72,-17.299999237060547,12.5,
73,-17.299999237060547,12.399999618530273,
74,-17.299999237060547,12.300000190734863,
75,-17.299999237060547,12.199999809265137,
76,-17.299999237060547,12.100000381469727,
77,-17.299999237060547,12.0,
78,-17.200000762939453,14.5,
79,-17.200000762939453,14.399999618530273,
80,-17.200000762939453,14.300000190734863,
81,-17.200000762939453,14.199999809265137,
82,-17.200000762939453,14.100000381469727,
83,-17.200000762939453,14.0,
84,-17.200000762939453,13.899999618530273,
85,-17.200000762939453,13.800000190734863,
86,-17.200000762939453,13.699999809265137,
87,-17.200000762939453,13.600000381469727,
88,-17.200000762939453,13.5,
89,-17.200000762939453,13.399999618530273,
90,-17.200000762939453,13.300000190734863,
91,-17.200000762939453,13.199999809265137,
92,-17.200000762939453,13.100000381469727,
93,-17.200000762939453,13.0,
94,-17.200000762939453,12.899999618530273,
95,-17.200000762939453,12.800000190734863,
96,-17.200000762939453,12.699999809265137,
97,-17.200000762939453,12.600000381469727,
98,-17.200000762939453,12.5,
99,-17.200000762939453,12.399999618530273,
100,-17.200000762939453,12.300000190734863,
101,-17.200000762939453,12.199999809265137,
102,-17.200000762939453,12.100000381469727,
103,-17.200000762939453,12.0,
104,-17.100000381469727,14.5,
105,-17.100000381469727,14.399999618530273,
106,-17.100000381469727,14.300000190734863,
107,-17.100000381469727,14.199999809265137,
108,-17.100000381469727,14.100000381469727,
109,-17.100000381469727,14.0,
110,-17.100000381469727,13.899999618530273,
111,-17.100000381469727,13.800000190734863,
112,-17.100000381469727,13.699999809265137,
113,-17.100000381469727,13.600000381469727,
114,-17.100000381469727,13.5,
115,-17.100000381469727,13.399999618530273,
116,-17.100000381469727,13.300000190734863,
117,-17.100000381469727,13.199999809265137,
118,-17.100000381469727,13.100000381469727,
119,-17.100000381469727,13.0,
120,-17.100000381469727,12.899999618530273,
121,-17.100000381469727,12.800000190734863,
122,-17.100000381469727,12.699999809265137,
123,-17.100000381469727,12.600000381469727,
124,-17.100000381469727,12.5,
125,-17.100000381469727,12.399999618530273,
126,-17.100000381469727,12.300000190734863,
127,-17.100000381469727,12.199999809265137,
128,-17.100000381469727,12.100000381469727,
129,-17.100000381469727,12.0,
130,-17.0,14.5,26.906623146635923
131,-17.0,14.399999618530273,
132,-17.0,14.300000190734863,
133,-17.0,14.199999809265137,
134,-17.0,14.100000381469727,
135,-17.0,14.0,
136,-17.0,13.899999618530273,
137,-17.0,13.800000190734863,
138,-17.0,13.699999809265137,
139,-17.0,13.600000381469727,
140,-17.0,13.5,
141,-17.0,13.399999618530273,
142,-17.0,13.300000190734863,
143,-17.0,13.199999809265137,
144,-17.0,13.100000381469727,
145,-17.0,13.0,
146,-17.0,12.899999618530273,
147,-17.0,12.800000190734863,
148,-17.0,12.699999809265137,
149,-17.0,12.600000381469727,
150,-17.0,12.5,
151,-17.0,12.399999618530273,
152,-17.0,12.300000190734863,
153,-17.0,12.199999809265137,
154,-17.0,12.100000381469727,
155,-17.0,12.0,
156,-16.899999618530273,14.5,24.015175788376382
157,-16.899999618530273,14.399999618530273,34.50970582201387
158,-16.899999618530273,14.300000190734863,60.50162776693492
159,-16.899999618530273,14.199999809265137,
160,-16.899999618530273,14.100000381469727,
161,-16.899999618530273,14.0,
162,-16.899999618530273,13.899999618530273,
163,-16.899999618530273,13.800000190734863,
164,-16.899999618530273,13.699999809265137,
165,-16.899999618530273,13.600000381469727,
166,-16.899999618530273,13.5,
167,-16.899999618530273,13.399999618530273,
168,-16.899999618530273,13.300000190734863,
169,-16.899999618530273,13.199999809265137,
170,-16.899999618530273,13.100000381469727,
171,-16.899999618530273,13.0,
172,-16.899999618530273,12.899999618530273,
173,-16.899999618530273,12.800000190734863,
174,-16.899999618530273,12.699999809265137,
175,-16.899999618530273,12.600000381469727,
176,-16.899999618530273,12.5,
177,-16.899999618530273,12.399999618530273,
178,-16.899999618530273,12.300000190734863,
179,-16.899999618530273,12.199999809265137,
180,-16.899999618530273,12.100000381469727,
181,-16.899999618530273,12.0,
182,-16.799999237060547,14.5,16.276062830310252
183,-16.799999237060547,14.399999618530273,23.111872699981404
184,-16.799999237060547,14.300000190734863,23.75166151846213
185,-16.799999237060547,14.199999809265137,26.798637656860024
186,-16.799999237060547,14.100000381469727,102.95714648645139
187,-16.799999237060547,14.0,
188,-16.799999237060547,13.899999618530273,
189,-16.799999237060547,13.800000190734863,
190,-16.799999237060547,13.699999809265137,
191,-16.799999237060547,13.600000381469727,
192,-16.799999237060547,13.5,
193,-16.799999237060547,13.399999618530273,
194,-16.799999237060547,13.300000190734863,29.573194319636286
195,-16.799999237060547,13.199999809265137,
196,-16.799999237060547,13.100000381469727,
197,-16.799999237060547,13.0,
198,-16.799999237060547,12.899999618530273,
199,-16.799999237060547,12.800000190734863,
200,-16.799999237060547,12.699999809265137,
201,-16.799999237060547,12.600000381469727,
202,-16.799999237060547,12.5,
203,-16.799999237060547,12.399999618530273,
204,-16.799999237060547,12.300000190734863,
205,-16.799999237060547,12.199999809265137,
206,-16.799999237060547,12.100000381469727,
207,-16.799999237060547,12.0,
208,-16.700000762939453,14.5,27.291620725043856
209,-16.700000762939453,14.399999618530273,22.547493392430738
210,-16.700000762939453,14.300000190734863,25.9249899226038
211,-16.700000762939453,14.199999809265137,31.988105447410646
212,-16.700000762939453,14.100000381469727,113.16395592734455
213,-16.700000762939453,14.0,107.62488750535431
214,-16.700000762939453,13.899999618530273,35.35290200466363
215,-16.700000762939453,13.800000190734863,
216,-16.700000762939453,13.699999809265137,
217,-16.700000762939453,13.600000381469727,
218,-16.700000762939453,13.5,
219,-16.700000762939453,13.399999618530273,30.46175441136222
220,-16.700000762939453,13.300000190734863,32.4498338183231
221,-16.700000762939453,13.199999809265137,61.78514509380727
222,-16.700000762939453,13.100000381469727,56.84067148828967
223,-16.700000762939453,13.0,112.8404167392597
224,-16.700000762939453,12.899999618530273,124.53350327981138
225,-16.700000762939453,12.800000190734863,85.50930199911659
226,-16.700000762939453,12.699999809265137,40.3346418426886
227,-16.700000762939453,12.600000381469727,45.9291643679021
228,-16.700000762939453,12.5,52.35267813296355
229,-16.700000762939453,12.399999618530273,52.84718997344453
230,-16.700000762939453,12.300000190734863,
231,-16.700000762939453,12.199999809265137,
232,-16.700000762939453,12.100000381469727,
233,-16.700000762939453,12.0,
234,-16.600000381469727,14.5,24.57842356720886
235,-16.600000381469727,14.399999618530273,20.119722187357922
236,-16.600000381469727,14.300000190734863,29.097815555590046
237,-16.600000381469727,14.199999809265137,168.22354433146575
238,-16.600000381469727,14.100000381469727,211.8112570451816
239,-16.600000381469727,14.0,119.57861296129158
240,-16.600000381469727,13.899999618530273,37.044537716613036
241,-16.600000381469727,13.800000190734863,59.491373246036346
242,-16.600000381469727,13.699999809265137,63.40486619997387
243,-16.600000381469727,13.600000381469727,
244,-16.600000381469727,13.5,
245,-16.600000381469727,13.399999618530273,43.75900787422597
246,-16.600000381469727,13.300000190734863,50.42535719156524
247,-16.600000381469727,13.199999809265137,54.22427128555137
248,-16.600000381469727,13.100000381469727,57.26764120640098
249,-16.600000381469727,13.0,79.23781155863492
250,-16.600000381469727,12.899999618530273,103.75926442980199
251,-16.600000381469727,12.800000190734863,125.26896272874819
252,-16.600000381469727,12.699999809265137,76.78809382458667
253,-16.600000381469727,12.600000381469727,
254,-16.600000381469727,12.5,31.985997090614205
255,-16.600000381469727,12.399999618530273,34.48384607431149
256,-16.600000381469727,12.300000190734863,
257,-16.600000381469727,12.199999809265137,
258,-16.600000381469727,12.100000381469727,
259,-16.600000381469727,12.0,
260,-16.5,14.5,23.709846034039572
261,-16.5,14.399999618530273,24.63083415519702
262,-16.5,14.300000190734863,52.68990896686876
263,-16.5,14.199999809265137,252.82253866932808
264,-16.5,14.100000381469727,190.26653602029785
265,-16.5,14.0,57.38487226388315
266,-16.5,13.899999618530273,77.87167012790746
267,-16.5,13.800000190734863,45.97025098291715
268,-16.5,13.699999809265137,44.090857060166854
269,-16.5,13.600000381469727,40.85148400713706
270,-16.5,13.5,38.06658688048299
271,-16.5,13.399999618530273,
272,-16.5,13.300000190734863,
273,-16.5,13.199999809265137,69.03828203609521
274,-16.5,13.100000381469727,56.80913463390186
275,-16.5,13.0,50.20968283869627
276,-16.5,12.899999618530273,68.90902836553664
277,-16.5,12.800000190734863,58.17060786212937
278,-16.5,12.699999809265137,64.23806280719259
279,-16.5,12.600000381469727,53.511673681132606
280,-16.5,12.5,37.23130711533702
281,-16.5,12.399999618530273,35.964267751473585
282,-16.5,12.300000190734863,27.43351159172471
283,-16.5,12.199999809265137,
284,-16.5,12.100000381469727,
285,-16.5,12.0,
286,-16.399999618530273,14.5,28.26298757250396
287,-16.399999618530273,14.399999618530273,27.47795080362573
288,-16.399999618530273,14.300000190734863,31.58077559614111
289,-16.399999618530273,14.199999809265137,127.7772685170844
290,-16.399999618530273,14.100000381469727,87.02805422720041
291,-16.399999618530273,14.0,24.691238162586615
292,-16.399999618530273,13.899999618530273,38.585046546065655
293,-16.399999618530273,13.800000190734863,31.508923209783575
294,-16.399999618530273,13.699999809265137,31.779230633145175
295,-16.399999618530273,13.600000381469727,31.321350617136886
296,-16.399999618530273,13.5,29.083540385631295
297,-16.399999618530273,13.399999618530273,33.24054771615681
298,-16.399999618530273,13.300000190734863,
299,-16.399999618530273,13.199999809265137,80.96180015094944
300,-16.399999618530273,13.100000381469727,57.56884624937675
301,-16.399999618530273,13.0,47.78011769256739
302,-16.399999618530273,12.899999618530273,63.55047646396088
303,-16.399999618530273,12.800000190734863,49.049661904469076
304,-16.399999618530273,12.699999809265137,42.24851856130306
305,-16.399999618530273,12.600000381469727,53.14144505627087
306,-16.399999618530273,12.5,38.90237451743337
307,-16.399999618530273,12.399999618530273,35.69739426655042
308,-16.399999618530273,12.300000190734863,34.78606198980208
309,-16.399999618530273,12.199999809265137,
310,-16.399999618530273,12.100000381469727,
311,-16.399999618530273,12.0,
312,-16.299999237060547,14.5,31.648908295601757
313,-16.299999237060547,14.399999618530273,27.917020709032727
314,-16.299999237060547,14.300000190734863,33.03930321297986
315,-16.299999237060547,14.199999809265137,81.86154124849952
316,-16.299999237060547,14.100000381469727,56.94071723677405
317,-16.299999237060547,14.0,34.32361864719303
318,-16.299999237060547,13.899999618530273,33.137554927330825
319,-16.299999237060547,13.800000190734863,32.04768150933069
320,-16.299999237060547,13.699999809265137,33.731565526105555
321,-16.299999237060547,13.600000381469727,35.35040778740665
322,-16.299999237060547,13.5,37.643161288955525
323,-16.299999237060547,13.399999618530273,78.98250873014263
324,-16.299999237060547,13.300000190734863,
325,-16.299999237060547,13.199999809265137,71.50462583401452
326,-16.299999237060547,13.100000381469727,63.728737644327566
327,-16.299999237060547,13.0,54.54097913600265
328,-16.299999237060547,12.899999618530273,55.50532998094411
329,-16.299999237060547,12.800000190734863,54.041336584741316
330,-16.299999237060547,12.699999809265137,58.154897019544705
331,-16.299999237060547,12.600000381469727,87.04244857801336
332,-16.299999237060547,12.5,41.76442282519827
333,-16.299999237060547,12.399999618530273,36.89063157718715
334,-16.299999237060547,12.300000190734863,85.31390226769679
335,-16.299999237060547,12.199999809265137,
336,-16.299999237060547,12.100000381469727,40.9975916751456
337,-16.299999237060547,12.0,
338,-16.200000762939453,14.5,32.07770442928552
339,-16.200000762939453,14.399999618530273,26.23654022552273
340,-16.200000762939453,14.300000190734863,32.069147621773595
341,-16.200000762939453,14.199999809265137,70.72463760544235
342,-16.200000762939453,14.100000381469727,47.18946708336421
343,-16.200000762939453,14.0,44.24713764717342
344,-16.200000762939453,13.899999618530273,42.39761814261897
345,-16.200000762939453,13.800000190734863,44.40903919107541
346,-16.200000762939453,13.699999809265137,48.27631275333226
347,-16.200000762939453,13.600000381469727,48.31826762375783
348,-16.200000762939453,13.5,74.05547254181556
349,-16.200000762939453,13.399999618530273,
350,-16.200000762939453,13.300000190734863,106.01676851074683
351,-16.200000762939453,13.199999809265137,70.70411523079406
352,-16.200000762939453,13.100000381469727,64.4206025322203
353,-16.200000762939453,13.0,52.902817608005535
354,-16.200000762939453,12.899999618530273,48.80361872256094
355,-16.200000762939453,12.800000190734863,51.679146325517536
356,-16.200000762939453,12.699999809265137,57.364915397422465
357,-16.200000762939453,12.600000381469727,120.55128920419281
358,-16.200000762939453,12.5,53.28608510254503
359,-16.200000762939453,12.399999618530273,48.81557422455796
360,-16.200000762939453,12.300000190734863,
361,-16.200000762939453,12.199999809265137,53.87382662031666
362,-16.200000762939453,12.100000381469727,43.07760888346479
363,-16.200000762939453,12.0,49.953510314647815
364,-16.100000381469727,14.5,34.59454734697209
365,-16.100000381469727,14.399999618530273,25.428953608084953
366,-16.100000381469727,14.300000190734863,30.298867762158864
367,-16.100000381469727,14.199999809265137,41.808012778271745
368,-16.100000381469727,14.100000381469727,71.89654996201705
369,-16.100000381469727,14.0,39.586083521570856
370,-16.100000381469727,13.899999618530273,43.921152654092
371,-16.100000381469727,13.800000190734863,45.49962674659582
372,-16.100000381469727,13.699999809265137,48.12114825835965
373,-16.100000381469727,13.600000381469727,51.51946357921804
374,-16.100000381469727,13.5,109.34520421680804
375,-16.100000381469727,13.399999618530273,147.64267761886333
376,-16.100000381469727,13.300000190734863,68.73732729106382
377,-16.100000381469727,13.199999809265137,72.9983229312677
378,-16.100000381469727,13.100000381469727,64.99902902024792
379,-16.100000381469727,13.0,57.836120343253356
380,-16.100000381469727,12.899999618530273,52.006732421043466
381,-16.100000381469727,12.800000190734863,55.107808251063375
382,-16.100000381469727,12.699999809265137,76.96917531529789
383,-16.100000381469727,12.600000381469727,137.9332533744398
384,-16.100000381469727,12.5,48.82082035620124
385,-16.100000381469727,12.399999618530273,56.232438604807044
386,-16.100000381469727,12.300000190734863,102.07254024720032
387,-16.100000381469727,12.199999809265137,42.3048395773294
388,-16.100000381469727,12.100000381469727,41.20420134484277
389,-16.100000381469727,12.0,40.52415263131161
390,-16.0,14.5,33.21547766690304
391,-16.0,14.399999618530273,25.67154845296949
392,-16.0,14.300000190734863,28.11572556163418
393,-16.0,14.199999809265137,36.7506793158318
394,-16.0,14.100000381469727,49.348609964270395
395,-16.0,14.0,39.5873972509566
396,-16.0,13.899999618530273,44.50759052045771
397,-16.0,13.800000190734863,44.031672360397124
398,-16.0,13.699999809265137,46.09270321839233
399,-16.0,13.600000381469727,51.24644038611814
400,-16.0,13.5,95.95501760338936
401,-16.0,13.399999618530273,173.71791109413118
402,-16.0,13.300000190734863,56.76534062868927
403,-16.0,13.199999809265137,64.54901214565302
404,-16.0,13.100000381469727,59.74120212769458
405,-16.0,13.0,59.58614347355103
406,-16.0,12.899999618530273,74.08188972726157
407,-16.0,12.800000190734863,71.66526213417467
408,-16.0,12.699999809265137,104.92054640884294
409,-16.0,12.600000381469727,139.0381440725157
410,-16.0,12.5,54.85132863621857
411,-16.0,12.399999618530273,55.550514441825726
412,-16.0,12.300000190734863,68.77415008438027
413,-16.0,12.199999809265137,42.466582488683116
414,-16.0,12.100000381469727,45.25067767718292
415,-16.0,12.0,49.238452057958284
416,-15.899999618530273,14.5,33.643989256422174
417,-15.899999618530273,14.399999618530273,27.048853313445818
418,-15.899999618530273,14.300000190734863,28.78866569616622
419,-15.899999618530273,14.199999809265137,36.204097964836194
420,-15.899999618530273,14.100000381469727,61.631164286054286
421,-15.899999618530273,14.0,42.23373222709756
422,-15.899999618530273,13.899999618530273,42.5804225437721
423,-15.899999618530273,13.800000190734863,44.7983112340637
424,-15.899999618530273,13.699999809265137,55.44180308785292
425,-15.899999618530273,13.600000381469727,56.9858092499054
426,-15.899999618530273,13.5,102.1070043189485
427,-15.899999618530273,13.399999618530273,114.88242335675545
428,-15.899999618530273,13.300000190734863,54.63515909556861
429,-15.899999618530273,13.199999809265137,61.172692937461534
430,-15.899999618530273,13.100000381469727,55.91166724689117
431,-15.899999618530273,13.0,66.77894947105676
432,-15.899999618530273,12.899999618530273,94.05480385111889
433,-15.899999618530273,12.800000190734863,68.48578309968184
434,-15.899999618530273,12.699999809265137,70.15618537523028
435,-15.899999618530273,12.600000381469727,85.8041135139955
436,-15.899999618530273,12.5,62.208615598255506
437,-15.899999618530273,12.399999618530273,50.12852056498821
438,-15.899999618530273,12.300000190734863,71.6816145437133
439,-15.899999618530273,12.199999809265137,46.83344012848306
440,-15.899999618530273,12.100000381469727,43.05700772522141
441,-15.899999618530273,12.0,40.57582942195802
442,-15.800000190734863,14.5,34.96540033551656
443,-15.800000190734863,14.399999618530273,31.33478241504946
444,-15.800000190734863,14.300000190734863,32.759899773520544
445,-15.800000190734863,14.199999809265137,36.20301718630168
446,-15.800000190734863,14.100000381469727,40.77228740194607
447,-15.800000190734863,14.0,40.17043696803802
448,-15.800000190734863,13.899999618530273,39.95680643478437
449,-15.800000190734863,13.800000190734863,50.841605717930406
450,-15.800000190734863,13.699999809265137,71.05044514091333
451,-15.800000190734863,13.600000381469727,79.94009884766535
452,-15.800000190734863,13.5,97.7825187355727
453,-15.800000190734863,13.399999618530273,75.92161874997635
454,-15.800000190734863,13.300000190734863,57.858353502261025
455,-15.800000190734863,13.199999809265137,61.5006714143924
456,-15.800000190734863,13.100000381469727,54.19481940788944
457,-15.800000190734863,13.0,97.41162001763757
458,-15.800000190734863,12.899999618530273,84.53049149199933
459,-15.800000190734863,12.800000190734863,66.11157288739048
460,-15.800000190734863,12.699999809265137,63.46230356003866
461,-15.800000190734863,12.600000381469727,122.66325190940495
462,-15.800000190734863,12.5,67.33638395729042
463,-15.800000190734863,12.399999618530273,56.04138356188082
464,-15.800000190734863,12.300000190734863,66.81358442216163
465,-15.800000190734863,12.199999809265137,61.540844276282314
466,-15.800000190734863,12.100000381469727,48.466253720539044
467,-15.800000190734863,12.0,75.75405319857668
468,-15.699999809265137,14.5,31.33014460732994
469,-15.699999809265137,14.399999618530273,31.17381348041789
470,-15.699999809265137,14.300000190734863,34.717473855362925
471,-15.699999809265137,14.199999809265137,38.51098528753613
472,-15.699999809265137,14.100000381469727,40.85951809422903
473,-15.699999809265137,14.0,38.51623564595337
474,-15.699999809265137,13.899999618530273,39.15185707716364
475,-15.699999809265137,13.800000190734863,54.45155291569756
476,-15.699999809265137,13.699999809265137,110.17023940659124
477,-15.699999809265137,13.600000381469727,86.9461610307884
478,-15.699999809265137,13.5,127.849844543985
479,-15.699999809265137,13.399999618530273,78.76767874035545
480,-15.699999809265137,13.300000190734863,58.658257846657875
481,-15.699999809265137,13.199999809265137,65.8430707916749
482,-15.699999809265137,13.100000381469727,55.08721560385311
483,-15.699999809265137,13.0,112.11261368207136
484,-15.699999809265137,12.899999618530273,66.42487478289422
485,-15.699999809265137,12.800000190734863,65.175184185077
486,-15.699999809265137,12.699999809265137,62.62706662025016
487,-15.699999809265137,12.600000381469727,111.7094094828368
488,-15.699999809265137,12.5,69.53508441457359
489,-15.699999809265137,12.399999618530273,60.730341939174195
490,-15.699999809265137,12.300000190734863,79.50923488875662
491,-15.699999809265137,12.199999809265137,51.829047966564076
492,-15.699999809265137,12.100000381469727,46.707233894630804
493,-15.699999809265137,12.0,61.222897983454345
494,-15.600000381469727,14.5,33.24942793010388
495,-15.600000381469727,14.399999618530273,31.48639306670259
496,-15.600000381469727,14.300000190734863,34.25411997172375
497,-15.600000381469727,14.199999809265137,39.85607732642245
498,-15.600000381469727,14.100000381469727,40.97975950101238
499,-15.600000381469727,14.0,39.08656474856468
500,-15.600000381469727,13.899999618530273,46.42875551362215
501,-15.600000381469727,13.800000190734863,74.0417196156128
502,-15.600000381469727,13.699999809265137,62.21755347216765
503,-15.600000381469727,13.600000381469727,59.82785329612136
504,-15.600000381469727,13.5,157.27086674140276
505,-15.600000381469727,13.399999618530273,75.0067206963563
506,-15.600000381469727,13.300000190734863,62.94271875293657
507,-15.600000381469727,13.199999809265137,72.77669038687623
508,-15.600000381469727,13.100000381469727,65.07110506334664
509,-15.600000381469727,13.0,93.61146280527578
510,-15.600000381469727,12.899999618530273,58.97108008314217
511,-15.600000381469727,12.800000190734863,64.99618329761188
512,-15.600000381469727,12.699999809265137,66.45188639249477
513,-15.600000381469727,12.600000381469727,113.09847217846232
514,-15.600000381469727,12.5,91.15097149141991
515,-15.600000381469727,12.399999618530273,78.39890641828322
516,-15.600000381469727,12.300000190734863,66.72606262228305
517,-15.600000381469727,12.199999809265137,52.41420583434615
518,-15.600000381469727,12.100000381469727,53.972253762698074
519,-15.600000381469727,12.0,57.97478604413266
520,-15.5,14.5,35.14495329162804
521,-15.5,14.399999618530273,33.82974209571836
522,-15.5,14.300000190734863,35.24328645666151
523,-15.5,14.199999809265137,35.94895238494769
524,-15.5,14.100000381469727,40.18875196773871
525,-15.5,14.0,38.121651034246554
526,-15.5,13.899999618530273,43.564799421142766
527,-15.5,13.800000190734863,55.20193155308391
528,-15.5,13.699999809265137,57.18494687476266
529,-15.5,13.600000381469727,57.371886198047946
530,-15.5,13.5,92.00862349721115
531,-15.5,13.399999618530273,65.48347376502204
532,-15.5,13.300000190734863,67.83833125565752
533,-15.5,13.199999809265137,78.21332373359724
534,-15.5,13.100000381469727,66.23986711797579
535,-15.5,13.0,60.73301453176043
536,-15.5,12.899999618530273,56.51567297949009
537,-15.5,12.800000190734863,148.2476159654109
538,-15.5,12.699999809265137,114.20731594843312
539,-15.5,12.600000381469727,83.35163738608412
540,-15.5,12.5,78.79005459922007
541,-15.5,12.399999618530273,102.86599817751232
542,-15.5,12.300000190734863,78.63386390589164
543,-15.5,12.199999809265137,57.03833112041207
544,-15.5,12.100000381469727,67.72108627539524
545,-15.5,12.0,68.3723143001015
546,-15.399999618530273,14.5,34.028768130720664
547,-15.399999618530273,14.399999618530273,32.33488483792843
548,-15.399999618530273,14.300000190734863,37.61260780088173
549,-15.399999618530273,14.199999809265137,36.703530423070276
550,-15.399999618530273,14.100000381469727,40.25612215413031
551,-15.399999618530273,14.0,38.187622694203526
552,-15.399999618530273,13.899999618530273,46.64477259431533
553,-15.399999618530273,13.800000190734863,55.84385933763042
554,-15.399999618530273,13.699999809265137,61.64813108090698
555,-15.399999618530273,13.600000381469727,62.667762246835196
556,-15.399999618530273,13.5,80.32407249185508
557,-15.399999618530273,13.399999618530273,70.18727502782156
558,-15.399999618530273,13.300000190734863,64.740538891597
559,-15.399999618530273,13.199999809265137,85.20592637315667
560,-15.399999618530273,13.100000381469727,67.52258737625039
561,-15.399999618530273,13.0,61.5191949116346
562,-15.399999618530273,12.899999618530273,58.3300197773832
563,-15.399999618530273,12.800000190734863,107.01251589118237
564,-15.399999618530273,12.699999809265137,63.96072735085852
565,-15.399999618530273,12.600000381469727,83.27192149316011
566,-15.399999618530273,12.5,99.90328135986931
567,-15.399999618530273,12.399999618530273,130.59958462766974
568,-15.399999618530273,12.300000190734863,92.35000194335544
569,-15.399999618530273,12.199999809265137,74.53692392438495
570,-15.399999618530273,12.100000381469727,90.95466844712564
571,-15.399999618530273,12.0,98.10584228388063
572,-15.300000190734863,14.5,27.589784038607604
573,-15.300000190734863,14.399999618530273,33.19307263276545
574,-15.300000190734863,14.300000190734863,34.46838572571875
575,-15.300000190734863,14.199999809265137,34.75109275764828
576,-15.300000190734863,14.100000381469727,37.3349155801493
577,-15.300000190734863,14.0,47.06363246815425
578,-15.300000190734863,13.899999618530273,43.98715448586864
579,-15.300000190734863,13.800000190734863,47.862764580618204
580,-15.300000190734863,13.699999809265137,79.16006305467579
581,-15.300000190734863,13.600000381469727,64.31210397600887
582,-15.300000190734863,13.5,83.70162491415556
583,-15.300000190734863,13.399999618530273,72.2296434724168
584,-15.300000190734863,13.300000190734863,69.5510513862722
585,-15.300000190734863,13.199999809265137,83.94143169644474
586,-15.300000190734863,13.100000381469727,79.85261920853748
587,-15.300000190734863,13.0,69.80539828363442
588,-15.300000190734863,12.899999618530273,97.06741436816651
589,-15.300000190734863,12.800000190734863,60.443757237207706
590,-15.300000190734863,12.699999809265137,69.80049785252675
591,-15.300000190734863,12.600000381469727,89.78889080586043
592,-15.300000190734863,12.5,103.83308892821765
593,-15.300000190734863,12.399999618530273,135.77971854790076
594,-15.300000190734863,12.300000190734863,89.73078577223953
595,-15.300000190734863,12.199999809265137,77.18438907568145
596,-15.300000190734863,12.100000381469727,85.85946946419574
597,-15.300000190734863,12.0,103.71403836984007
598,-15.199999809265137,14.5,29.168540970601327
599,-15.199999809265137,14.399999618530273,29.280117803103792
600,-15.199999809265137,14.300000190734863,27.697519511621863
601,-15.199999809265137,14.199999809265137,33.97025214658453
602,-15.199999809265137,14.100000381469727,36.10068821954269
603,-15.199999809265137,14.0,45.45933973239676
604,-15.199999809265137,13.899999618530273,46.78437026787458
605,-15.199999809265137,13.800000190734863,44.33584254992343
606,-15.199999809265137,13.699999809265137,80.67263797890894
607,-15.199999809265137,13.600000381469727,54.314632154010724
608,-15.199999809265137,13.5,54.55251939381537
609,-15.199999809265137,13.399999618530273,65.82099946464189
610,-15.199999809265137,13.300000190734863,68.22796370609501
611,-15.199999809265137,13.199999809265137,80.78139657725637
612,-15.199999809265137,13.100000381469727,81.1573566309836
613,-15.199999809265137,13.0,81.30019353983084
614,-15.199999809265137,12.899999618530273,73.95183070110716
615,-15.199999809265137,12.800000190734863,74.82473163571126
616,-15.199999809265137,12.699999809265137,82.84710987088306
617,-15.199999809265137,12.600000381469727,96.96327360560508
618,-15.199999809265137,12.5,123.70149417048412
619,-15.199999809265137,12.399999618530273,122.38382368449322
620,-15.199999809265137,12.300000190734863,94.12970395179616
621,-15.199999809265137,12.199999809265137,74.59425122044263
622,-15.199999809265137,12.100000381469727,77.80043707323568
623,-15.199999809265137,12.0,77.78382599429017
624,-15.100000381469727,14.5,22.22047505251203
625,-15.100000381469727,14.399999618530273,23.36846548135304
626,-15.100000381469727,14.300000190734863,26.297348925309336
627,-15.100000381469727,14.199999809265137,31.381240737362646
628,-15.100000381469727,14.100000381469727,36.5560941936871
629,-15.100000381469727,14.0,42.10360445748671
630,-15.100000381469727,13.899999618530273,51.40641772926
631,-15.100000381469727,13.800000190734863,57.339771206534806
632,-15.100000381469727,13.699999809265137,71.56984360820888
633,-15.100000381469727,13.600000381469727,49.37266499573229
634,-15.100000381469727,13.5,56.214040512348106
635,-15.100000381469727,13.399999618530273,63.42493285671026
636,-15.100000381469727,13.300000190734863,67.30560128014258
637,-15.100000381469727,13.199999809265137,80.86010766294896
638,-15.100000381469727,13.100000381469727,81.08915473149034
639,-15.100000381469727,13.0,85.81017323569415
640,-15.100000381469727,12.899999618530273,92.36572884843952
641,-15.100000381469727,12.800000190734863,85.87625344882758
642,-15.100000381469727,12.699999809265137,93.24304827164156
643,-15.100000381469727,12.600000381469727,107.64445136602876
644,-15.100000381469727,12.5,93.29027456358779
645,-15.100000381469727,12.399999618530273,99.2680312878374
646,-15.100000381469727,12.300000190734863,88.39258587229017
647,-15.100000381469727,12.199999809265137,67.4545940966949
648,-15.100000381469727,12.100000381469727,62.633005967290956
649,-15.100000381469727,12.0,181.7295393431191
650,-15.0,14.5,22.240146208269834
651,-15.0,14.399999618530273,24.010875695660275
652,-15.0,14.300000190734863,26.841073593474903
653,-15.0,14.199999809265137,30.003094473605984
654,-15.0,14.100000381469727,36.977631823251954
655,-15.0,14.0,39.993138227756276
656,-15.0,13.899999618530273,43.893375129560525
657,-15.0,13.800000190734863,64.0211923796727
658,-15.0,13.699999809265137,64.11384300311704
659,-15.0,13.600000381469727,65.29602786725775
660,-15.0,13.5,55.75336338563318
661,-15.0,13.399999618530273,62.39503538871554
662,-15.0,13.300000190734863,64.1961488192444
663,-15.0,13.199999809265137,81.65423097448274
664,-15.0,13.100000381469727,81.11877544657955
665,-15.0,13.0,88.23213381849644
666,-15.0,12.899999618530273,97.00603984097143
667,-15.0,12.800000190734863,101.29320356269216
668,-15.0,12.699999809265137,115.396804053079
669,-15.0,12.600000381469727,119.99084425991725
670,-15.0,12.5,93.59529242364749
671,-15.0,12.399999618530273,81.90405814337487
672,-15.0,12.300000190734863,79.06496418733491
673,-15.0,12.199999809265137,64.32307755425757
674,-15.0,12.100000381469727,63.30700931765762
675,-15.0,12.0,284.9047664131149
676,-14.899999618530273,14.5,22.309474416933938
677,-14.899999618530273,14.399999618530273,23.54328934549278
678,-14.899999618530273,14.300000190734863,26.879401852374826
679,-14.899999618530273,14.199999809265137,29.489523512299343
680,-14.899999618530273,14.100000381469727,34.46137970462951
681,-14.899999618530273,14.0,40.15617535053099
682,-14.899999618530273,13.899999618530273,44.00628691278706
683,-14.899999618530273,13.800000190734863,53.42239873916742
684,-14.899999618530273,13.699999809265137,57.028388108205945
685,-14.899999618530273,13.600000381469727,77.25227333130726
686,-14.899999618530273,13.5,55.29657058220437
687,-14.899999618530273,13.399999618530273,57.541807082270566
688,-14.899999618530273,13.300000190734863,64.41920009443936
689,-14.899999618530273,13.199999809265137,74.84818748421105
690,-14.899999618530273,13.100000381469727,82.8997413171054
691,-14.899999618530273,13.0,91.34407000584224
692,-14.899999618530273,12.899999618530273,100.47679863063593
693,-14.899999618530273,12.800000190734863,104.98861013201861
694,-14.899999618530273,12.699999809265137,119.79199131007056
695,-14.899999618530273,12.600000381469727,128.92063274105794
696,-14.899999618530273,12.5,110.10185182029284
697,-14.899999618530273,12.399999618530273,89.76064055230972
698,-14.899999618530273,12.300000190734863,90.88536645831118
699,-14.899999618530273,12.199999809265137,91.88554157215856
700,-14.899999618530273,12.100000381469727,120.58645457878993
701,-14.899999618530273,12.0,87.94291413840097
702,-14.800000190734863,14.5,23.41553681150367
703,-14.800000190734863,14.399999618530273,23.43298060573312
704,-14.800000190734863,14.300000190734863,25.819081455445144
705,-14.800000190734863,14.199999809265137,30.039650666477996
706,-14.800000190734863,14.100000381469727,34.396203338571695
707,-14.800000190734863,14.0,40.15228625892399
708,-14.800000190734863,13.899999618530273,43.745624221247226
709,-14.800000190734863,13.800000190734863,45.24089913700959
710,-14.800000190734863,13.699999809265137,47.63726680699142
711,-14.800000190734863,13.600000381469727,49.55604834911344
712,-14.800000190734863,13.5,52.02894240568787
713,-14.800000190734863,13.399999618530273,54.73600955223981
714,-14.800000190734863,13.300000190734863,63.97648499987156
715,-14.800000190734863,13.199999809265137,74.39023531588873
716,-14.800000190734863,13.100000381469727,79.83634629803123
717,-14.800000190734863,13.0,88.78777039891668
718,-14.800000190734863,12.899999618530273,95.35016216727547
719,-14.800000190734863,12.800000190734863,101.52892311915366
720,-14.800000190734863,12.699999809265137,116.8209471700983
721,-14.800000190734863,12.600000381469727,125.78877763387402
722,-14.800000190734863,12.5,115.25951738101514
723,-14.800000190734863,12.399999618530273,94.25310714487136
724,-14.800000190734863,12.300000190734863,81.67624791205094
725,-14.800000190734863,12.199999809265137,90.38002473291965
726,-14.800000190734863,12.100000381469727,94.03076744828923
727,-14.800000190734863,12.0,55.71274061725421
728,-14.699999809265137,14.5,24.72793246063003
729,-14.699999809265137,14.399999618530273,22.748313564775913
730,-14.699999809265137,14.300000190734863,25.915181848814655
731,-14.699999809265137,14.199999809265137,29.718374604546966
732,-14.699999809265137,14.100000381469727,33.69289847823609
733,-14.699999809265137,14.0,38.70234936631459
734,-14.699999809265137,13.899999618530273,43.34120617236482
735,-14.699999809265137,13.800000190734863,41.03760175429363
736,-14.699999809265137,13.699999809265137,39.80671240351796
737,-14.699999809265137,13.600000381469727,41.292386866974425
738,-14.699999809265137,13.5,48.64423861683599
739,-14.699999809265137,13.399999618530273,56.5744233676802
740,-14.699999809265137,13.300000190734863,62.210678796171464
741,-14.699999809265137,13.199999809265137,72.84395753889123
742,-14.699999809265137,13.100000381469727,77.80756502001009
743,-14.699999809265137,13.0,83.29727715275953
744,-14.699999809265137,12.899999618530273,90.68212989044639
745,-14.699999809265137,12.800000190734863,97.70216499515038
746,-14.699999809265137,12.699999809265137,110.99284827333679
747,-14.699999809265137,12.600000381469727,121.82382670325251
748,-14.699999809265137,12.5,124.62437742042187
749,-14.699999809265137,12.399999618530273,87.13163014351426
750,-14.699999809265137,12.300000190734863,104.14503641353338
751,-14.699999809265137,12.199999809265137,118.82158639160184
752,-14.699999809265137,12.100000381469727,79.7603910319101
753,-14.699999809265137,12.0,53.05205887533657
754,-14.600000381469727,14.5,23.544921726705468
755,-14.600000381469727,14.399999618530273,23.966046078928798
756,-14.600000381469727,14.300000190734863,25.294241372421368
757,-14.600000381469727,14.199999809265137,28.643382554499738
758,-14.600000381469727,14.100000381469727,33.73963268418231
759,-14.600000381469727,14.0,38.47249437737253
760,-14.600000381469727,13.899999618530273,40.61469997629342
761,-14.600000381469727,13.800000190734863,40.02373915168937
762,-14.600000381469727,13.699999809265137,38.54489899132841
763,-14.600000381469727,13.600000381469727,43.86306928678414
764,-14.600000381469727,13.5,67.4546923841242
765,-14.600000381469727,13.399999618530273,52.961463736670225
766,-14.600000381469727,13.300000190734863,60.06445914007463
767,-14.600000381469727,13.199999809265137,71.09043382627135
768,-14.600000381469727,13.100000381469727,75.99518214058844
769,-14.600000381469727,13.0,80.77105472751305
770,-14.600000381469727,12.899999618530273,86.84565591557896
771,-14.600000381469727,12.800000190734863,96.42458634641537
772,-14.600000381469727,12.699999809265137,108.5780101370948
773,-14.600000381469727,12.600000381469727,118.80568305445786
774,-14.600000381469727,12.5,109.40230040540746
775,-14.600000381469727,12.399999618530273,102.15920952358692
776,-14.600000381469727,12.300000190734863,129.51765829686758
777,-14.600000381469727,12.199999809265137,103.74449979542544
778,-14.600000381469727,12.100000381469727,75.74120902328423
779,-14.600000381469727,12.0,56.93774281295589
780,-14.5,14.5,23.174238557123545
781,-14.5,14.399999618530273,22.415194422421564
782,-14.5,14.300000190734863,24.649631867357925
783,-14.5,14.199999809265137,29.245157225274625
784,-14.5,14.100000381469727,34.359723002895635
785,-14.5,14.0,34.21634331076706
786,-14.5,13.899999618530273,37.04278424443305
787,-14.5,13.800000190734863,37.23101852798163
788,-14.5,13.699999809265137,35.25656066989893
789,-14.5,13.600000381469727,39.418058947049076
790,-14.5,13.5,44.29865828966183
791,-14.5,13.399999618530273,47.676655803190556
792,-14.5,13.300000190734863,57.57623955937265
793,-14.5,13.199999809265137,68.2633224778267
794,-14.5,13.100000381469727,75.02841577062009
795,-14.5,13.0,79.57215754279537
796,-14.5,12.899999618530273,89.49073471259908
797,-14.5,12.800000190734863,100.03686920537973
798,-14.5,12.699999809265137,112.28106612197337
799,-14.5,12.600000381469727,123.189593361123
800,-14.5,12.5,110.25941416688374
801,-14.5,12.399999618530273,131.47370167882764
802,-14.5,12.300000190734863,150.9761963073363
803,-14.5,12.199999809265137,88.93039080342203
804,-14.5,12.100000381469727,62.88417131486301
805,-14.5,12.0,76.80917778685387
806,-14.399999618530273,14.5,23.240810612189648
807,-14.399999618530273,14.399999618530273,26.32424187657665
808,-14.399999618530273,14.300000190734863,23.307135698023103
809,-14.399999618530273,14.199999809265137,27.76197816463474
810,-14.399999618530273,14.100000381469727,32.55218002798347
811,-14.399999618530273,14.0,32.62331589588149
812,-14.399999618530273,13.899999618530273,36.504670644621854
813,-14.399999618530273,13.800000190734863,35.19025264825541
814,-14.399999618530273,13.699999809265137,35.752166762230786
815,-14.399999618530273,13.600000381469727,39.878042760412086
816,-14.399999618530273,13.5,42.51308036896762
817,-14.399999618530273,13.399999618530273,44.19344663734387
818,-14.399999618530273,13.300000190734863,52.032295766669336
819,-14.399999618530273,13.199999809265137,59.72694833857747
820,-14.399999618530273,13.100000381469727,72.52983531718905
821,-14.399999618530273,13.0,78.97755667958143
822,-14.399999618530273,12.899999618530273,88.96732920451655
823,-14.399999618530273,12.800000190734863,99.69472835156864
824,-14.399999618530273,12.699999809265137,112.1716620775876
825,-14.399999618530273,12.600000381469727,125.38135321649554
826,-14.399999618530273,12.5,134.43213894379517
827,-14.399999618530273,12.399999618530273,150.47968506630502
828,-14.399999618530273,12.300000190734863,158.5068842734397
829,-14.399999618530273,12.199999809265137,99.32602054965741
830,-14.399999618530273,12.100000381469727,73.00757016277635
831,-14.399999618530273,12.0,72.41562392614287
832,-14.300000190734863,14.5,25.09143795217915
833,-14.300000190734863,14.399999618530273,24.731671225035427
834,-14.300000190734863,14.300000190734863,23.684859391959776
835,-14.300000190734863,14.199999809265137,26.86688967963886
836,-14.300000190734863,14.100000381469727,31.622064743029057
837,-14.300000190734863,14.0,31.15264990838142
838,-14.300000190734863,13.899999618530273,32.562250440620346
839,-14.300000190734863,13.800000190734863,33.75223442760341
840,-14.300000190734863,13.699999809265137,35.52750323900966
841,-14.300000190734863,13.600000381469727,38.307861205709855
842,-14.300000190734863,13.5,40.568587503080266
843,-14.300000190734863,13.399999618530273,41.923511419624674
844,-14.300000190734863,13.300000190734863,45.80673632508103
845,-14.300000190734863,13.199999809265137,53.721261747411745
846,-14.300000190734863,13.100000381469727,63.85098084041829
847,-14.300000190734863,13.0,73.77452016653228
848,-14.300000190734863,12.899999618530273,85.55198013171685
849,-14.300000190734863,12.800000190734863,94.19474300586569
850,-14.300000190734863,12.699999809265137,105.17836785170334
851,-14.300000190734863,12.600000381469727,122.50727420233079
852,-14.300000190734863,12.5,137.04973416135078
853,-14.300000190734863,12.399999618530273,155.32255839477807
854,-14.300000190734863,12.300000190734863,160.29227552979648
855,-14.300000190734863,12.199999809265137,104.58721283798764
856,-14.300000190734863,12.100000381469727,86.07182287544697
857,-14.300000190734863,12.0,86.85395603086374
858,-14.199999809265137,14.5,27.752469904451175
859,-14.199999809265137,14.399999618530273,25.857191523315066
860,-14.199999809265137,14.300000190734863,24.522907579189223
861,-14.199999809265137,14.199999809265137,26.362213410593426
862,-14.199999809265137,14.100000381469727,31.45572744043426
863,-14.199999809265137,14.0,31.01928781663088
864,-14.199999809265137,13.899999618530273,30.25515042825225
865,-14.199999809265137,13.800000190734863,32.987973612198175
866,-14.199999809265137,13.699999809265137,34.980216731265614
867,-14.199999809265137,13.600000381469727,37.29462016621119
868,-14.199999809265137,13.5,38.44432485796358
869,-14.199999809265137,13.399999618530273,38.46373427265371
870,-14.199999809265137,13.300000190734863,42.816131907113345
871,-14.199999809265137,13.199999809265137,53.23722718323961
872,-14.199999809265137,13.100000381469727,60.79383358878772
873,-14.199999809265137,13.0,72.38913251907366
874,-14.199999809265137,12.899999618530273,83.80525932259297
875,-14.199999809265137,12.800000190734863,92.27867322504551
876,-14.199999809265137,12.699999809265137,104.91243564095066
877,-14.199999809265137,12.600000381469727,118.43543163177469
878,-14.199999809265137,12.5,126.802731545239
879,-14.199999809265137,12.399999618530273,144.08466563293894
880,-14.199999809265137,12.300000190734863,152.5435330068866
881,-14.199999809265137,12.199999809265137,104.05352105718612
882,-14.199999809265137,12.100000381469727,99.78835684766011
883,-14.199999809265137,12.0,106.08901791865333
884,-14.100000381469727,14.5,29.149757411422797
885,-14.100000381469727,14.399999618530273,32.420993016861644
886,-14.100000381469727,14.300000190734863,27.018202082297478
887,-14.100000381469727,14.199999809265137,26.713264673944025
888,-14.100000381469727,14.100000381469727,32.010220829214575
889,-14.100000381469727,14.0,31.22241296035935
890,-14.100000381469727,13.899999618530273,29.68467595457099
891,-14.100000381469727,13.800000190734863,30.868035722448212
892,-14.100000381469727,13.699999809265137,33.549953394330714
893,-14.100000381469727,13.600000381469727,35.430491315556196
894,-14.100000381469727,13.5,35.0820712769148
895,-14.100000381469727,13.399999618530273,35.26919356752228
896,-14.100000381469727,13.300000190734863,44.66081616862027
897,-14.100000381469727,13.199999809265137,57.47933131339346
898,-14.100000381469727,13.100000381469727,60.15793056185714
899,-14.100000381469727,13.0,72.03055911619776
900,-14.100000381469727,12.899999618530273,99.38271952685375
901,-14.100000381469727,12.800000190734863,89.08865725791566
902,-14.100000381469727,12.699999809265137,99.87536359876549
903,-14.100000381469727,12.600000381469727,112.74025546639223
904,-14.100000381469727,12.5,123.98183099019843
905,-14.100000381469727,12.399999618530273,141.4451159332201
906,-14.100000381469727,12.300000190734863,147.1227148409671
907,-14.100000381469727,12.199999809265137,122.58649553252178
908,-14.100000381469727,12.100000381469727,113.35956461165551
909,-14.100000381469727,12.0,116.73273461852284
910,-14.0,14.5,32.036724548105724
911,-14.0,14.399999618530273,36.555735884962644
912,-14.0,14.300000190734863,27.89352274781288
913,-14.0,14.199999809265137,27.90956664971435
914,-14.0,14.100000381469727,31.447931562683266
915,-14.0,14.0,31.136927805054825
916,-14.0,13.899999618530273,29.30216093103371
917,-14.0,13.800000190734863,31.65412896905343
918,-14.0,13.699999809265137,33.565326631421385
919,-14.0,13.600000381469727,34.021245496314805
920,-14.0,13.5,34.116407176660005
921,-14.0,13.399999618530273,34.56192961495174
922,-14.0,13.300000190734863,43.625405342906674
923,-14.0,13.199999809265137,56.011447297547306
924,-14.0,13.100000381469727,60.89734638729681
925,-14.0,13.0,71.3743539752868
926,-14.0,12.899999618530273,92.46729301268238
927,-14.0,12.800000190734863,88.39818731076468
928,-14.0,12.699999809265137,95.58936218999497
929,-14.0,12.600000381469727,106.25554135921493
930,-14.0,12.5,108.55354232495222
931,-14.0,12.399999618530273,128.16375260853124
932,-14.0,12.300000190734863,138.74252246736353
933,-14.0,12.199999809265137,108.45012211927462
934,-14.0,12.100000381469727,125.1420305930335
935,-14.0,12.0,116.72678358964242
936,-13.899999618530273,14.5,31.510559382937515
937,-13.899999618530273,14.399999618530273,32.460619373639815
938,-13.899999618530273,14.300000190734863,25.646897560142918
939,-13.899999618530273,14.199999809265137,26.483207171686047
940,-13.899999618530273,14.100000381469727,31.37815481529941
941,-13.899999618530273,14.0,31.066673522373492
942,-13.899999618530273,13.899999618530273,29.381893434842198
943,-13.899999618530273,13.800000190734863,30.53781801569903
944,-13.899999618530273,13.699999809265137,32.987851424652376
945,-13.899999618530273,13.600000381469727,32.93225478040222
946,-13.899999618530273,13.5,32.64177764375381
947,-13.899999618530273,13.399999618530273,34.76453348500684
948,-13.899999618530273,13.300000190734863,43.59708627996599
949,-13.899999618530273,13.199999809265137,58.4375625769386
950,-13.899999618530273,13.100000381469727,63.692842454295146
951,-13.899999618530273,13.0,72.31944319590707
952,-13.899999618530273,12.899999618530273,82.53585784120742
953,-13.899999618530273,12.800000190734863,90.86671718552395
954,-13.899999618530273,12.699999809265137,98.63589526329008
955,-13.899999618530273,12.600000381469727,99.5457637327089
956,-13.899999618530273,12.5,104.10722044133774
957,-13.899999618530273,12.399999618530273,129.13959477005983
958,-13.899999618530273,12.300000190734863,133.4278677753864
959,-13.899999618530273,12.199999809265137,112.74206685706065
960,-13.899999618530273,12.100000381469727,123.89382881740073
961,-13.899999618530273,12.0,117.05269696273058
962,-13.800000190734863,14.5,30.81474464343745
963,-13.800000190734863,14.399999618530273,29.01696433383802
964,-13.800000190734863,14.300000190734863,24.26198822064339
965,-13.800000190734863,14.199999809265137,26.65968511508879
966,-13.800000190734863,14.100000381469727,31.274557555284275
967,-13.800000190734863,14.0,31.029446672811787
968,-13.800000190734863,13.899999618530273,29.510480958009396
969,-13.800000190734863,13.800000190734863,29.814564260076622
970,-13.800000190734863,13.699999809265137,31.702676910337345
971,-13.800000190734863,13.600000381469727,32.15591092749628
972,-13.800000190734863,13.5,32.172271478462335
973,-13.800000190734863,13.399999618530273,33.05424779706641
974,-13.800000190734863,13.300000190734863,43.947816832332364
975,-13.800000190734863,13.199999809265137,58.621075030725365
976,-13.800000190734863,13.100000381469727,64.16751270860436
977,-13.800000190734863,13.0,71.681555612681
978,-13.800000190734863,12.899999618530273,80.83341284662572
979,-13.800000190734863,12.800000190734863,87.90519315529048
980,-13.800000190734863,12.699999809265137,98.5633171552389
981,-13.800000190734863,12.600000381469727,103.45022165748969
982,-13.800000190734863,12.5,111.68863010730547
983,-13.800000190734863,12.399999618530273,127.38272041535436
984,-13.800000190734863,12.300000190734863,127.10234484923899
985,-13.800000190734863,12.199999809265137,104.37697591694393
986,-13.800000190734863,12.100000381469727,126.85176707325047
987,-13.800000190734863,12.0,125.63605135411683
988,-13.699999809265137,14.5,26.87524746975771
989,-13.699999809265137,14.399999618530273,28.26902194497046
990,-13.699999809265137,14.300000190734863,25.760338383421356
991,-13.699999809265137,14.199999809265137,28.254570683397503
992,-13.699999809265137,14.100000381469727,32.17426188735499
993,-13.699999809265137,14.0,31.28922152908018
994,-13.699999809265137,13.899999618530273,30.20946709848198
995,-13.699999809265137,13.800000190734863,30.029004079235733
996,-13.699999809265137,13.699999809265137,30.35700967762216
997,-13.699999809265137,13.600000381469727,31.802549054715655
998,-13.699999809265137,13.5,33.483332110389256
999,-13.699999809265137,13.399999618530273,35.44631295809688
1000,-13.699999809265137,13.300000190734863,44.87093926869761
1001,-13.699999809265137,13.199999809265137,61.467952251137376
1002,-13.699999809265137,13.100000381469727,67.32255238419668
1003,-13.699999809265137,13.0,70.19971172360658
1004,-13.699999809265137,12.899999618530273,77.88151465377223
1005,-13.699999809265137,12.800000190734863,85.75718499131096
1006,-13.699999809265137,12.699999809265137,94.03619561283949
1007,-13.699999809265137,12.600000381469727,101.41324588995371
1008,-13.699999809265137,12.5,110.41543782166298
1009,-13.699999809265137,12.399999618530273,125.52277062994688
1010,-13.699999809265137,12.300000190734863,114.57076237203262
1011,-13.699999809265137,12.199999809265137,114.97068427172064
1012,-13.699999809265137,12.100000381469727,128.14966136407736
1013,-13.699999809265137,12.0,126.85867848889347
1014,-13.600000381469727,14.5,24.327498002721768
1015,-13.600000381469727,14.399999618530273,28.17286262583815
1016,-13.600000381469727,14.300000190734863,24.75651031413628
1017,-13.600000381469727,14.199999809265137,26.67765723040884
1018,-13.600000381469727,14.100000381469727,29.868730752282886
1019,-13.600000381469727,14.0,31.44229190750991
1020,-13.600000381469727,13.899999618530273,30.39986449493216
1021,-13.600000381469727,13.800000190734863,30.46827391125464
1022,-13.600000381469727,13.699999809265137,31.195032407981103
1023,-13.600000381469727,13.600000381469727,32.19748399636569
1024,-13.600000381469727,13.5,34.973462872067785
1025,-13.600000381469727,13.399999618530273,38.60463271727235
1026,-13.600000381469727,13.300000190734863,49.24038072728354
1027,-13.600000381469727,13.199999809265137,61.21141949584057
1028,-13.600000381469727,13.100000381469727,59.49162849669597
1029,-13.600000381469727,13.0,63.716329611476226
1030,-13.600000381469727,12.899999618530273,71.46095999308545
1031,-13.600000381469727,12.800000190734863,78.76657270470275
1032,-13.600000381469727,12.699999809265137,85.1918511453257
1033,-13.600000381469727,12.600000381469727,93.22201984121943
1034,-13.600000381469727,12.5,107.71769419905172
1035,-13.600000381469727,12.399999618530273,122.4355527595917
1036,-13.600000381469727,12.300000190734863,114.38906183243091
1037,-13.600000381469727,12.199999809265137,121.7159904518669
1038,-13.600000381469727,12.100000381469727,111.65393334659495
1039,-13.600000381469727,12.0,95.39944275918799
1040,-13.5,14.5,19.234618934245077
1041,-13.5,14.399999618530273,21.5407408791973
1042,-13.5,14.300000190734863,21.981745141801298
1043,-13.5,14.199999809265137,23.217361768817113
1044,-13.5,14.100000381469727,25.453012013840464
1045,-13.5,14.0,28.707328536994396
1046,-13.5,13.899999618530273,30.197090811071746
1047,-13.5,13.800000190734863,30.5074660862806
1048,-13.5,13.699999809265137,32.54399861789011
1049,-13.5,13.600000381469727,32.925909987928094
1050,-13.5,13.5,34.30526372347833
1051,-13.5,13.399999618530273,35.66426655360192
1052,-13.5,13.300000190734863,47.86250469748563
1053,-13.5,13.199999809265137,59.72629404279667
1054,-13.5,13.100000381469727,55.364018151614914
1055,-13.5,13.0,56.68152041275448
1056,-13.5,12.899999618530273,59.27334075918134
1057,-13.5,12.800000190734863,66.47866198092561
1058,-13.5,12.699999809265137,70.81486940472166
1059,-13.5,12.600000381469727,82.96896528913146
1060,-13.5,12.5,102.42659656625676
1061,-13.5,12.399999618530273,111.27382546163778
1062,-13.5,12.300000190734863,123.33346601531161
1063,-13.5,12.199999809265137,128.2386356402875
1064,-13.5,12.100000381469727,106.04304779949075
1065,-13.5,12.0,67.76217363579974
1066,-13.399999618530273,14.5,19.619946202023698
1067,-13.399999618530273,14.399999618530273,20.531250706913454
1068,-13.399999618530273,14.300000190734863,21.115125605622268
1069,-13.399999618530273,14.199999809265137,20.919211870468075
1070,-13.399999618530273,14.100000381469727,22.951748577433875
1071,-13.399999618530273,14.0,25.83218682127432
1072,-13.399999618530273,13.899999618530273,30.882211230396763
1073,-13.399999618530273,13.800000190734863,35.256533697478176
1074,-13.399999618530273,13.699999809265137,34.70085207549846
1075,-13.399999618530273,13.600000381469727,34.58948834157786
1076,-13.399999618530273,13.5,35.38622432775833
1077,-13.399999618530273,13.399999618530273,35.26488622632121
1078,-13.399999618530273,13.300000190734863,41.46422066000525
1079,-13.399999618530273,13.199999809265137,51.85530984308093
1080,-13.399999618530273,13.100000381469727,50.20233907913587
1081,-13.399999618530273,13.0,55.36293385353122
1082,-13.399999618530273,12.899999618530273,61.859091943020985
1083,-13.399999618530273,12.800000190734863,67.26122704955208
1084,-13.399999618530273,12.699999809265137,68.03881803135323
1085,-13.399999618530273,12.600000381469727,85.06923697234481
1086,-13.399999618530273,12.5,101.5408739790605
1087,-13.399999618530273,12.399999618530273,113.27846053677138
1088,-13.399999618530273,12.300000190734863,126.37755256977164
1089,-13.399999618530273,12.199999809265137,123.15400134682204
1090,-13.399999618530273,12.100000381469727,109.80222457775494
1091,-13.399999618530273,12.0,89.78572541796973
1092,-13.300000190734863,14.5,18.456255304096942
1093,-13.300000190734863,14.399999618530273,19.461864630640548
1094,-13.300000190734863,14.300000190734863,18.696812131058266
1095,-13.300000190734863,14.199999809265137,18.891789596423337
1096,-13.300000190734863,14.100000381469727,21.1089704054541
1097,-13.300000190734863,14.0,24.354787093386676
1098,-13.300000190734863,13.899999618530273,30.304064125970854
1099,-13.300000190734863,13.800000190734863,36.206657746446695
1100,-13.300000190734863,13.699999809265137,37.36232824044566
1101,-13.300000190734863,13.600000381469727,36.27023774077156
1102,-13.300000190734863,13.5,36.37546763142075
1103,-13.300000190734863,13.399999618530273,37.69524970130203
1104,-13.300000190734863,13.300000190734863,38.79102284923192
1105,-13.300000190734863,13.199999809265137,46.16422841625865
1106,-13.300000190734863,13.100000381469727,45.29276404362656
1107,-13.300000190734863,13.0,52.22092460528552
1108,-13.300000190734863,12.899999618530273,58.23332638700049
1109,-13.300000190734863,12.800000190734863,64.81396848542954
1110,-13.300000190734863,12.699999809265137,72.72949777067913
1111,-13.300000190734863,12.600000381469727,88.57351437539444
1112,-13.300000190734863,12.5,97.90100228682763
1113,-13.300000190734863,12.399999618530273,113.86945193308838
1114,-13.300000190734863,12.300000190734863,129.68516165198002
1115,-13.300000190734863,12.199999809265137,123.98327712773778
1116,-13.300000190734863,12.100000381469727,109.49826745652047
1117,-13.300000190734863,12.0,94.61122795519248
1118,-13.199999809265137,14.5,18.265744693659656
1119,-13.199999809265137,14.399999618530273,17.83434802352855
1120,-13.199999809265137,14.300000190734863,17.549473652813504
1121,-13.199999809265137,14.199999809265137,17.293216117485485
1122,-13.199999809265137,14.100000381469727,18.703462307183543
1123,-13.199999809265137,14.0,24.42929437737024
1124,-13.199999809265137,13.899999618530273,29.778965145198242
1125,-13.199999809265137,13.800000190734863,33.234368871923266
1126,-13.199999809265137,13.699999809265137,36.51200207473789
1127,-13.199999809265137,13.600000381469727,37.64143202644516
1128,-13.199999809265137,13.5,37.54700151862107
1129,-13.199999809265137,13.399999618530273,39.085605323629125
1130,-13.199999809265137,13.300000190734863,42.8659900785816
1131,-13.199999809265137,13.199999809265137,46.691837001533145
1132,-13.199999809265137,13.100000381469727,46.92271553124533
1133,-13.199999809265137,13.0,50.9023549576259
1134,-13.199999809265137,12.899999618530273,56.89172117430496
1135,-13.199999809265137,12.800000190734863,62.52128488681501
1136,-13.199999809265137,12.699999809265137,75.51085338867313
1137,-13.199999809265137,12.600000381469727,88.00870995140997
1138,-13.199999809265137,12.5,97.90458916687737
1139,-13.199999809265137,12.399999618530273,113.39652570090823
1140,-13.199999809265137,12.300000190734863,127.0063516904803
1141,-13.199999809265137,12.199999809265137,119.69530836655213
1142,-13.199999809265137,12.100000381469727,121.33511523437278
1143,-13.199999809265137,12.0,82.62719328614094
1144,-13.100000381469727,14.5,20.84829239322994
1145,-13.100000381469727,14.399999618530273,20.115520410783347
1146,-13.100000381469727,14.300000190734863,19.340316765533146
1147,-13.100000381469727,14.199999809265137,18.7711004894893
1148,-13.100000381469727,14.100000381469727,21.312140144405646
1149,-13.100000381469727,14.0,26.621819646357096
1150,-13.100000381469727,13.899999618530273,30.387872846907328
1151,-13.100000381469727,13.800000190734863,33.18775837629016
1152,-13.100000381469727,13.699999809265137,36.629476831239344
1153,-13.100000381469727,13.600000381469727,38.44770902886694
1154,-13.100000381469727,13.5,38.30242583700681
1155,-13.100000381469727,13.399999618530273,42.1769102041477
1156,-13.100000381469727,13.300000190734863,46.92272582990972
1157,-13.100000381469727,13.199999809265137,48.90542697393835
1158,-13.100000381469727,13.100000381469727,48.461188856657145
1159,-13.100000381469727,13.0,52.94109873177126
1160,-13.100000381469727,12.899999618530273,60.81548947608985
1161,-13.100000381469727,12.800000190734863,67.44785327357363
1162,-13.100000381469727,12.699999809265137,76.19558461091526
1163,-13.100000381469727,12.600000381469727,86.2050887228587
1164,-13.100000381469727,12.5,94.97834860248372
1165,-13.100000381469727,12.399999618530273,105.49968144316097
1166,-13.100000381469727,12.300000190734863,118.7592099126017
1167,-13.100000381469727,12.199999809265137,118.51838229774228
1168,-13.100000381469727,12.100000381469727,99.32387543162497
1169,-13.100000381469727,12.0,98.53388848400357
1170,-13.0,14.5,21.362872552820193
1171,-13.0,14.399999618530273,19.67819097842704
1172,-13.0,14.300000190734863,20.5988173709826
1173,-13.0,14.199999809265137,21.172886767174475
1174,-13.0,14.100000381469727,23.40084345611382
1175,-13.0,14.0,28.20958409246606
1176,-13.0,13.899999618530273,30.310816026392388
1177,-13.0,13.800000190734863,33.190788908636705
1178,-13.0,13.699999809265137,36.42096239098919
1179,-13.0,13.600000381469727,38.484608132875564
1180,-13.0,13.5,39.289223742786135
1181,-13.0,13.399999618530273,44.59840199156895
1182,-13.0,13.300000190734863,48.29550330769962
1183,-13.0,13.199999809265137,50.003952358018296
1184,-13.0,13.100000381469727,48.90355759226202
1185,-13.0,13.0,54.168893587531215
1186,-13.0,12.899999618530273,64.0371419806039
1187,-13.0,12.800000190734863,70.54973817242762
1188,-13.0,12.699999809265137,75.94991217436666
1189,-13.0,12.600000381469727,80.28696047780204
1190,-13.0,12.5,84.23332466957618
1191,-13.0,12.399999618530273,93.40675787094995
1192,-13.0,12.300000190734863,96.99879612870734
1193,-13.0,12.199999809265137,80.37104275537286
1194,-13.0,12.100000381469727,79.52146785528896
1195,-13.0,12.0,105.59697769622642
1196,-12.899999618530273,14.5,20.871155788933777
1197,-12.899999618530273,14.399999618530273,19.650297278801588
1198,-12.899999618530273,14.300000190734863,20.994674307063974
1199,-12.899999618530273,14.199999809265137,23.665888991431245
1200,-12.899999618530273,14.100000381469727,26.59141854133844
1201,-12.899999618530273,14.0,29.64131722758333
1202,-12.899999618530273,13.899999618530273,31.465637403085225
1203,-12.899999618530273,13.800000190734863,34.078976796839754
1204,-12.899999618530273,13.699999809265137,37.29833995703473
1205,-12.899999618530273,13.600000381469727,39.54481755793029
1206,-12.899999618530273,13.5,40.46902041810131
1207,-12.899999618530273,13.399999618530273,45.414620721419624
1208,-12.899999618530273,13.300000190734863,48.985349729660356
1209,-12.899999618530273,13.199999809265137,50.670893693715925
1210,-12.899999618530273,13.100000381469727,49.71767950547496
1211,-12.899999618530273,13.0,55.15831470344733
1212,-12.899999618530273,12.899999618530273,64.90557405707807
1213,-12.899999618530273,12.800000190734863,71.76475859263962
1214,-12.899999618530273,12.699999809265137,73.86632958445614
1215,-12.899999618530273,12.600000381469727,72.43072700802395
1216,-12.899999618530273,12.5,73.45159587109072
1217,-12.899999618530273,12.399999618530273,88.48533490650118
1218,-12.899999618530273,12.300000190734863,92.70235684104068
1219,-12.899999618530273,12.199999809265137,83.91403747284153
1220,-12.899999618530273,12.100000381469727,74.3937282725966
1221,-12.899999618530273,12.0,79.72998687615984
1222,-12.800000190734863,14.5,20.52877891921264
1223,-12.800000190734863,14.399999618530273,21.801817087217103
1224,-12.800000190734863,14.300000190734863,23.56950869555169
1225,-12.800000190734863,14.199999809265137,25.513402329552036
1226,-12.800000190734863,14.100000381469727,29.87242295029978
1227,-12.800000190734863,14.0,32.96719210711086
1228,-12.800000190734863,13.899999618530273,35.364078597851915
1229,-12.800000190734863,13.800000190734863,38.14557763368282
1230,-12.800000190734863,13.699999809265137,40.20063181803391
1231,-12.800000190734863,13.600000381469727,41.69626772775689
1232,-12.800000190734863,13.5,42.2787310947532
1233,-12.800000190734863,13.399999618530273,46.78266277519208
1234,-12.800000190734863,13.300000190734863,49.68581137425042
1235,-12.800000190734863,13.199999809265137,52.26330070040524
1236,-12.800000190734863,13.100000381469727,51.48405462521316
1237,-12.800000190734863,13.0,56.82273282280437
1238,-12.800000190734863,12.899999618530273,65.18625577415526
1239,-12.800000190734863,12.800000190734863,69.84499830112645
1240,-12.800000190734863,12.699999809265137,70.35603549570908
1241,-12.800000190734863,12.600000381469727,65.83451118334472
1242,-12.800000190734863,12.5,66.19451246361791
1243,-12.800000190734863,12.399999618530273,93.4926872670253
1244,-12.800000190734863,12.300000190734863,118.98359001265726
1245,-12.800000190734863,12.199999809265137,106.26028350421052
1246,-12.800000190734863,12.100000381469727,91.7056915321482
1247,-12.800000190734863,12.0,85.4024043966175
1248,-12.699999809265137,14.5,20.00009952466496
1249,-12.699999809265137,14.399999618530273,21.785163551831943
1250,-12.699999809265137,14.300000190734863,23.96694111500517
1251,-12.699999809265137,14.199999809265137,26.8905724151698
1252,-12.699999809265137,14.100000381469727,30.387479004016768
1253,-12.699999809265137,14.0,32.86716013355266
1254,-12.699999809265137,13.899999618530273,36.1276705278658
1255,-12.699999809265137,13.800000190734863,38.56532058752612
1256,-12.699999809265137,13.699999809265137,40.57632559652666
1257,-12.699999809265137,13.600000381469727,41.62500746091973
1258,-12.699999809265137,13.5,43.25938662166368
1259,-12.699999809265137,13.399999618530273,46.2701745968061
1260,-12.699999809265137,13.300000190734863,49.677898047653684
1261,-12.699999809265137,13.199999809265137,52.77176026222344
1262,-12.699999809265137,13.100000381469727,53.20799883039581
1263,-12.699999809265137,13.0,57.25970190386181
1264,-12.699999809265137,12.899999618530273,63.44670572562279
1265,-12.699999809265137,12.800000190734863,66.72783823783755
1266,-12.699999809265137,12.699999809265137,64.0433659688706
1267,-12.699999809265137,12.600000381469727,57.63454659106651
1268,-12.699999809265137,12.5,59.85131560811533
1269,-12.699999809265137,12.399999618530273,97.89228447406504
1270,-12.699999809265137,12.300000190734863,120.67304834646984
1271,-12.699999809265137,12.199999809265137,138.6528064351296
1272,-12.699999809265137,12.100000381469727,142.15884298331252
1273,-12.699999809265137,12.0,128.18844946602553
1274,-12.600000381469727,14.5,20.052989820663925
1275,-12.600000381469727,14.399999618530273,21.3223088536339
1276,-12.600000381469727,14.300000190734863,24.448932044870276
1277,-12.600000381469727,14.199999809265137,27.685621049246322
1278,-12.600000381469727,14.100000381469727,28.85302607971454
1279,-12.600000381469727,14.0,31.436064021542734
1280,-12.600000381469727,13.899999618530273,34.12083579377571
1281,-12.600000381469727,13.800000190734863,36.46739140482168
1282,-12.600000381469727,13.699999809265137,37.652719899307385
1283,-12.600000381469727,13.600000381469727,38.803834329428696
1284,-12.600000381469727,13.5,42.366917587025
1285,-12.600000381469727,13.399999618530273,46.383266045865525
1286,-12.600000381469727,13.300000190734863,50.604252828762924
1287,-12.600000381469727,13.199999809265137,54.02553691368337
1288,-12.600000381469727,13.100000381469727,55.03919188908105
1289,-12.600000381469727,13.0,59.100657215403885
1290,-12.600000381469727,12.899999618530273,65.27290865394173
1291,-12.600000381469727,12.800000190734863,67.18664635284472
1292,-12.600000381469727,12.699999809265137,62.46871809668744
1293,-12.600000381469727,12.600000381469727,58.67591429719687
1294,-12.600000381469727,12.5,58.830064992845905
1295,-12.600000381469727,12.399999618530273,103.09692817183941
1296,-12.600000381469727,12.300000190734863,116.70148502004838
1297,-12.600000381469727,12.199999809265137,128.03567460084957
1298,-12.600000381469727,12.100000381469727,123.17121095696439
1299,-12.600000381469727,12.0,117.65577453396975
1300,-12.5,14.5,19.054543497657676
1301,-12.5,14.399999618530273,22.888428296462052
1302,-12.5,14.300000190734863,24.937471584384127
1303,-12.5,14.199999809265137,25.71632422664686
1304,-12.5,14.100000381469727,27.640524542611104
1305,-12.5,14.0,29.86630579026962
1306,-12.5,13.899999618530273,31.80551794828483
1307,-12.5,13.800000190734863,33.48240944910344
1308,-12.5,13.699999809265137,35.13199352230947
1309,-12.5,13.600000381469727,36.57384905771153
1310,-12.5,13.5,40.24830352958645
1311,-12.5,13.399999618530273,47.285772532829924
1312,-12.5,13.300000190734863,51.62286711431682
1313,-12.5,13.199999809265137,55.99880361665464
1314,-12.5,13.100000381469727,57.60754173099417
1315,-12.5,13.0,61.925027454006795
1316,-12.5,12.899999618530273,68.33138737813874
1317,-12.5,12.800000190734863,66.17632728571527
1318,-12.5,12.699999809265137,64.09166333328471
1319,-12.5,12.600000381469727,60.69300077479886
1320,-12.5,12.5,67.20323364901617
1321,-12.5,12.399999618530273,112.9067554675321
1322,-12.5,12.300000190734863,142.09763995809044
1323,-12.5,12.199999809265137,113.87652123935004
1324,-12.5,12.100000381469727,74.75758712012077
1325,-12.5,12.0,77.60645495402389
1326,-12.399999618530273,14.5,21.21853612166359
1327,-12.399999618530273,14.399999618530273,23.89578189400038
1328,-12.399999618530273,14.300000190734863,24.19652702271958
1329,-12.399999618530273,14.199999809265137,24.589154592176442
1330,-12.399999618530273,14.100000381469727,26.4762541011018
1331,-12.399999618530273,14.0,27.445139861298514
1332,-12.399999618530273,13.899999618530273,29.02079102893026
1333,-12.399999618530273,13.800000190734863,31.006345407996832
1334,-12.399999618530273,13.699999809265137,33.14353741267735
1335,-12.399999618530273,13.600000381469727,34.546256053748834
1336,-12.399999618530273,13.5,39.30434856564034
1337,-12.399999618530273,13.399999618530273,46.22785435344997
1338,-12.399999618530273,13.300000190734863,51.82858703725617
1339,-12.399999618530273,13.199999809265137,56.860118002436025
1340,-12.399999618530273,13.100000381469727,58.97802264170366
1341,-12.399999618530273,13.0,64.3396211177103
1342,-12.399999618530273,12.899999618530273,68.36931506976578
1343,-12.399999618530273,12.800000190734863,68.50959909403787
1344,-12.399999618530273,12.699999809265137,66.9436697734717
1345,-12.399999618530273,12.600000381469727,65.11403727636934
1346,-12.399999618530273,12.5,79.65730694080094
1347,-12.399999618530273,12.399999618530273,121.66097381777274
1348,-12.399999618530273,12.300000190734863,129.45919700317586
1349,-12.399999618530273,12.199999809265137,95.01227623993395
1350,-12.399999618530273,12.100000381469727,79.38578702253892
1351,-12.399999618530273,12.0,78.37715295586179
1352,-12.300000190734863,14.5,20.378836001415266
1353,-12.300000190734863,14.399999618530273,20.70798137088724
1354,-12.300000190734863,14.300000190734863,21.31797027278708
1355,-12.300000190734863,14.199999809265137,22.929691690353536
1356,-12.300000190734863,14.100000381469727,24.480267621119594
1357,-12.300000190734863,14.0,25.454819345709666
1358,-12.300000190734863,13.899999618530273,26.631923658280186
1359,-12.300000190734863,13.800000190734863,29.543721143690277
1360,-12.300000190734863,13.699999809265137,32.13382878539096
1361,-12.300000190734863,13.600000381469727,34.12472242028605
1362,-12.300000190734863,13.5,38.48031157865205
1363,-12.300000190734863,13.399999618530273,45.40831494993074
1364,-12.300000190734863,13.300000190734863,51.968417219157345
1365,-12.300000190734863,13.199999809265137,58.30708182368642
1366,-12.300000190734863,13.100000381469727,63.11872693247972
1367,-12.300000190734863,13.0,69.25259722674195
1368,-12.300000190734863,12.899999618530273,70.39338399845371
1369,-12.300000190734863,12.800000190734863,76.24468935179493
1370,-12.300000190734863,12.699999809265137,77.2735370548155
1371,-12.300000190734863,12.600000381469727,75.89013101794205
1372,-12.300000190734863,12.5,81.99956289773695
1373,-12.300000190734863,12.399999618530273,117.73728751613862
1374,-12.300000190734863,12.300000190734863,139.43929122266047
1375,-12.300000190734863,12.199999809265137,118.10045010412591
1376,-12.300000190734863,12.100000381469727,85.82287175751696
1377,-12.300000190734863,12.0,82.90512380530527
1378,-12.199999809265137,14.5,21.819596302348486
1379,-12.199999809265137,14.399999618530273,22.969771309865735
1380,-12.199999809265137,14.300000190734863,26.85585922032294
1381,-12.199999809265137,14.199999809265137,21.853010580336672
1382,-12.199999809265137,14.100000381469727,23.665713300902837
1383,-12.199999809265137,14.0,24.42514597342671
1384,-12.199999809265137,13.899999618530273,25.216985610682343
1385,-12.199999809265137,13.800000190734863,27.93547795645759
1386,-12.199999809265137,13.699999809265137,30.707370878111533
1387,-12.199999809265137,13.600000381469727,32.97173292602383
1388,-12.199999809265137,13.5,36.388941492858635
1389,-12.199999809265137,13.399999618530273,42.9273999296214
1390,-12.199999809265137,13.300000190734863,50.39132179260787
1391,-12.199999809265137,13.199999809265137,58.83211178019269
1392,-12.199999809265137,13.100000381469727,67.5178623618284
1393,-12.199999809265137,13.0,75.03484447563983
1394,-12.199999809265137,12.899999618530273,78.07992055977763
1395,-12.199999809265137,12.800000190734863,80.19421118417927
1396,-12.199999809265137,12.699999809265137,80.76073261966826
1397,-12.199999809265137,12.600000381469727,82.61765086008063
1398,-12.199999809265137,12.5,83.64044524013855
1399,-12.199999809265137,12.399999618530273,99.33034035614196
1400,-12.199999809265137,12.300000190734863,113.47094800276841
1401,-12.199999809265137,12.199999809265137,123.18650100216814
1402,-12.199999809265137,12.100000381469727,104.07217184454089
1403,-12.199999809265137,12.0,115.76452991334475
1404,-12.100000381469727,14.5,22.95420856846232
1405,-12.100000381469727,14.399999618530273,25.129927050841673
1406,-12.100000381469727,14.300000190734863,27.7822416813504
1407,-12.100000381469727,14.199999809265137,25.318627995916074
1408,-12.100000381469727,14.100000381469727,27.716432743299663
1409,-12.100000381469727,14.0,25.441396661291265
1410,-12.100000381469727,13.899999618530273,23.677420942981314
1411,-12.100000381469727,13.800000190734863,26.58243626379084
1412,-12.100000381469727,13.699999809265137,29.27795144159893
1413,-12.100000381469727,13.600000381469727,31.761001722686274
1414,-12.100000381469727,13.5,34.07034505902516
1415,-12.100000381469727,13.399999618530273,39.528067526072846
1416,-12.100000381469727,13.300000190734863,47.964448572018796
1417,-12.100000381469727,13.199999809265137,59.589925947522374
1418,-12.100000381469727,13.100000381469727,69.59382121104784
1419,-12.100000381469727,13.0,77.15734232741511
1420,-12.100000381469727,12.899999618530273,88.32629435446631
1421,-12.100000381469727,12.800000190734863,87.58193233076622
1422,-12.100000381469727,12.699999809265137,84.60767909847527
1423,-12.100000381469727,12.600000381469727,86.97106925994854
1424,-12.100000381469727,12.5,84.51517730285616
1425,-12.100000381469727,12.399999618530273,78.32998642489065
1426,-12.100000381469727,12.300000190734863,75.60890219390785
1427,-12.100000381469727,12.199999809265137,83.12697717956746
1428,-12.100000381469727,12.100000381469727,97.67356984465266
1429,-12.100000381469727,12.0,93.822436473837
1430,-12.0,14.5,22.842244093083877
1431,-12.0,14.399999618530273,25.60488798549079
1432,-12.0,14.300000190734863,28.349236975136193
1433,-12.0,14.199999809265137,28.73960524096765
1434,-12.0,14.100000381469727,28.38033025077607
1435,-12.0,14.0,25.66266669451994
1436,-12.0,13.899999618530273,24.97070290920243
1437,-12.0,13.800000190734863,26.735330087854095
1438,-12.0,13.699999809265137,29.020772654162784
1439,-12.0,13.600000381469727,30.64034276722407
1440,-12.0,13.5,33.04832173083457
1441,-12.0,13.399999618530273,36.219215944137545
1442,-12.0,13.300000190734863,44.864228814507555
1443,-12.0,13.199999809265137,56.71722230122464
1444,-12.0,13.100000381469727,66.88142547366556
1445,-12.0,13.0,78.38663005445915
1446,-12.0,12.899999618530273,93.39819661737215
1447,-12.0,12.800000190734863,94.7100289805943
1448,-12.0,12.699999809265137,94.35399607193597
1449,-12.0,12.600000381469727,97.44750690957153
1450,-12.0,12.5,101.65739804861573
1451,-12.0,12.399999618530273,113.48109479738685
1452,-12.0,12.300000190734863,122.24861901409474
1453,-12.0,12.199999809265137,128.30544119741705
1454,-12.0,12.100000381469727,126.33685839300085
1455,-12.0,12.0,120.83386826493461
1456,-11.899999618530273,14.5,22.624538636419572
1457,-11.899999618530273,14.399999618530273,25.105355669351695
1458,-11.899999618530273,14.300000190734863,28.267425516849585
1459,-11.899999618530273,14.199999809265137,27.34938467676284
1460,-11.899999618530273,14.100000381469727,27.12414285081627
1461,-11.899999618530273,14.0,26.902488986617527
1462,-11.899999618530273,13.899999618530273,26.361226505636296
1463,-11.899999618530273,13.800000190734863,27.146965968623363
1464,-11.899999618530273,13.699999809265137,28.47304631367922
1465,-11.899999618530273,13.600000381469727,29.53917296459224
1466,-11.899999618530273,13.5,31.083316369726617
1467,-11.899999618530273,13.399999618530273,32.93102434706316
1468,-11.899999618530273,13.300000190734863,40.33910269634657
1469,-11.899999618530273,13.199999809265137,53.159037211924215
1470,-11.899999618530273,13.100000381469727,63.510224786712
1471,-11.899999618530273,13.0,76.651796063946
1472,-11.899999618530273,12.899999618530273,87.04076966001128
1473,-11.899999618530273,12.800000190734863,93.29964627563777
1474,-11.899999618530273,12.699999809265137,102.77131645707561
1475,-11.899999618530273,12.600000381469727,110.46009524641465
1476,-11.899999618530273,12.5,121.66785106344673
1477,-11.899999618530273,12.399999618530273,148.52641505672477
1478,-11.899999618530273,12.300000190734863,147.92529855577538
1479,-11.899999618530273,12.199999809265137,160.27798178552553
1480,-11.899999618530273,12.100000381469727,146.59067404984376
1481,-11.899999618530273,12.0,122.00595812330243
1482,-11.800000190734863,14.5,21.62685838950216
1483,-11.800000190734863,14.399999618530273,23.217329770036145
1484,-11.800000190734863,14.300000190734863,28.83434317584164
1485,-11.800000190734863,14.199999809265137,30.640885024978957
1486,-11.800000190734863,14.100000381469727,29.752513285648547
1487,-11.800000190734863,14.0,27.723280084790872
1488,-11.800000190734863,13.899999618530273,26.470208607191466
1489,-11.800000190734863,13.800000190734863,26.83527952735608
1490,-11.800000190734863,13.699999809265137,27.308581047533835
1491,-11.800000190734863,13.600000381469727,28.15407141429705
1492,-11.800000190734863,13.5,29.8730787260223
1493,-11.800000190734863,13.399999618530273,31.54027201072995
1494,-11.800000190734863,13.300000190734863,35.913837452482085
1495,-11.800000190734863,13.199999809265137,48.869734546812424
1496,-11.800000190734863,13.100000381469727,59.363405956293036
1497,-11.800000190734863,13.0,69.66148292386652
1498,-11.800000190734863,12.899999618530273,80.49108801072134
1499,-11.800000190734863,12.800000190734863,89.97636311061865
1500,-11.800000190734863,12.699999809265137,103.95553461522184
1501,-11.800000190734863,12.600000381469727,116.05063705518796
1502,-11.800000190734863,12.5,132.57072390797885
1503,-11.800000190734863,12.399999618530273,164.96451603442028
1504,-11.800000190734863,12.300000190734863,175.28365235322212
1505,-11.800000190734863,12.199999809265137,161.0949513701737
1506,-11.800000190734863,12.100000381469727,127.50352199635131
1507,-11.800000190734863,12.0,91.61245981352556
1508,-11.699999809265137,14.5,22.83320913924723
1509,-11.699999809265137,14.399999618530273,25.31139474166764
1510,-11.699999809265137,14.300000190734863,28.069193725723494
1511,-11.699999809265137,14.199999809265137,30.176909584990426
1512,-11.699999809265137,14.100000381469727,29.985117765453424
1513,-11.699999809265137,14.0,27.79089078014283
1514,-11.699999809265137,13.899999618530273,27.94396017870372
1515,-11.699999809265137,13.800000190734863,26.49393847079193
1516,-11.699999809265137,13.699999809265137,27.406831866990956
1517,-11.699999809265137,13.600000381469727,28.554035555701034
1518,-11.699999809265137,13.5,30.188166461393735
1519,-11.699999809265137,13.399999618530273,31.432049641514254
1520,-11.699999809265137,13.300000190734863,37.29219472912712
1521,-11.699999809265137,13.199999809265137,48.94512516347709
1522,-11.699999809265137,13.100000381469727,55.09540805617564
1523,-11.699999809265137,13.0,64.24840551008344
1524,-11.699999809265137,12.899999618530273,76.24858068756146
1525,-11.699999809265137,12.800000190734863,87.52323469305452
1526,-11.699999809265137,12.699999809265137,100.55470905154618
1527,-11.699999809265137,12.600000381469727,110.67589022811853
1528,-11.699999809265137,12.5,125.98380335069305
1529,-11.699999809265137,12.399999618530273,159.9369708934023
1530,-11.699999809265137,12.300000190734863,172.82917276926355
1531,-11.699999809265137,12.199999809265137,145.8334798782456
1532,-11.699999809265137,12.100000381469727,109.8189995636883
1533,-11.699999809265137,12.0,101.99147719702046
1534,-11.600000381469727,14.5,32.41931645792653
1535,-11.600000381469727,14.399999618530273,26.467697824254117
1536,-11.600000381469727,14.300000190734863,27.918327332106003
1537,-11.600000381469727,14.199999809265137,29.657320871914976
1538,-11.600000381469727,14.100000381469727,29.54431580788298
1539,-11.600000381469727,14.0,27.475735221066998
1540,-11.600000381469727,13.899999618530273,27.802023731411396
1541,-11.600000381469727,13.800000190734863,25.962888175140165
1542,-11.600000381469727,13.699999809265137,26.99790066903995
1543,-11.600000381469727,13.600000381469727,28.309026600113953
1544,-11.600000381469727,13.5,30.483449245711768
1545,-11.600000381469727,13.399999618530273,32.66641415496008
1546,-11.600000381469727,13.300000190734863,39.20013372625158
1547,-11.600000381469727,13.199999809265137,48.55863601800729
1548,-11.600000381469727,13.100000381469727,50.82421199354701
1549,-11.600000381469727,13.0,58.51989284223555
1550,-11.600000381469727,12.899999618530273,71.31090903028371
1551,-11.600000381469727,12.800000190734863,83.6661897207373
1552,-11.600000381469727,12.699999809265137,94.81799663402398
1553,-11.600000381469727,12.600000381469727,101.71844196287361
1554,-11.600000381469727,12.5,112.97768152185415
1555,-11.600000381469727,12.399999618530273,148.96823314604057
1556,-11.600000381469727,12.300000190734863,160.53289797385742
1557,-11.600000381469727,12.199999809265137,107.93384914049284
1558,-11.600000381469727,12.100000381469727,110.00787635004156
1559,-11.600000381469727,12.0,126.04130472033614
1560,-11.5,14.5,31.430194827921014
1561,-11.5,14.399999618530273,28.609066751193154
1562,-11.5,14.300000190734863,28.249917465896544
1563,-11.5,14.199999809265137,28.55190217827078
1564,-11.5,14.100000381469727,28.424386257394417
1565,-11.5,14.0,27.192515739623786
1566,-11.5,13.899999618530273,26.27594624733547
1567,-11.5,13.800000190734863,26.59039193640956
1568,-11.5,13.699999809265137,27.145149564179633
1569,-11.5,13.600000381469727,28.720388657906597
1570,-11.5,13.5,33.53984747569859
1571,-11.5,13.399999618530273,38.46019602214915
1572,-11.5,13.300000190734863,44.107419863601876
1573,-11.5,13.199999809265137,50.235676161227275
1574,-11.5,13.100000381469727,53.08457694628362
1575,-11.5,13.0,60.327277378422195
1576,-11.5,12.899999618530273,75.33260325941251
1577,-11.5,12.800000190734863,89.87179452474368
1578,-11.5,12.699999809265137,97.77276853066496
1579,-11.5,12.600000381469727,98.77886970594409
1580,-11.5,12.5,104.23660396661501
1581,-11.5,12.399999618530273,134.71854881955016
1582,-11.5,12.300000190734863,144.35695266521316
1583,-11.5,12.199999809265137,95.07027924442605
1584,-11.5,12.100000381469727,121.4862605728913
1585,-11.5,12.0,136.223057883553
1586,-11.399999618530273,14.5,27.420879037986424
1587,-11.399999618530273,14.399999618530273,27.77674581973713
1588,-11.399999618530273,14.300000190734863,24.81863704556264
1589,-11.399999618530273,14.199999809265137,25.983769387530742
1590,-11.399999618530273,14.100000381469727,26.878571804798412
1591,-11.399999618530273,14.0,25.998396806674123
1592,-11.399999618530273,13.899999618530273,25.494955017281313
1593,-11.399999618530273,13.800000190734863,26.035502841664197
1594,-11.399999618530273,13.699999809265137,26.839456244071243
1595,-11.399999618530273,13.600000381469727,30.939060668370075
1596,-11.399999618530273,13.5,37.8742509177132
1597,-11.399999618530273,13.399999618530273,44.975881732705375
1598,-11.399999618530273,13.300000190734863,53.10617811505767
1599,-11.399999618530273,13.199999809265137,58.56170459763496
1600,-11.399999618530273,13.100000381469727,62.883001615782064
1601,-11.399999618530273,13.0,77.61695041752125
1602,-11.399999618530273,12.899999618530273,100.65791676126685
1603,-11.399999618530273,12.800000190734863,118.68709149860206
1604,-11.399999618530273,12.699999809265137,116.04123085280833
1605,-11.399999618530273,12.600000381469727,103.5458160885446
1606,-11.399999618530273,12.5,98.64192857879402
1607,-11.399999618530273,12.399999618530273,118.49840345133998
1608,-11.399999618530273,12.300000190734863,120.32456039090096
1609,-11.399999618530273,12.199999809265137,82.31886610067045
1610,-11.399999618530273,12.100000381469727,98.288813492489
1611,-11.399999618530273,12.0,105.60068933866614
1612,-11.300000190734863,14.5,22.844099385438483
1613,-11.300000190734863,14.399999618530273,39.83886686843823
1614,-11.300000190734863,14.300000190734863,29.314061661781466
1615,-11.300000190734863,14.199999809265137,28.115666490884735
1616,-11.300000190734863,14.100000381469727,25.467768281596136
1617,-11.300000190734863,14.0,24.110203954846895
1618,-11.300000190734863,13.899999618530273,24.368148206890623
1619,-11.300000190734863,13.800000190734863,25.608367740149333
1620,-11.300000190734863,13.699999809265137,28.474216535254527
1621,-11.300000190734863,13.600000381469727,29.864465093409535
1622,-11.300000190734863,13.5,40.957723504665864
1623,-11.300000190734863,13.399999618530273,51.47746646469352
1624,-11.300000190734863,13.300000190734863,61.612786026163235
1625,-11.300000190734863,13.199999809265137,69.3061130278495
1626,-11.300000190734863,13.100000381469727,75.79164482101919
1627,-11.300000190734863,13.0,97.03993462079632
1628,-11.300000190734863,12.899999618530273,124.76342422995788
1629,-11.300000190734863,12.800000190734863,140.3230669993269
1630,-11.300000190734863,12.699999809265137,128.82208107543715
1631,-11.300000190734863,12.600000381469727,104.70444576033026
1632,-11.300000190734863,12.5,89.22252092052565
1633,-11.300000190734863,12.399999618530273,100.30392228762355
1634,-11.300000190734863,12.300000190734863,97.2996114933859
1635,-11.300000190734863,12.199999809265137,83.99532384267434
1636,-11.300000190734863,12.100000381469727,99.28300334392384
1637,-11.300000190734863,12.0,106.79505227995048
1638,-11.199999809265137,14.5,21.424825082436257
1639,-11.199999809265137,14.399999618530273,23.79821671300664
1640,-11.199999809265137,14.300000190734863,32.368678677265734
1641,-11.199999809265137,14.199999809265137,30.484070297502626
1642,-11.199999809265137,14.100000381469727,49.325291774479524
1643,-11.199999809265137,14.0,26.64308498344019
1644,-11.199999809265137,13.899999618530273,23.88691096411287
1645,-11.199999809265137,13.800000190734863,26.402322964033146
1646,-11.199999809265137,13.699999809265137,29.735055723129108
1647,-11.199999809265137,13.600000381469727,30.936946443813554
1648,-11.199999809265137,13.5,34.9838970725981
1649,-11.199999809265137,13.399999618530273,47.40805515335876
1650,-11.199999809265137,13.300000190734863,58.38751710846748
1651,-11.199999809265137,13.199999809265137,68.90540008377457
1652,-11.199999809265137,13.100000381469727,77.89160442469279
1653,-11.199999809265137,13.0,101.98491493853112
1654,-11.199999809265137,12.899999618530273,129.16976900317047
1655,-11.199999809265137,12.800000190734863,144.08664007623793
1656,-11.199999809265137,12.699999809265137,134.00923385287194
1657,-11.199999809265137,12.600000381469727,108.48167353686699
1658,-11.199999809265137,12.5,90.75862066042919
1659,-11.199999809265137,12.399999618530273,99.50008600272099
1660,-11.199999809265137,12.300000190734863,100.23541246424747
1661,-11.199999809265137,12.199999809265137,97.20264684246592
1662,-11.199999809265137,12.100000381469727,105.97603509180965
1663,-11.199999809265137,12.0,97.31915678391636
1664,-11.100000381469727,14.5,21.86423158580675
1665,-11.100000381469727,14.399999618530273,24.96601555688676
1666,-11.100000381469727,14.300000190734863,26.59080795049124
1667,-11.100000381469727,14.199999809265137,25.832784779929057
1668,-11.100000381469727,14.100000381469727,27.394937794428415
1669,-11.100000381469727,14.0,28.536372138372144
1670,-11.100000381469727,13.899999618530273,30.838692526044156
1671,-11.100000381469727,13.800000190734863,27.593675829311678
1672,-11.100000381469727,13.699999809265137,29.180746443125713
1673,-11.100000381469727,13.600000381469727,29.675047023909087
1674,-11.100000381469727,13.5,27.813664510438343
1675,-11.100000381469727,13.399999618530273,34.025731717329336
1676,-11.100000381469727,13.300000190734863,45.696195567311975
1677,-11.100000381469727,13.199999809265137,57.580055172952825
1678,-11.100000381469727,13.100000381469727,69.30754678276082
1679,-11.100000381469727,13.0,90.30288693882426
1680,-11.100000381469727,12.899999618530273,117.68388348898782
1681,-11.100000381469727,12.800000190734863,136.2211116910811
1682,-11.100000381469727,12.699999809265137,132.68812038918975
1683,-11.100000381469727,12.600000381469727,117.2613401275596
1684,-11.100000381469727,12.5,106.74475079315823
1685,-11.100000381469727,12.399999618530273,114.41989631936985
1686,-11.100000381469727,12.300000190734863,117.99935286931941
1687,-11.100000381469727,12.199999809265137,120.54877767545202
1688,-11.100000381469727,12.100000381469727,121.92315795506522
1689,-11.100000381469727,12.0,94.66535972934548
1690,-11.0,14.5,29.214278033265543
1691,-11.0,14.399999618530273,27.001329590340163
1692,-11.0,14.300000190734863,28.404843289044265
1693,-11.0,14.199999809265137,29.108446471287948
1694,-11.0,14.100000381469727,29.509798676489822
1695,-11.0,14.0,30.15678052851831
1696,-11.0,13.899999618530273,28.555539287381066
1697,-11.0,13.800000190734863,32.627281234866246
1698,-11.0,13.699999809265137,27.675754376409827
1699,-11.0,13.600000381469727,26.833876660112082
1700,-11.0,13.5,26.784632634829677
1701,-11.0,13.399999618530273,25.25918923174845
1702,-11.0,13.300000190734863,34.21951109747113
1703,-11.0,13.199999809265137,47.80236574174205
1704,-11.0,13.100000381469727,58.535371985279994
1705,-11.0,13.0,77.8146002796417
1706,-11.0,12.899999618530273,105.16950841821881
1707,-11.0,12.800000190734863,125.32364769026265
1708,-11.0,12.699999809265137,130.42125225273116
1709,-11.0,12.600000381469727,124.07140252415115
1710,-11.0,12.5,120.38954640714417
1711,-11.0,12.399999618530273,130.0096239972894
1712,-11.0,12.300000190734863,133.94043440919677
1713,-11.0,12.199999809265137,132.83068194355587
1714,-11.0,12.100000381469727,129.12043361257486
1715,-11.0,12.0,85.72514977872856
