,longitude,latitude,evspsblpot
0,-17.5,14.5,
1,-17.5,14.399999618530273,
2,-17.5,14.300000190734863,
3,-17.5,14.199999809265137,
4,-17.5,14.100000381469727,
5,-17.5,14.0,
6,-17.5,13.899999618530273,
7,-17.5,13.800000190734863,
8,-17.5,13.699999809265137,
9,-17.5,13.600000381469727,
10,-17.5,13.5,
11,-17.5,13.399999618530273,
12,-17.5,13.300000190734863,
13,-17.5,13.199999809265137,
14,-17.5,13.100000381469727,
15,-17.5,13.0,
16,-17.5,12.899999618530273,
17,-17.5,12.800000190734863,
18,-17.5,12.699999809265137,
19,-17.5,12.600000381469727,
20,-17.5,12.5,
21,-17.5,12.399999618530273,
22,-17.5,12.300000190734863,
23,-17.5,12.199999809265137,
24,-17.5,12.100000381469727,
25,-17.5,12.0,
26,-17.399999618530273,14.5,
27,-17.399999618530273,14.399999618530273,
28,-17.399999618530273,14.300000190734863,
29,-17.399999618530273,14.199999809265137,
30,-17.399999618530273,14.100000381469727,
31,-17.399999618530273,14.0,
32,-17.399999618530273,13.899999618530273,
33,-17.399999618530273,13.800000190734863,
34,-17.399999618530273,13.699999809265137,
35,-17.399999618530273,13.600000381469727,
36,-17.399999618530273,13.5,
37,-17.399999618530273,13.399999618530273,
38,-17.399999618530273,13.300000190734863,
39,-17.399999618530273,13.199999809265137,
40,-17.399999618530273,13.100000381469727,
41,-17.399999618530273,13.0,
42,-17.399999618530273,12.899999618530273,
43,-17.399999618530273,12.800000190734863,
44,-17.399999618530273,12.699999809265137,
45,-17.399999618530273,12.600000381469727,
46,-17.399999618530273,12.5,
47,-17.399999618530273,12.399999618530273,
48,-17.399999618530273,12.300000190734863,
49,-17.399999618530273,12.199999809265137,
50,-17.399999618530273,12.100000381469727,
51,-17.399999618530273,12.0,
52,-17.299999237060547,14.5,
53,-17.299999237060547,14.399999618530273,
54,-17.299999237060547,14.300000190734863,
55,-17.299999237060547,14.199999809265137,
56,-17.299999237060547,14.100000381469727,
57,-17.299999237060547,14.0,
58,-17.299999237060547,13.899999618530273,
59,-17.299999237060547,13.800000190734863,
60,-17.299999237060547,13.699999809265137,
61,-17.299999237060547,13.600000381469727,
62,-17.299999237060547,13.5,
63,-17.299999237060547,13.399999618530273,
64,-17.299999237060547,13.300000190734863,
65,-17.299999237060547,13.199999809265137,
66,-17.299999237060547,13.100000381469727,
67,-17.299999237060547,13.0,
68,-17.299999237060547,12.899999618530273,
69,-17.299999237060547,12.800000190734863,
70,-17.299999237060547,12.699999809265137,
71,-17.299999237060547,12.600000381469727,
72,-17.299999237060547,12.5,
73,-17.299999237060547,12.399999618530273,
74,-17.299999237060547,12.300000190734863,
75,-17.299999237060547,12.199999809265137,
76,-17.299999237060547,12.100000381469727,
77,-17.299999237060547,12.0,
78,-17.200000762939453,14.5,
79,-17.200000762939453,14.399999618530273,
80,-17.200000762939453,14.300000190734863,
81,-17.200000762939453,14.199999809265137,
82,-17.200000762939453,14.100000381469727,
83,-17.200000762939453,14.0,
84,-17.200000762939453,13.899999618530273,
85,-17.200000762939453,13.800000190734863,
86,-17.200000762939453,13.699999809265137,
87,-17.200000762939453,13.600000381469727,
88,-17.200000762939453,13.5,
89,-17.200000762939453,13.399999618530273,
90,-17.200000762939453,13.300000190734863,
91,-17.200000762939453,13.199999809265137,
92,-17.200000762939453,13.100000381469727,
93,-17.200000762939453,13.0,
94,-17.200000762939453,12.899999618530273,
95,-17.200000762939453,12.800000190734863,
96,-17.200000762939453,12.699999809265137,
97,-17.200000762939453,12.600000381469727,
98,-17.200000762939453,12.5,
99,-17.200000762939453,12.399999618530273,
100,-17.200000762939453,12.300000190734863,
101,-17.200000762939453,12.199999809265137,
102,-17.200000762939453,12.100000381469727,
103,-17.200000762939453,12.0,
104,-17.100000381469727,14.5,
105,-17.100000381469727,14.399999618530273,
106,-17.100000381469727,14.300000190734863,
107,-17.100000381469727,14.199999809265137,
108,-17.100000381469727,14.100000381469727,
109,-17.100000381469727,14.0,
110,-17.100000381469727,13.899999618530273,
111,-17.100000381469727,13.800000190734863,
112,-17.100000381469727,13.699999809265137,
113,-17.100000381469727,13.600000381469727,
114,-17.100000381469727,13.5,
115,-17.100000381469727,13.399999618530273,
116,-17.100000381469727,13.300000190734863,
117,-17.100000381469727,13.199999809265137,
118,-17.100000381469727,13.100000381469727,
119,-17.100000381469727,13.0,
120,-17.100000381469727,12.899999618530273,
121,-17.100000381469727,12.800000190734863,
122,-17.100000381469727,12.699999809265137,
123,-17.100000381469727,12.600000381469727,
124,-17.100000381469727,12.5,
125,-17.100000381469727,12.399999618530273,
126,-17.100000381469727,12.300000190734863,
127,-17.100000381469727,12.199999809265137,
128,-17.100000381469727,12.100000381469727,
129,-17.100000381469727,12.0,
130,-17.0,14.5,3299.9779496656583
131,-17.0,14.399999618530273,
132,-17.0,14.300000190734863,
133,-17.0,14.199999809265137,
134,-17.0,14.100000381469727,
135,-17.0,14.0,
136,-17.0,13.899999618530273,
137,-17.0,13.800000190734863,
138,-17.0,13.699999809265137,
139,-17.0,13.600000381469727,
140,-17.0,13.5,
141,-17.0,13.399999618530273,
142,-17.0,13.300000190734863,
143,-17.0,13.199999809265137,
144,-17.0,13.100000381469727,
145,-17.0,13.0,
146,-17.0,12.899999618530273,
147,-17.0,12.800000190734863,
148,-17.0,12.699999809265137,
149,-17.0,12.600000381469727,
150,-17.0,12.5,
151,-17.0,12.399999618530273,
152,-17.0,12.300000190734863,
153,-17.0,12.199999809265137,
154,-17.0,12.100000381469727,
155,-17.0,12.0,
156,-16.899999618530273,14.5,3384.297618722601
157,-16.899999618530273,14.399999618530273,3245.8851086103587
158,-16.899999618530273,14.300000190734863,2975.8415555628285
159,-16.899999618530273,14.199999809265137,
160,-16.899999618530273,14.100000381469727,
161,-16.899999618530273,14.0,
162,-16.899999618530273,13.899999618530273,
163,-16.899999618530273,13.800000190734863,
164,-16.899999618530273,13.699999809265137,
165,-16.899999618530273,13.600000381469727,
166,-16.899999618530273,13.5,
167,-16.899999618530273,13.399999618530273,
168,-16.899999618530273,13.300000190734863,
169,-16.899999618530273,13.199999809265137,
170,-16.899999618530273,13.100000381469727,
171,-16.899999618530273,13.0,
172,-16.899999618530273,12.899999618530273,
173,-16.899999618530273,12.800000190734863,
174,-16.899999618530273,12.699999809265137,
175,-16.899999618530273,12.600000381469727,
176,-16.899999618530273,12.5,
177,-16.899999618530273,12.399999618530273,
178,-16.899999618530273,12.300000190734863,
179,-16.899999618530273,12.199999809265137,
180,-16.899999618530273,12.100000381469727,
181,-16.899999618530273,12.0,
182,-16.799999237060547,14.5,3530.2861897681864
183,-16.799999237060547,14.399999618530273,3495.6397914869704
184,-16.799999237060547,14.300000190734863,3428.9336129616504
185,-16.799999237060547,14.199999809265137,3191.827683563016
186,-16.799999237060547,14.100000381469727,2670.215013173073
187,-16.799999237060547,14.0,
188,-16.799999237060547,13.899999618530273,
189,-16.799999237060547,13.800000190734863,
190,-16.799999237060547,13.699999809265137,
191,-16.799999237060547,13.600000381469727,
192,-16.799999237060547,13.5,
193,-16.799999237060547,13.399999618530273,
194,-16.799999237060547,13.300000190734863,3407.4513400604505
195,-16.799999237060547,13.199999809265137,
196,-16.799999237060547,13.100000381469727,
197,-16.799999237060547,13.0,
198,-16.799999237060547,12.899999618530273,
199,-16.799999237060547,12.800000190734863,
200,-16.799999237060547,12.699999809265137,
201,-16.799999237060547,12.600000381469727,
202,-16.799999237060547,12.5,
203,-16.799999237060547,12.399999618530273,
204,-16.799999237060547,12.300000190734863,
205,-16.799999237060547,12.199999809265137,
206,-16.799999237060547,12.100000381469727,
207,-16.799999237060547,12.0,
208,-16.700000762939453,14.5,3484.286037765364
209,-16.700000762939453,14.399999618530273,3361.9262608761974
210,-16.700000762939453,14.300000190734863,3352.2900455303934
211,-16.700000762939453,14.199999809265137,3317.4993131087767
212,-16.700000762939453,14.100000381469727,3058.8542097620716
213,-16.700000762939453,14.0,2791.3629230391666
214,-16.700000762939453,13.899999618530273,3292.7318510785026
215,-16.700000762939453,13.800000190734863,
216,-16.700000762939453,13.699999809265137,
217,-16.700000762939453,13.600000381469727,
218,-16.700000762939453,13.5,
219,-16.700000762939453,13.399999618530273,2956.2197230085585
220,-16.700000762939453,13.300000190734863,3175.1275522804804
221,-16.700000762939453,13.199999809265137,3374.6292870262696
222,-16.700000762939453,13.100000381469727,3477.9294661487925
223,-16.700000762939453,13.0,3313.0503029698602
224,-16.700000762939453,12.899999618530273,2981.2125287772183
225,-16.700000762939453,12.800000190734863,3296.557378646365
226,-16.700000762939453,12.699999809265137,3456.7985654346876
227,-16.700000762939453,12.600000381469727,3035.4940205622343
228,-16.700000762939453,12.5,2678.098453847943
229,-16.700000762939453,12.399999618530273,2705.132717482557
230,-16.700000762939453,12.300000190734863,
231,-16.700000762939453,12.199999809265137,
232,-16.700000762939453,12.100000381469727,
233,-16.700000762939453,12.0,
234,-16.600000381469727,14.5,3326.732442398588
235,-16.600000381469727,14.399999618530273,3277.347757468715
236,-16.600000381469727,14.300000190734863,3257.857453258464
237,-16.600000381469727,14.199999809265137,2972.946703262547
238,-16.600000381469727,14.100000381469727,3016.77854541943
239,-16.600000381469727,14.0,3048.25300727257
240,-16.600000381469727,13.899999618530273,3766.9425778075706
241,-16.600000381469727,13.800000190734863,2817.357989478339
242,-16.600000381469727,13.699999809265137,3133.5296748167316
243,-16.600000381469727,13.600000381469727,
244,-16.600000381469727,13.5,
245,-16.600000381469727,13.399999618530273,3195.9422034957292
246,-16.600000381469727,13.300000190734863,3234.4124093641717
247,-16.600000381469727,13.199999809265137,3474.4110584934638
248,-16.600000381469727,13.100000381469727,3450.3017882683325
249,-16.600000381469727,13.0,3190.3802525804876
250,-16.600000381469727,12.899999618530273,2963.3949691756097
251,-16.600000381469727,12.800000190734863,2917.154217775739
252,-16.600000381469727,12.699999809265137,2727.123755621401
253,-16.600000381469727,12.600000381469727,
254,-16.600000381469727,12.5,3576.022034982873
255,-16.600000381469727,12.399999618530273,3428.4422715870182
256,-16.600000381469727,12.300000190734863,
257,-16.600000381469727,12.199999809265137,
258,-16.600000381469727,12.100000381469727,
259,-16.600000381469727,12.0,
260,-16.5,14.5,3351.1267097361074
261,-16.5,14.399999618530273,3289.1953642183653
262,-16.5,14.300000190734863,3252.0564233245
263,-16.5,14.199999809265137,2928.8751231873757
264,-16.5,14.100000381469727,3123.627609905069
265,-16.5,14.0,3270.686923014431
266,-16.5,13.899999618530273,2657.7833657114807
267,-16.5,13.800000190734863,3378.1571510167755
268,-16.5,13.699999809265137,3384.6358953725053
269,-16.5,13.600000381469727,3145.5004170280886
270,-16.5,13.5,3075.559908607034
271,-16.5,13.399999618530273,
272,-16.5,13.300000190734863,
273,-16.5,13.199999809265137,3492.4441645619163
274,-16.5,13.100000381469727,3645.3242558985216
275,-16.5,13.0,3828.9545601580335
276,-16.5,12.899999618530273,2899.009899446783
277,-16.5,12.800000190734863,3554.7360938098896
278,-16.5,12.699999809265137,2936.150585956925
279,-16.5,12.600000381469727,2766.391157569408
280,-16.5,12.5,3146.722777391305
281,-16.5,12.399999618530273,3009.4989488353535
282,-16.5,12.300000190734863,3468.749109122014
283,-16.5,12.199999809265137,
284,-16.5,12.100000381469727,
285,-16.5,12.0,
286,-16.399999618530273,14.5,3339.2417701365853
287,-16.399999618530273,14.399999618530273,3293.0682673439846
288,-16.399999618530273,14.300000190734863,3362.772011385112
289,-16.399999618530273,14.199999809265137,3174.0226947094507
290,-16.399999618530273,14.100000381469727,3217.5925565272414
291,-16.399999618530273,14.0,3432.5123438790215
292,-16.399999618530273,13.899999618530273,3609.4495747965702
293,-16.399999618530273,13.800000190734863,3540.02222549891
294,-16.399999618530273,13.699999809265137,3149.5033954640453
295,-16.399999618530273,13.600000381469727,3292.2947170197817
296,-16.399999618530273,13.5,3219.2083550873363
297,-16.399999618530273,13.399999618530273,2855.572285507158
298,-16.399999618530273,13.300000190734863,
299,-16.399999618530273,13.199999809265137,3366.797161806649
300,-16.399999618530273,13.100000381469727,3753.2155580574795
301,-16.399999618530273,13.0,3849.6015065938113
302,-16.399999618530273,12.899999618530273,3164.1515616671686
303,-16.399999618530273,12.800000190734863,3675.1211409253447
304,-16.399999618530273,12.699999809265137,3407.1742062309454
305,-16.399999618530273,12.600000381469727,3041.5964617779314
306,-16.399999618530273,12.5,3172.8500143030847
307,-16.399999618530273,12.399999618530273,3300.529079358008
308,-16.399999618530273,12.300000190734863,3248.189069112961
309,-16.399999618530273,12.199999809265137,
310,-16.399999618530273,12.100000381469727,
311,-16.399999618530273,12.0,
312,-16.299999237060547,14.5,3364.263661559863
313,-16.299999237060547,14.399999618530273,3322.957782011891
314,-16.299999237060547,14.300000190734863,3456.7761172946707
315,-16.299999237060547,14.199999809265137,3353.298494730914
316,-16.299999237060547,14.100000381469727,3601.7643647659233
317,-16.299999237060547,14.0,3359.701412270702
318,-16.299999237060547,13.899999618530273,3322.2023544008002
319,-16.299999237060547,13.800000190734863,3134.4755499425805
320,-16.299999237060547,13.699999809265137,3241.409863993479
321,-16.299999237060547,13.600000381469727,3343.1513982837337
322,-16.299999237060547,13.5,3370.0304521674066
323,-16.299999237060547,13.399999618530273,3002.88498041838
324,-16.299999237060547,13.300000190734863,
325,-16.299999237060547,13.199999809265137,3233.504669235089
326,-16.299999237060547,13.100000381469727,3665.3122327134847
327,-16.299999237060547,13.0,3797.5651605242956
328,-16.299999237060547,12.899999618530273,3848.266266356895
329,-16.299999237060547,12.800000190734863,3658.6829047321103
330,-16.299999237060547,12.699999809265137,3118.9578701326654
331,-16.299999237060547,12.600000381469727,2974.9971844038287
332,-16.299999237060547,12.5,3627.15250285089
333,-16.299999237060547,12.399999618530273,3774.900907429892
334,-16.299999237060547,12.300000190734863,2898.055795423401
335,-16.299999237060547,12.199999809265137,
336,-16.299999237060547,12.100000381469727,3481.1079516012464
337,-16.299999237060547,12.0,
338,-16.200000762939453,14.5,3380.14473290555
339,-16.200000762939453,14.399999618530273,3334.0838229221854
340,-16.200000762939453,14.300000190734863,3390.2577811623173
341,-16.200000762939453,14.199999809265137,3288.376340324512
342,-16.200000762939453,14.100000381469727,3490.125461016044
343,-16.200000762939453,14.0,3363.1827558558375
344,-16.200000762939453,13.899999618530273,3182.3809564209064
345,-16.200000762939453,13.800000190734863,3163.0478535919337
346,-16.200000762939453,13.699999809265137,3595.7595129538267
347,-16.200000762939453,13.600000381469727,3268.999517819707
348,-16.200000762939453,13.5,3338.827253880752
349,-16.200000762939453,13.399999618530273,
350,-16.200000762939453,13.300000190734863,3066.5159788142496
351,-16.200000762939453,13.199999809265137,3425.0120532646138
352,-16.200000762939453,13.100000381469727,3741.896528441151
353,-16.200000762939453,13.0,3961.8656454287757
354,-16.200000762939453,12.899999618530273,3999.153113160414
355,-16.200000762939453,12.800000190734863,3910.0044270985786
356,-16.200000762939453,12.699999809265137,3515.180622688374
357,-16.200000762939453,12.600000381469727,3035.201773309773
358,-16.200000762939453,12.5,3763.8872252092256
359,-16.200000762939453,12.399999618530273,3704.3985658494476
360,-16.200000762939453,12.300000190734863,
361,-16.200000762939453,12.199999809265137,3255.2837046878417
362,-16.200000762939453,12.100000381469727,3441.0352455100146
363,-16.200000762939453,12.0,3098.646550869372
364,-16.100000381469727,14.5,3368.341566729657
365,-16.100000381469727,14.399999618530273,3382.34072055888
366,-16.100000381469727,14.300000190734863,3301.9268077554957
367,-16.100000381469727,14.199999809265137,3321.4927773344175
368,-16.100000381469727,14.100000381469727,3263.270356831264
369,-16.100000381469727,14.0,3277.842294298738
370,-16.100000381469727,13.899999618530273,3334.5567178106803
371,-16.100000381469727,13.800000190734863,3153.8918387680073
372,-16.100000381469727,13.699999809265137,3421.6584876925767
373,-16.100000381469727,13.600000381469727,3516.1076396280405
374,-16.100000381469727,13.5,3414.2278237992587
375,-16.100000381469727,13.399999618530273,2920.7056520714327
376,-16.100000381469727,13.300000190734863,3237.9609001814865
377,-16.100000381469727,13.199999809265137,3482.0497391857866
378,-16.100000381469727,13.100000381469727,3361.3838968676164
379,-16.100000381469727,13.0,3872.7221466793126
380,-16.100000381469727,12.899999618530273,3952.529816598808
381,-16.100000381469727,12.800000190734863,3551.652009913536
382,-16.100000381469727,12.699999809265137,3216.0003671874274
383,-16.100000381469727,12.600000381469727,3009.5776499102376
384,-16.100000381469727,12.5,3852.41713371168
385,-16.100000381469727,12.399999618530273,3581.1492170843944
386,-16.100000381469727,12.300000190734863,3012.1298620705015
387,-16.100000381469727,12.199999809265137,3518.015558369399
388,-16.100000381469727,12.100000381469727,3437.2194486671833
389,-16.100000381469727,12.0,3417.445803103512
390,-16.0,14.5,3056.7226105201994
391,-16.0,14.399999618530273,3410.6143844389667
392,-16.0,14.300000190734863,3331.9435427990757
393,-16.0,14.199999809265137,3461.186212287067
394,-16.0,14.100000381469727,3432.7783120389563
395,-16.0,14.0,3291.170579192938
396,-16.0,13.899999618530273,3318.87827919098
397,-16.0,13.800000190734863,3221.4815669157233
398,-16.0,13.699999809265137,3132.1028760595605
399,-16.0,13.600000381469727,3723.9603423444823
400,-16.0,13.5,3473.51597221631
401,-16.0,13.399999618530273,3235.050393776892
402,-16.0,13.300000190734863,3476.8124393854855
403,-16.0,13.199999809265137,3322.675502242041
404,-16.0,13.100000381469727,3328.2059074680137
405,-16.0,13.0,3525.8737274438495
406,-16.0,12.899999618530273,3293.7384702596455
407,-16.0,12.800000190734863,3123.937082666073
408,-16.0,12.699999809265137,2869.9091213430834
409,-16.0,12.600000381469727,2863.2503245833204
410,-16.0,12.5,3820.711226249522
411,-16.0,12.399999618530273,3578.616840743186
412,-16.0,12.300000190734863,3132.7239513651116
413,-16.0,12.199999809265137,3550.485086769248
414,-16.0,12.100000381469727,4895.076846699023
415,-16.0,12.0,3087.275439107971
416,-15.899999618530273,14.5,3302.5301586546802
417,-15.899999618530273,14.399999618530273,3394.925858013094
418,-15.899999618530273,14.300000190734863,3528.6235972056834
419,-15.899999618530273,14.199999809265137,3446.512853017661
420,-15.899999618530273,14.100000381469727,3450.8384978707827
421,-15.899999618530273,14.0,3367.4419491281124
422,-15.899999618530273,13.899999618530273,3788.4337488639767
423,-15.899999618530273,13.800000190734863,3584.9790764718296
424,-15.899999618530273,13.699999809265137,3373.2911871023466
425,-15.899999618530273,13.600000381469727,3605.5990914582253
426,-15.899999618530273,13.5,3431.2912565204074
427,-15.899999618530273,13.399999618530273,3347.7298478520456
428,-15.899999618530273,13.300000190734863,3681.6330131417317
429,-15.899999618530273,13.199999809265137,3371.5633905445166
430,-15.899999618530273,13.100000381469727,3318.950311969307
431,-15.899999618530273,13.0,3245.922350588275
432,-15.899999618530273,12.899999618530273,2973.9637215454172
433,-15.899999618530273,12.800000190734863,3229.0795670750795
434,-15.899999618530273,12.699999809265137,3148.3856777627775
435,-15.899999618530273,12.600000381469727,3003.1099232998536
436,-15.899999618530273,12.5,3769.996439051823
437,-15.899999618530273,12.399999618530273,3721.507738096277
438,-15.899999618530273,12.300000190734863,2839.607446361114
439,-15.899999618530273,12.199999809265137,5474.489724310232
440,-15.899999618530273,12.100000381469727,5434.41776242475
441,-15.899999618530273,12.0,3529.179828084051
442,-15.800000190734863,14.5,3427.58709890741
443,-15.800000190734863,14.399999618530273,3446.303734801599
444,-15.800000190734863,14.300000190734863,3583.5279653579873
445,-15.800000190734863,14.199999809265137,3716.2212439782015
446,-15.800000190734863,14.100000381469727,3344.3576174060854
447,-15.800000190734863,14.0,3666.90697834801
448,-15.800000190734863,13.899999618530273,3584.2512040736406
449,-15.800000190734863,13.800000190734863,3721.9001387272224
450,-15.800000190734863,13.699999809265137,3735.4816380668094
451,-15.800000190734863,13.600000381469727,3588.056773537989
452,-15.800000190734863,13.5,3378.931435646001
453,-15.800000190734863,13.399999618530273,3456.589156571605
454,-15.800000190734863,13.300000190734863,3575.849740276681
455,-15.800000190734863,13.199999809265137,3389.471487774845
456,-15.800000190734863,13.100000381469727,3322.454784785073
457,-15.800000190734863,13.0,3206.293059447806
458,-15.800000190734863,12.899999618530273,3116.249170425287
459,-15.800000190734863,12.800000190734863,3507.5374060346035
460,-15.800000190734863,12.699999809265137,3302.3151573444093
461,-15.800000190734863,12.600000381469727,2949.347362870872
462,-15.800000190734863,12.5,3352.656916863848
463,-15.800000190734863,12.399999618530273,3738.5868027012602
464,-15.800000190734863,12.300000190734863,3104.0948801862487
465,-15.800000190734863,12.199999809265137,5233.8707768680615
466,-15.800000190734863,12.100000381469727,5315.66632843571
467,-15.800000190734863,12.0,2781.826711885326
468,-15.699999809265137,14.5,3570.2731692716507
469,-15.699999809265137,14.399999618530273,3809.8723977773584
470,-15.699999809265137,14.300000190734863,4024.008800342466
471,-15.699999809265137,14.199999809265137,3974.3574855902802
472,-15.699999809265137,14.100000381469727,3404.0801000477754
473,-15.699999809265137,14.0,3294.950203530898
474,-15.699999809265137,13.899999618530273,3279.6733839998706
475,-15.699999809265137,13.800000190734863,3408.7104055293635
476,-15.699999809265137,13.699999809265137,3374.9482916053116
477,-15.699999809265137,13.600000381469727,3451.8983032750925
478,-15.699999809265137,13.5,3391.4683596354016
479,-15.699999809265137,13.399999618530273,3365.425012593994
480,-15.699999809265137,13.300000190734863,3332.5327364718482
481,-15.699999809265137,13.199999809265137,3328.980970836178
482,-15.699999809265137,13.100000381469727,3409.0152906281533
483,-15.699999809265137,13.0,3366.7306102589573
484,-15.699999809265137,12.899999618530273,3421.006975600625
485,-15.699999809265137,12.800000190734863,3487.4989056944455
486,-15.699999809265137,12.699999809265137,3178.032190107057
487,-15.699999809265137,12.600000381469727,2995.672717177239
488,-15.699999809265137,12.5,3483.517646763542
489,-15.699999809265137,12.399999618530273,3627.6074535653092
490,-15.699999809265137,12.300000190734863,3337.2884105997623
491,-15.699999809265137,12.199999809265137,3570.0014082478906
492,-15.699999809265137,12.100000381469727,3528.6135211661162
493,-15.699999809265137,12.0,2972.078886846119
494,-15.600000381469727,14.5,4063.106094795417
495,-15.600000381469727,14.399999618530273,3664.468123713202
496,-15.600000381469727,14.300000190734863,3756.1668546919113
497,-15.600000381469727,14.199999809265137,4356.69200198142
498,-15.600000381469727,14.100000381469727,3398.383625430155
499,-15.600000381469727,14.0,3359.6534742688723
500,-15.600000381469727,13.899999618530273,3724.3725384330082
501,-15.600000381469727,13.800000190734863,3931.3635965484714
502,-15.600000381469727,13.699999809265137,3684.7297763873194
503,-15.600000381469727,13.600000381469727,3580.774505224723
504,-15.600000381469727,13.5,3054.82116512872
505,-15.600000381469727,13.399999618530273,3455.3092010545333
506,-15.600000381469727,13.300000190734863,3381.8631971051536
507,-15.600000381469727,13.199999809265137,3377.543084137155
508,-15.600000381469727,13.100000381469727,3426.6106491813553
509,-15.600000381469727,13.0,3343.9499257586563
510,-15.600000381469727,12.899999618530273,3451.270533282759
511,-15.600000381469727,12.800000190734863,3578.7281578508155
512,-15.600000381469727,12.699999809265137,3171.0272346749007
513,-15.600000381469727,12.600000381469727,2971.8389632203193
514,-15.600000381469727,12.5,3244.932044577654
515,-15.600000381469727,12.399999618530273,3104.309914984962
516,-15.600000381469727,12.300000190734863,3576.2436932723645
517,-15.600000381469727,12.199999809265137,3697.5337381988193
518,-15.600000381469727,12.100000381469727,3414.0320256592886
519,-15.600000381469727,12.0,3113.2924187008457
520,-15.5,14.5,4549.313205372177
521,-15.5,14.399999618530273,4175.045293268817
522,-15.5,14.300000190734863,4161.2238026480245
523,-15.5,14.199999809265137,3905.2576833860094
524,-15.5,14.100000381469727,3340.4679863660576
525,-15.5,14.0,3345.700132615134
526,-15.5,13.899999618530273,3933.2843037161683
527,-15.5,13.800000190734863,4282.877439289983
528,-15.5,13.699999809265137,3575.9247729748904
529,-15.5,13.600000381469727,3395.8147718732184
530,-15.5,13.5,3522.5097579857443
531,-15.5,13.399999618530273,3578.8801097093465
532,-15.5,13.300000190734863,3424.7140076003197
533,-15.5,13.199999809265137,3427.647580425501
534,-15.5,13.100000381469727,3458.2476480925347
535,-15.5,13.0,3416.0669943656344
536,-15.5,12.899999618530273,3348.8330142609193
537,-15.5,12.800000190734863,2962.5567716142964
538,-15.5,12.699999809265137,3004.8356327516058
539,-15.5,12.600000381469727,3154.40773074904
540,-15.5,12.5,3239.591704447734
541,-15.5,12.399999618530273,3131.0358229697904
542,-15.5,12.300000190734863,3528.3256547378883
543,-15.5,12.199999809265137,3751.3682741053835
544,-15.5,12.100000381469727,4119.691167527622
545,-15.5,12.0,3044.9842683108386
546,-15.399999618530273,14.5,4335.805249289079
547,-15.399999618530273,14.399999618530273,4249.014738639222
548,-15.399999618530273,14.300000190734863,4496.656677437229
549,-15.399999618530273,14.199999809265137,4022.9644637719452
550,-15.399999618530273,14.100000381469727,3416.8361318139605
551,-15.399999618530273,14.0,3382.185808323298
552,-15.399999618530273,13.899999618530273,3888.1946234676343
553,-15.399999618530273,13.800000190734863,4080.737682452047
554,-15.399999618530273,13.699999809265137,3993.239042172807
555,-15.399999618530273,13.600000381469727,3739.6250538967643
556,-15.399999618530273,13.5,3719.526235530347
557,-15.399999618530273,13.399999618530273,3462.0043804435168
558,-15.399999618530273,13.300000190734863,3462.7692380065528
559,-15.399999618530273,13.199999809265137,3473.5854204976094
560,-15.399999618530273,13.100000381469727,3496.9627312409116
561,-15.399999618530273,13.0,3454.342181576784
562,-15.399999618530273,12.899999618530273,3339.0212487552817
563,-15.399999618530273,12.800000190734863,3075.3080065368686
564,-15.399999618530273,12.699999809265137,3218.424906236984
565,-15.399999618530273,12.600000381469727,3158.7988364214216
566,-15.399999618530273,12.5,3194.6835409030296
567,-15.399999618530273,12.399999618530273,3253.9662670667844
568,-15.399999618530273,12.300000190734863,3709.4592133562032
569,-15.399999618530273,12.199999809265137,3640.6392589162483
570,-15.399999618530273,12.100000381469727,3098.054576805875
571,-15.399999618530273,12.0,3066.0454400280532
572,-15.300000190734863,14.5,3968.5271102827223
573,-15.300000190734863,14.399999618530273,4289.469499178135
574,-15.300000190734863,14.300000190734863,4397.943831500457
575,-15.300000190734863,14.199999809265137,4166.996271473502
576,-15.300000190734863,14.100000381469727,3438.6500744985065
577,-15.300000190734863,14.0,3609.181356887616
578,-15.300000190734863,13.899999618530273,4134.340587835133
579,-15.300000190734863,13.800000190734863,3962.6523521685504
580,-15.300000190734863,13.699999809265137,3698.3571035667005
581,-15.300000190734863,13.600000381469727,3754.8322063775786
582,-15.300000190734863,13.5,3564.513325232724
583,-15.300000190734863,13.399999618530273,3497.73375933547
584,-15.300000190734863,13.300000190734863,3492.7741087776494
585,-15.300000190734863,13.199999809265137,3518.4208850696477
586,-15.300000190734863,13.100000381469727,3519.1472634789848
587,-15.300000190734863,13.0,3476.6170098036364
588,-15.300000190734863,12.899999618530273,3267.5865200506237
589,-15.300000190734863,12.800000190734863,3355.0040379654547
590,-15.300000190734863,12.699999809265137,3240.40204529043
591,-15.300000190734863,12.600000381469727,3253.276281244611
592,-15.300000190734863,12.5,3354.50796980052
593,-15.300000190734863,12.399999618530273,3260.7766377470175
594,-15.300000190734863,12.300000190734863,5546.784632499929
595,-15.300000190734863,12.199999809265137,5779.861927591847
596,-15.300000190734863,12.100000381469727,5093.444705588653
597,-15.300000190734863,12.0,2912.070387446019
598,-15.199999809265137,14.5,4472.953885084437
599,-15.199999809265137,14.399999618530273,4441.43982039667
600,-15.199999809265137,14.300000190734863,4061.0085890951254
601,-15.199999809265137,14.199999809265137,4420.778305996151
602,-15.199999809265137,14.100000381469727,3958.7574381268805
603,-15.199999809265137,14.0,3702.121585379674
604,-15.199999809265137,13.899999618530273,4154.133507294054
605,-15.199999809265137,13.800000190734863,3743.150846658878
606,-15.199999809265137,13.699999809265137,3861.9726424190035
607,-15.199999809265137,13.600000381469727,3799.07993209221
608,-15.199999809265137,13.5,3687.1740235066245
609,-15.199999809265137,13.399999618530273,3563.7094053339133
610,-15.199999809265137,13.300000190734863,3550.7922712362756
611,-15.199999809265137,13.199999809265137,3548.140993516335
612,-15.199999809265137,13.100000381469727,3529.909646647289
613,-15.199999809265137,13.0,3482.404628870776
614,-15.199999809265137,12.899999618530273,3394.405991503706
615,-15.199999809265137,12.800000190734863,3265.269818072922
616,-15.199999809265137,12.699999809265137,3265.39813516741
617,-15.199999809265137,12.600000381469727,3226.5777813606323
618,-15.199999809265137,12.5,3152.927254640332
619,-15.199999809265137,12.399999618530273,3174.2287942112134
620,-15.199999809265137,12.300000190734863,5199.689831396308
621,-15.199999809265137,12.199999809265137,5531.298404877945
622,-15.199999809265137,12.100000381469727,5055.753334166793
623,-15.199999809265137,12.0,3217.5120759490555
624,-15.100000381469727,14.5,4121.9088870604755
625,-15.100000381469727,14.399999618530273,3930.783910845602
626,-15.100000381469727,14.300000190734863,3977.318211037565
627,-15.100000381469727,14.199999809265137,4274.493510977185
628,-15.100000381469727,14.100000381469727,4175.548295323615
629,-15.100000381469727,14.0,4200.50866405947
630,-15.100000381469727,13.899999618530273,4532.875538618081
631,-15.100000381469727,13.800000190734863,4223.804195905658
632,-15.100000381469727,13.699999809265137,3727.650007089789
633,-15.100000381469727,13.600000381469727,3793.333121629677
634,-15.100000381469727,13.5,3560.248104514424
635,-15.100000381469727,13.399999618530273,3585.022868847824
636,-15.100000381469727,13.300000190734863,3568.6603272670595
637,-15.100000381469727,13.199999809265137,3558.297053960457
638,-15.100000381469727,13.100000381469727,3563.0341637608017
639,-15.100000381469727,13.0,3485.497351552987
640,-15.100000381469727,12.899999618530273,3420.2269880733306
641,-15.100000381469727,12.800000190734863,3303.3377879724057
642,-15.100000381469727,12.699999809265137,3243.8230891403105
643,-15.100000381469727,12.600000381469727,3339.592007080121
644,-15.100000381469727,12.5,3877.3879367832733
645,-15.100000381469727,12.399999618530273,3594.4647233333985
646,-15.100000381469727,12.300000190734863,3784.352800589623
647,-15.100000381469727,12.199999809265137,3812.140877380687
648,-15.100000381469727,12.100000381469727,3739.6764988865466
649,-15.100000381469727,12.0,2907.4260365662085
650,-15.0,14.5,3856.118265603778
651,-15.0,14.399999618530273,4007.2365992057844
652,-15.0,14.300000190734863,4331.270181935684
653,-15.0,14.199999809265137,4102.507189353971
654,-15.0,14.100000381469727,4251.990414793242
655,-15.0,14.0,3887.661005970483
656,-15.0,13.899999618530273,4280.839513279069
657,-15.0,13.800000190734863,4417.057883672014
658,-15.0,13.699999809265137,3770.375018680494
659,-15.0,13.600000381469727,3624.84200081419
660,-15.0,13.5,3563.6350096610086
661,-15.0,13.399999618530273,3597.5226760178525
662,-15.0,13.300000190734863,3612.7162367451633
663,-15.0,13.199999809265137,3588.9519940402943
664,-15.0,13.100000381469727,3580.09770518539
665,-15.0,13.0,3498.3917190921534
666,-15.0,12.899999618530273,3392.259192099125
667,-15.0,12.800000190734863,3329.7081972499172
668,-15.0,12.699999809265137,3391.641183573525
669,-15.0,12.600000381469727,3423.4404259217963
670,-15.0,12.5,3975.4882203141915
671,-15.0,12.399999618530273,4013.809021355068
672,-15.0,12.300000190734863,4596.4933371273655
673,-15.0,12.199999809265137,3837.0447909083196
674,-15.0,12.100000381469727,5610.843689723778
675,-15.0,12.0,2199.849158704552
676,-14.899999618530273,14.5,4113.691480409991
677,-14.899999618530273,14.399999618530273,4107.005915028117
678,-14.899999618530273,14.300000190734863,4317.182408589818
679,-14.899999618530273,14.199999809265137,3867.1771172152653
680,-14.899999618530273,14.100000381469727,3924.9245691153956
681,-14.899999618530273,14.0,3928.762577162372
682,-14.899999618530273,13.899999618530273,4442.659529447695
683,-14.899999618530273,13.800000190734863,4395.885993714335
684,-14.899999618530273,13.699999809265137,3775.5740213923723
685,-14.899999618530273,13.600000381469727,3553.252922767743
686,-14.899999618530273,13.5,3641.9762354244053
687,-14.899999618530273,13.399999618530273,3626.2889161728735
688,-14.899999618530273,13.300000190734863,3649.6762090713773
689,-14.899999618530273,13.199999809265137,3640.136336607064
690,-14.899999618530273,13.100000381469727,3587.5044241182586
691,-14.899999618530273,13.0,3493.9631494079854
692,-14.899999618530273,12.899999618530273,3415.847990569251
693,-14.899999618530273,12.800000190734863,3360.763421009971
694,-14.899999618530273,12.699999809265137,3280.6865078740775
695,-14.899999618530273,12.600000381469727,3243.780868530121
696,-14.899999618530273,12.5,3733.167788107641
697,-14.899999618530273,12.399999618530273,4845.7073294448055
698,-14.899999618530273,12.300000190734863,5507.523004840772
699,-14.899999618530273,12.199999809265137,5826.084361098201
700,-14.899999618530273,12.100000381469727,5205.779513674746
701,-14.899999618530273,12.0,3184.9869618400076
702,-14.800000190734863,14.5,4517.4157350580435
703,-14.800000190734863,14.399999618530273,3897.1455104280662
704,-14.800000190734863,14.300000190734863,3863.914278485601
705,-14.800000190734863,14.199999809265137,4257.779529727062
706,-14.800000190734863,14.100000381469727,3941.568869468324
707,-14.800000190734863,14.0,4372.932922693674
708,-14.800000190734863,13.899999618530273,4112.410456430605
709,-14.800000190734863,13.800000190734863,4244.606643026633
710,-14.800000190734863,13.699999809265137,4068.503685434197
711,-14.800000190734863,13.600000381469727,3799.950658736416
712,-14.800000190734863,13.5,3625.893951671852
713,-14.800000190734863,13.399999618530273,3604.3850258165007
714,-14.800000190734863,13.300000190734863,3622.771981877984
715,-14.800000190734863,13.199999809265137,3646.3446846871707
716,-14.800000190734863,13.100000381469727,3600.627493487158
717,-14.800000190734863,13.0,3532.0842219609544
718,-14.800000190734863,12.899999618530273,3468.1721242818435
719,-14.800000190734863,12.800000190734863,3367.0780019248577
720,-14.800000190734863,12.699999809265137,3386.68773884442
721,-14.800000190734863,12.600000381469727,3488.611772457192
722,-14.800000190734863,12.5,3680.303190176803
723,-14.800000190734863,12.399999618530273,4863.0001638591875
724,-14.800000190734863,12.300000190734863,5911.280537001738
725,-14.800000190734863,12.199999809265137,3189.7992311085527
726,-14.800000190734863,12.100000381469727,3226.36409226284
727,-14.800000190734863,12.0,3578.2098034862556
728,-14.699999809265137,14.5,4611.209354323199
729,-14.699999809265137,14.399999618530273,4025.490794583447
730,-14.699999809265137,14.300000190734863,4095.2781019467134
731,-14.699999809265137,14.199999809265137,4470.433818137152
732,-14.699999809265137,14.100000381469727,3815.146947683934
733,-14.699999809265137,14.0,4390.7303629913895
734,-14.699999809265137,13.899999618530273,4202.406405514011
735,-14.699999809265137,13.800000190734863,4124.671152482256
736,-14.699999809265137,13.699999809265137,3870.601204124654
737,-14.699999809265137,13.600000381469727,3742.670122851531
738,-14.699999809265137,13.5,3689.828656839429
739,-14.699999809265137,13.399999618530273,3611.8571362007547
740,-14.699999809265137,13.300000190734863,3623.8599687439714
741,-14.699999809265137,13.199999809265137,3652.268197655952
742,-14.699999809265137,13.100000381469727,3630.048846474547
743,-14.699999809265137,13.0,3564.99700034147
744,-14.699999809265137,12.899999618530273,3477.4528621303125
745,-14.699999809265137,12.800000190734863,3381.9773959430636
746,-14.699999809265137,12.699999809265137,3365.0945692236764
747,-14.699999809265137,12.600000381469727,3398.1793299524597
748,-14.699999809265137,12.5,3375.4776634530604
749,-14.699999809265137,12.399999618530273,4770.711453930558
750,-14.699999809265137,12.300000190734863,5398.826136372232
751,-14.699999809265137,12.199999809265137,2961.3098291628885
752,-14.699999809265137,12.100000381469727,3467.7683167003
753,-14.699999809265137,12.0,3680.1845745293645
754,-14.600000381469727,14.5,4488.522565801159
755,-14.600000381469727,14.399999618530273,4186.234071168193
756,-14.600000381469727,14.300000190734863,4186.6701954126565
757,-14.600000381469727,14.199999809265137,4169.621878648605
758,-14.600000381469727,14.100000381469727,3920.3195657701294
759,-14.600000381469727,14.0,4467.556287711392
760,-14.600000381469727,13.899999618530273,4107.997896592132
761,-14.600000381469727,13.800000190734863,4064.1280839126644
762,-14.600000381469727,13.699999809265137,3812.4500449254033
763,-14.600000381469727,13.600000381469727,3720.983111928774
764,-14.600000381469727,13.5,3640.183576892558
765,-14.600000381469727,13.399999618530273,3669.5235016853835
766,-14.600000381469727,13.300000190734863,3613.4646582582664
767,-14.600000381469727,13.199999809265137,3621.630242656248
768,-14.600000381469727,13.100000381469727,3630.814478692834
769,-14.600000381469727,13.0,3567.0207980147084
770,-14.600000381469727,12.899999618530273,3476.450082093523
771,-14.600000381469727,12.800000190734863,3416.9705802721624
772,-14.600000381469727,12.699999809265137,3377.5422297840732
773,-14.600000381469727,12.600000381469727,3624.93340105712
774,-14.600000381469727,12.5,3827.4528686310373
775,-14.600000381469727,12.399999618530273,3866.0870514607
776,-14.600000381469727,12.300000190734863,3504.0353085759375
777,-14.600000381469727,12.199999809265137,3443.1778048101582
778,-14.600000381469727,12.100000381469727,3531.1918516489895
779,-14.600000381469727,12.0,3679.7949816384103
780,-14.5,14.5,4226.814880915735
781,-14.5,14.399999618530273,3987.0966112975316
782,-14.5,14.300000190734863,4039.799915500845
783,-14.5,14.199999809265137,4247.8060605275205
784,-14.5,14.100000381469727,3998.981615946891
785,-14.5,14.0,4175.6251090614205
786,-14.5,13.899999618530273,4228.179096492144
787,-14.5,13.800000190734863,4195.7913601122955
788,-14.5,13.699999809265137,3961.92799699249
789,-14.5,13.600000381469727,3809.544237983891
790,-14.5,13.5,3765.7428568883392
791,-14.5,13.399999618530273,3745.738062324764
792,-14.5,13.300000190734863,3673.149654509963
793,-14.5,13.199999809265137,3658.5519164198813
794,-14.5,13.100000381469727,3638.809838785552
795,-14.5,13.0,3571.7607592202876
796,-14.5,12.899999618530273,3488.022121197193
797,-14.5,12.800000190734863,3435.4404797626075
798,-14.5,12.699999809265137,3426.354925032265
799,-14.5,12.600000381469727,3433.04838272762
800,-14.5,12.5,3882.150243165838
801,-14.5,12.399999618530273,3626.012730352757
802,-14.5,12.300000190734863,3221.8061180569593
803,-14.5,12.199999809265137,3703.384462396112
804,-14.5,12.100000381469727,3761.927626048054
805,-14.5,12.0,3618.1316909177117
806,-14.399999618530273,14.5,4369.663840594048
807,-14.399999618530273,14.399999618530273,4151.929030427047
808,-14.399999618530273,14.300000190734863,3979.2518105523122
809,-14.399999618530273,14.199999809265137,4105.038346272135
810,-14.399999618530273,14.100000381469727,3949.634204811864
811,-14.399999618530273,14.0,3963.590870165385
812,-14.399999618530273,13.899999618530273,3875.236043212933
813,-14.399999618530273,13.800000190734863,3921.68965312767
814,-14.399999618530273,13.699999809265137,3888.0058308357684
815,-14.399999618530273,13.600000381469727,3863.943513308451
816,-14.399999618530273,13.5,3799.2256536737377
817,-14.399999618530273,13.399999618530273,3758.2492059821857
818,-14.399999618530273,13.300000190734863,3716.344598767211
819,-14.399999618530273,13.199999809265137,3667.005328411563
820,-14.399999618530273,13.100000381469727,3650.8459222256392
821,-14.399999618530273,13.0,3579.8999872829468
822,-14.399999618530273,12.899999618530273,3528.8397864783415
823,-14.399999618530273,12.800000190734863,3477.4846400138526
824,-14.399999618530273,12.699999809265137,3395.823988555556
825,-14.399999618530273,12.600000381469727,3388.5719622614915
826,-14.399999618530273,12.5,3311.963077708893
827,-14.399999618530273,12.399999618530273,3200.7509285053357
828,-14.399999618530273,12.300000190734863,3086.1142133600597
829,-14.399999618530273,12.199999809265137,3665.1275590410846
830,-14.399999618530273,12.100000381469727,3815.798975808701
831,-14.399999618530273,12.0,3703.0362795091937
832,-14.300000190734863,14.5,4547.835948043161
833,-14.300000190734863,14.399999618530273,4324.907427566982
834,-14.300000190734863,14.300000190734863,4275.843244125637
835,-14.300000190734863,14.199999809265137,4200.933548249384
836,-14.300000190734863,14.100000381469727,4021.4811930798824
837,-14.300000190734863,14.0,4034.467622681564
838,-14.300000190734863,13.899999618530273,3993.901358411439
839,-14.300000190734863,13.800000190734863,3977.3670213959376
840,-14.300000190734863,13.699999809265137,3918.0785987022145
841,-14.300000190734863,13.600000381469727,3882.29301928392
842,-14.300000190734863,13.5,3800.4039359865933
843,-14.300000190734863,13.399999618530273,3758.3700587898547
844,-14.300000190734863,13.300000190734863,3700.6109794950926
845,-14.300000190734863,13.199999809265137,3632.9880513450357
846,-14.300000190734863,13.100000381469727,3639.5637998451734
847,-14.300000190734863,13.0,3580.7046450799776
848,-14.300000190734863,12.899999618530273,3510.5545633270604
849,-14.300000190734863,12.800000190734863,3497.7620732881
850,-14.300000190734863,12.699999809265137,3444.6140689266404
851,-14.300000190734863,12.600000381469727,3314.3192973136174
852,-14.300000190734863,12.5,3216.7910265230503
853,-14.300000190734863,12.399999618530273,3129.527999624167
854,-14.300000190734863,12.300000190734863,3102.222377576481
855,-14.300000190734863,12.199999809265137,3698.1545913526134
856,-14.300000190734863,12.100000381469727,3717.7334603192758
857,-14.300000190734863,12.0,3641.233851988805
858,-14.199999809265137,14.5,4380.380363410062
859,-14.199999809265137,14.399999618530273,4003.063664692136
860,-14.199999809265137,14.300000190734863,4106.759284176956
861,-14.199999809265137,14.199999809265137,4073.7354477912436
862,-14.199999809265137,14.100000381469727,4017.218075053827
863,-14.199999809265137,14.0,4034.452140119316
864,-14.199999809265137,13.899999618530273,4021.2830457358764
865,-14.199999809265137,13.800000190734863,3979.1510017430146
866,-14.199999809265137,13.699999809265137,3924.04251260069
867,-14.199999809265137,13.600000381469727,3885.1660461208353
868,-14.199999809265137,13.5,3804.692000434085
869,-14.199999809265137,13.399999618530273,3796.5675907629115
870,-14.199999809265137,13.300000190734863,3707.7389132979006
871,-14.199999809265137,13.199999809265137,3644.926042117182
872,-14.199999809265137,13.100000381469727,3634.2816706251533
873,-14.199999809265137,13.0,3588.3292574859315
874,-14.199999809265137,12.899999618530273,3511.797938145724
875,-14.199999809265137,12.800000190734863,3503.5069892893175
876,-14.199999809265137,12.699999809265137,3415.7083185720735
877,-14.199999809265137,12.600000381469727,3333.2766921067796
878,-14.199999809265137,12.5,3226.503617079165
879,-14.199999809265137,12.399999618530273,3201.056526665036
880,-14.199999809265137,12.300000190734863,3237.0144888979903
881,-14.199999809265137,12.199999809265137,3688.6244620507105
882,-14.199999809265137,12.100000381469727,3648.9289224768427
883,-14.199999809265137,12.0,3419.212525601854
884,-14.100000381469727,14.5,4225.373948547909
885,-14.100000381469727,14.399999618530273,4264.958178101904
886,-14.100000381469727,14.300000190734863,4276.603373078744
887,-14.100000381469727,14.199999809265137,4101.715781382399
888,-14.100000381469727,14.100000381469727,4093.5051046980557
889,-14.100000381469727,14.0,4060.5063264881146
890,-14.100000381469727,13.899999618530273,4107.322333014326
891,-14.100000381469727,13.800000190734863,4077.984327918258
892,-14.100000381469727,13.699999809265137,3938.5501766278408
893,-14.100000381469727,13.600000381469727,3895.494144078371
894,-14.100000381469727,13.5,3819.537525674472
895,-14.100000381469727,13.399999618530273,3874.97437852054
896,-14.100000381469727,13.300000190734863,3714.0914357243223
897,-14.100000381469727,13.199999809265137,3653.2090111880366
898,-14.100000381469727,13.100000381469727,3628.8391512714434
899,-14.100000381469727,13.0,3583.517437844933
900,-14.100000381469727,12.899999618530273,3474.448835738388
901,-14.100000381469727,12.800000190734863,3513.54819962101
902,-14.100000381469727,12.699999809265137,3429.6915654553422
903,-14.100000381469727,12.600000381469727,3341.056313664599
904,-14.100000381469727,12.5,3315.0429119625287
905,-14.100000381469727,12.399999618530273,3177.599254219532
906,-14.100000381469727,12.300000190734863,3250.202182001675
907,-14.100000381469727,12.199999809265137,3484.761860716756
908,-14.100000381469727,12.100000381469727,3373.7860521090042
909,-14.100000381469727,12.0,3128.040079433384
910,-14.0,14.5,4514.438145636838
911,-14.0,14.399999618530273,5031.660772025432
912,-14.0,14.300000190734863,4868.451528709294
913,-14.0,14.199999809265137,4678.115084684238
914,-14.0,14.100000381469727,4107.771946873617
915,-14.0,14.0,4117.023463108022
916,-14.0,13.899999618530273,4036.3342499272153
917,-14.0,13.800000190734863,3943.2161554043237
918,-14.0,13.699999809265137,3942.999162341188
919,-14.0,13.600000381469727,3897.305131169624
920,-14.0,13.5,3824.2770891833884
921,-14.0,13.399999618530273,3793.099769982444
922,-14.0,13.300000190734863,3736.5471451831086
923,-14.0,13.199999809265137,3703.4185300760855
924,-14.0,13.100000381469727,3655.3817891126987
925,-14.0,13.0,3601.5079990488134
926,-14.0,12.899999618530273,3546.095288174681
927,-14.0,12.800000190734863,3526.495399050598
928,-14.0,12.699999809265137,3625.110081265705
929,-14.0,12.600000381469727,3575.3757801616516
930,-14.0,12.5,3955.322388983379
931,-14.0,12.399999618530273,3581.0279972706744
932,-14.0,12.300000190734863,3358.859436401861
933,-14.0,12.199999809265137,3717.840603026577
934,-14.0,12.100000381469727,3391.802748425769
935,-14.0,12.0,3187.632223795788
936,-13.899999618530273,14.5,4876.469765659293
937,-13.899999618530273,14.399999618530273,4968.649513795172
938,-13.899999618530273,14.300000190734863,5013.972910657721
939,-13.899999618530273,14.199999809265137,4186.802400067807
940,-13.899999618530273,14.100000381469727,4047.9385445128537
941,-13.899999618530273,14.0,4068.2388747714604
942,-13.899999618530273,13.899999618530273,4107.182743222058
943,-13.899999618530273,13.800000190734863,4021.150521761516
944,-13.899999618530273,13.699999809265137,3981.320052778145
945,-13.899999618530273,13.600000381469727,3903.7711494270825
946,-13.899999618530273,13.5,4024.8233540164315
947,-13.899999618530273,13.399999618530273,3780.2556504201034
948,-13.899999618530273,13.300000190734863,3765.107526766635
949,-13.899999618530273,13.199999809265137,3750.9807960064654
950,-13.899999618530273,13.100000381469727,3722.5428488557327
951,-13.899999618530273,13.0,3656.455725077073
952,-13.899999618530273,12.899999618530273,3625.509845518971
953,-13.899999618530273,12.800000190734863,3500.431820310102
954,-13.899999618530273,12.699999809265137,3963.088615229175
955,-13.899999618530273,12.600000381469727,4004.223422100928
956,-13.899999618530273,12.5,4026.0690373468333
957,-13.899999618530273,12.399999618530273,3529.5582353860214
958,-13.899999618530273,12.300000190734863,3443.539479986574
959,-13.899999618530273,12.199999809265137,3556.2141143334843
960,-13.899999618530273,12.100000381469727,3011.9039954825794
961,-13.899999618530273,12.0,3180.2795842256646
962,-13.800000190734863,14.5,4304.152586277972
963,-13.800000190734863,14.399999618530273,4399.8868884385165
964,-13.800000190734863,14.300000190734863,4343.88575035905
965,-13.800000190734863,14.199999809265137,4358.268526409414
966,-13.800000190734863,14.100000381469727,4100.54883305518
967,-13.800000190734863,14.0,4077.4470528330485
968,-13.800000190734863,13.899999618530273,4092.380875278944
969,-13.800000190734863,13.800000190734863,4012.52071708443
970,-13.800000190734863,13.699999809265137,4009.205945862984
971,-13.800000190734863,13.600000381469727,3953.7684111195026
972,-13.800000190734863,13.5,3880.4826100212495
973,-13.800000190734863,13.399999618530273,3851.1342777827485
974,-13.800000190734863,13.300000190734863,3812.768123031518
975,-13.800000190734863,13.199999809265137,3771.862031712175
976,-13.800000190734863,13.100000381469727,3731.414538596643
977,-13.800000190734863,13.0,3691.567637960779
978,-13.800000190734863,12.899999618530273,3605.353052607681
979,-13.800000190734863,12.800000190734863,3538.8187010118427
980,-13.800000190734863,12.699999809265137,3869.1553548715438
981,-13.800000190734863,12.600000381469727,3870.3380355115937
982,-13.800000190734863,12.5,3449.822979501092
983,-13.800000190734863,12.399999618530273,3208.6333079031756
984,-13.800000190734863,12.300000190734863,3469.731650423624
985,-13.800000190734863,12.199999809265137,3559.5212411833827
986,-13.800000190734863,12.100000381469727,3030.9167730333006
987,-13.800000190734863,12.0,2949.0686710175487
988,-13.699999809265137,14.5,5119.434825285605
989,-13.699999809265137,14.399999618530273,4114.115073112356
990,-13.699999809265137,14.300000190734863,4500.360023270399
991,-13.699999809265137,14.199999809265137,4774.245075953865
992,-13.699999809265137,14.100000381469727,4691.802913651866
993,-13.699999809265137,14.0,4196.394232805142
994,-13.699999809265137,13.899999618530273,4111.621075926885
995,-13.699999809265137,13.800000190734863,4002.741022012216
996,-13.699999809265137,13.699999809265137,4077.2844398585867
997,-13.699999809265137,13.600000381469727,3986.1325563461073
998,-13.699999809265137,13.5,3934.886527368574
999,-13.699999809265137,13.399999618530273,3880.8707666744194
1000,-13.699999809265137,13.300000190734863,3858.276408661767
1001,-13.699999809265137,13.199999809265137,3797.897183349814
1002,-13.699999809265137,13.100000381469727,3724.3435317610692
1003,-13.699999809265137,13.0,3694.4922676510164
1004,-13.699999809265137,12.899999618530273,3609.346054439692
1005,-13.699999809265137,12.800000190734863,3650.0934627302427
1006,-13.699999809265137,12.699999809265137,3615.070635535314
1007,-13.699999809265137,12.600000381469727,3496.691113431916
1008,-13.699999809265137,12.5,3321.6979042712383
1009,-13.699999809265137,12.399999618530273,3208.1224909412254
1010,-13.699999809265137,12.300000190734863,3738.842016842988
1011,-13.699999809265137,12.199999809265137,3087.3285329517203
1012,-13.699999809265137,12.100000381469727,3039.549987560928
1013,-13.699999809265137,12.0,2948.1482213013905
1014,-13.600000381469727,14.5,5109.7894707353935
1015,-13.600000381469727,14.399999618530273,4685.68008106737
1016,-13.600000381469727,14.300000190734863,4389.772248118533
1017,-13.600000381469727,14.199999809265137,4629.281595170212
1018,-13.600000381469727,14.100000381469727,4406.4071816299665
1019,-13.600000381469727,14.0,4243.7286830902385
1020,-13.600000381469727,13.899999618530273,4106.821213135302
1021,-13.600000381469727,13.800000190734863,4113.610667952231
1022,-13.600000381469727,13.699999809265137,4023.340470564057
1023,-13.600000381469727,13.600000381469727,3980.575192288142
1024,-13.600000381469727,13.5,3928.0308510138148
1025,-13.600000381469727,13.399999618530273,3893.735023857028
1026,-13.600000381469727,13.300000190734863,3851.3885111444133
1027,-13.600000381469727,13.199999809265137,3811.2282137112784
1028,-13.600000381469727,13.100000381469727,3775.6656242183767
1029,-13.600000381469727,13.0,3728.8413646851186
1030,-13.600000381469727,12.899999618530273,3637.402254167286
1031,-13.600000381469727,12.800000190734863,3627.4286755521093
1032,-13.600000381469727,12.699999809265137,3757.695961473286
1033,-13.600000381469727,12.600000381469727,3770.40895174717
1034,-13.600000381469727,12.5,3585.853618713593
1035,-13.600000381469727,12.399999618530273,3263.2286309323686
1036,-13.600000381469727,12.300000190734863,3723.4235581835824
1037,-13.600000381469727,12.199999809265137,3358.4032322371672
1038,-13.600000381469727,12.100000381469727,3497.95975309494
1039,-13.600000381469727,12.0,3342.8166006937395
1040,-13.5,14.5,4980.196133773835
1041,-13.5,14.399999618530273,4580.9888022855
1042,-13.5,14.300000190734863,4490.427075728784
1043,-13.5,14.199999809265137,4560.410144756536
1044,-13.5,14.100000381469727,4327.3944957962
1045,-13.5,14.0,4112.325728903622
1046,-13.5,13.899999618530273,4115.306092169463
1047,-13.5,13.800000190734863,4111.698452765027
1048,-13.5,13.699999809265137,4067.0611696163633
1049,-13.5,13.600000381469727,3998.690263415764
1050,-13.5,13.5,3949.4510027220535
1051,-13.5,13.399999618530273,3906.7689256347635
1052,-13.5,13.300000190734863,3885.845648992835
1053,-13.5,13.199999809265137,3826.400645844329
1054,-13.5,13.100000381469727,3799.106950560438
1055,-13.5,13.0,3728.0040828048172
1056,-13.5,12.899999618530273,3644.113559621002
1057,-13.5,12.800000190734863,3686.9459291237417
1058,-13.5,12.699999809265137,3480.416899009206
1059,-13.5,12.600000381469727,3815.4079980838715
1060,-13.5,12.5,3445.2230160755043
1061,-13.5,12.399999618530273,3251.6427824758475
1062,-13.5,12.300000190734863,3336.506645471615
1063,-13.5,12.199999809265137,3214.71637853506
1064,-13.5,12.100000381469727,3503.0086841145417
1065,-13.5,12.0,3737.27662961662
1066,-13.399999618530273,14.5,5130.816503545363
1067,-13.399999618530273,14.399999618530273,4380.190056576939
1068,-13.399999618530273,14.300000190734863,4168.420787260801
1069,-13.399999618530273,14.199999809265137,4616.849012007648
1070,-13.399999618530273,14.100000381469727,4228.450047032398
1071,-13.399999618530273,14.0,4157.139650307933
1072,-13.399999618530273,13.899999618530273,4149.904510117043
1073,-13.399999618530273,13.800000190734863,4109.794751341581
1074,-13.399999618530273,13.699999809265137,4076.8389077286956
1075,-13.399999618530273,13.600000381469727,4026.6792355350035
1076,-13.399999618530273,13.5,3960.410853626984
1077,-13.399999618530273,13.399999618530273,3904.3185864459288
1078,-13.399999618530273,13.300000190734863,3898.581908659648
1079,-13.399999618530273,13.199999809265137,3851.444704306004
1080,-13.399999618530273,13.100000381469727,3811.772742867641
1081,-13.399999618530273,13.0,3721.872911054379
1082,-13.399999618530273,12.899999618530273,3631.211257127647
1083,-13.399999618530273,12.800000190734863,3562.6910095302214
1084,-13.399999618530273,12.699999809265137,3547.487960054985
1085,-13.399999618530273,12.600000381469727,3720.3808498372687
1086,-13.399999618530273,12.5,3486.8561028875083
1087,-13.399999618530273,12.399999618530273,3245.3444652521757
1088,-13.399999618530273,12.300000190734863,3252.558108885392
1089,-13.399999618530273,12.199999809265137,3373.7122231644994
1090,-13.399999618530273,12.100000381469727,3512.0653143484083
1091,-13.399999618530273,12.0,3560.56232573217
1092,-13.300000190734863,14.5,5028.585818310676
1093,-13.300000190734863,14.399999618530273,4563.086601291067
1094,-13.300000190734863,14.300000190734863,4615.662522278233
1095,-13.300000190734863,14.199999809265137,4700.294699965581
1096,-13.300000190734863,14.100000381469727,4150.824603810856
1097,-13.300000190734863,14.0,4166.063157672761
1098,-13.300000190734863,13.899999618530273,4179.168399505023
1099,-13.300000190734863,13.800000190734863,4131.873580781541
1100,-13.300000190734863,13.699999809265137,4089.6049251711734
1101,-13.300000190734863,13.600000381469727,4033.3451940378086
1102,-13.300000190734863,13.5,3984.8046584105964
1103,-13.300000190734863,13.399999618530273,3914.839291193062
1104,-13.300000190734863,13.300000190734863,3867.7293565921573
1105,-13.300000190734863,13.199999809265137,3855.3267203502273
1106,-13.300000190734863,13.100000381469727,3812.5333221150045
1107,-13.300000190734863,13.0,3724.618065458116
1108,-13.300000190734863,12.899999618530273,3647.5863581266626
1109,-13.300000190734863,12.800000190734863,3574.247125574564
1110,-13.300000190734863,12.699999809265137,3505.1422519693187
1111,-13.300000190734863,12.600000381469727,3401.518798573844
1112,-13.300000190734863,12.5,3251.9892232076963
1113,-13.300000190734863,12.399999618530273,3328.3556719762328
1114,-13.300000190734863,12.300000190734863,3181.6083915603886
1115,-13.300000190734863,12.199999809265137,3411.6844903187316
1116,-13.300000190734863,12.100000381469727,3506.889549171733
1117,-13.300000190734863,12.0,3479.855930514952
1118,-13.199999809265137,14.5,4638.4823235987815
1119,-13.199999809265137,14.399999618530273,4802.324985627835
1120,-13.199999809265137,14.300000190734863,4798.668078595491
1121,-13.199999809265137,14.199999809265137,4717.640430642365
1122,-13.199999809265137,14.100000381469727,4166.826428792079
1123,-13.199999809265137,14.0,4165.467484176203
1124,-13.199999809265137,13.899999618530273,4200.748155203372
1125,-13.199999809265137,13.800000190734863,4143.406191604731
1126,-13.199999809265137,13.699999809265137,4090.510437782912
1127,-13.199999809265137,13.600000381469727,4051.554677131467
1128,-13.199999809265137,13.5,3984.522687084465
1129,-13.199999809265137,13.399999618530273,3936.594537065073
1130,-13.199999809265137,13.300000190734863,3894.5165839633846
1131,-13.199999809265137,13.199999809265137,3846.3950928772833
1132,-13.199999809265137,13.100000381469727,3797.8510186842514
1133,-13.199999809265137,13.0,3715.7771255014486
1134,-13.199999809265137,12.899999618530273,3657.535434125044
1135,-13.199999809265137,12.800000190734863,3595.766896165704
1136,-13.199999809265137,12.699999809265137,3669.058964298519
1137,-13.199999809265137,12.600000381469727,3762.7302917389497
1138,-13.199999809265137,12.5,3342.1828862894454
1139,-13.199999809265137,12.399999618530273,3323.208502435822
1140,-13.199999809265137,12.300000190734863,3199.030916002645
1141,-13.199999809265137,12.199999809265137,3462.7428552779547
1142,-13.199999809265137,12.100000381469727,3079.8143719769632
1143,-13.199999809265137,12.0,3460.0392138484476
1144,-13.100000381469727,14.5,4327.902953246549
1145,-13.100000381469727,14.399999618530273,5033.250956708592
1146,-13.100000381469727,14.300000190734863,5030.478432648406
1147,-13.100000381469727,14.199999809265137,4565.174497315848
1148,-13.100000381469727,14.100000381469727,4058.738730855883
1149,-13.100000381469727,14.0,4162.374160827553
1150,-13.100000381469727,13.899999618530273,4197.0390616375735
1151,-13.100000381469727,13.800000190734863,4144.137206220837
1152,-13.100000381469727,13.699999809265137,4100.577574070375
1153,-13.100000381469727,13.600000381469727,4053.6393572315847
1154,-13.100000381469727,13.5,3982.567994684807
1155,-13.100000381469727,13.399999618530273,3924.3315306038658
1156,-13.100000381469727,13.300000190734863,3881.519176362666
1157,-13.100000381469727,13.199999809265137,3826.5896987352157
1158,-13.100000381469727,13.100000381469727,3788.107690830472
1159,-13.100000381469727,13.0,3724.8463913671976
1160,-13.100000381469727,12.899999618530273,3659.330393906661
1161,-13.100000381469727,12.800000190734863,3607.2908846976416
1162,-13.100000381469727,12.699999809265137,3516.715628180008
1163,-13.100000381469727,12.600000381469727,3437.8561519962354
1164,-13.100000381469727,12.5,3341.5054774542373
1165,-13.100000381469727,12.399999618530273,3612.240437069397
1166,-13.100000381469727,12.300000190734863,3222.941446295283
1167,-13.100000381469727,12.199999809265137,3190.0793609666134
1168,-13.100000381469727,12.100000381469727,3312.5542644451148
1169,-13.100000381469727,12.0,3207.9802722231575
1170,-13.0,14.5,4654.892731666596
1171,-13.0,14.399999618530273,5303.126151017525
1172,-13.0,14.300000190734863,5092.253351764698
1173,-13.0,14.199999809265137,4676.900784032041
1174,-13.0,14.100000381469727,4288.463873141186
1175,-13.0,14.0,4148.646985351109
1176,-13.0,13.899999618530273,4205.140796441095
1177,-13.0,13.800000190734863,4143.3400377776425
1178,-13.0,13.699999809265137,4103.723990357176
1179,-13.0,13.600000381469727,4058.3546579164768
1180,-13.0,13.5,3983.293715424674
1181,-13.0,13.399999618530273,3931.7440871826193
1182,-13.0,13.300000190734863,3875.8377657158003
1183,-13.0,13.199999809265137,3828.3507493600537
1184,-13.0,13.100000381469727,3793.2108805549947
1185,-13.0,13.0,3730.3845371341417
1186,-13.0,12.899999618530273,3650.2676261092483
1187,-13.0,12.800000190734863,3609.388814989425
1188,-13.0,12.699999809265137,3516.4523430762283
1189,-13.0,12.600000381469727,3494.148496732913
1190,-13.0,12.5,3447.9407052949673
1191,-13.0,12.399999618530273,3208.511298569995
1192,-13.0,12.300000190734863,3517.446246467187
1193,-13.0,12.199999809265137,3750.2717655497977
1194,-13.0,12.100000381469727,3569.62675576712
1195,-13.0,12.0,3104.7850502815227
1196,-12.899999618530273,14.5,4560.371805926673
1197,-12.899999618530273,14.399999618530273,5377.788497990401
1198,-12.899999618530273,14.300000190734863,5196.7949238947685
1199,-12.899999618530273,14.199999809265137,4841.400416596423
1200,-12.899999618530273,14.100000381469727,4131.880140953494
1201,-12.899999618530273,14.0,4180.132057228421
1202,-12.899999618530273,13.899999618530273,4184.581464833898
1203,-12.899999618530273,13.800000190734863,4136.916385730506
1204,-12.899999618530273,13.699999809265137,4092.9539362512887
1205,-12.899999618530273,13.600000381469727,4042.7277588892243
1206,-12.899999618530273,13.5,3980.281450962836
1207,-12.899999618530273,13.399999618530273,3943.7283647133886
1208,-12.899999618530273,13.300000190734863,3894.338321853036
1209,-12.899999618530273,13.199999809265137,3842.136337122553
1210,-12.899999618530273,13.100000381469727,3805.552891485904
1211,-12.899999618530273,13.0,3741.6345405846087
1212,-12.899999618530273,12.899999618530273,3658.8297631631044
1213,-12.899999618530273,12.800000190734863,3615.99845365622
1214,-12.899999618530273,12.699999809265137,3530.5811997973324
1215,-12.899999618530273,12.600000381469727,3556.5770520631877
1216,-12.899999618530273,12.5,3649.637658940138
1217,-12.899999618530273,12.399999618530273,3423.683480577236
1218,-12.899999618530273,12.300000190734863,3541.2224029532927
1219,-12.899999618530273,12.199999809265137,3598.831910314277
1220,-12.899999618530273,12.100000381469727,3450.0294485255295
1221,-12.899999618530273,12.0,3199.876061885816
1222,-12.800000190734863,14.5,5033.856395036221
1223,-12.800000190734863,14.399999618530273,5068.026030771158
1224,-12.800000190734863,14.300000190734863,4860.9741643139905
1225,-12.800000190734863,14.199999809265137,4294.57718598372
1226,-12.800000190734863,14.100000381469727,4151.403527911334
1227,-12.800000190734863,14.0,4165.11587803078
1228,-12.800000190734863,13.899999618530273,4192.322461123719
1229,-12.800000190734863,13.800000190734863,4125.338597816647
1230,-12.800000190734863,13.699999809265137,4083.281125856008
1231,-12.800000190734863,13.600000381469727,4023.7188728535016
1232,-12.800000190734863,13.5,3997.46798278784
1233,-12.800000190734863,13.399999618530273,3960.6453953151295
1234,-12.800000190734863,13.300000190734863,3915.396663723579
1235,-12.800000190734863,13.199999809265137,3856.057145153257
1236,-12.800000190734863,13.100000381469727,3816.711880506589
1237,-12.800000190734863,13.0,3741.3855985217683
1238,-12.800000190734863,12.899999618530273,3671.8288116832964
1239,-12.800000190734863,12.800000190734863,3631.0924581730515
1240,-12.800000190734863,12.699999809265137,3528.4496161105203
1241,-12.800000190734863,12.600000381469727,3515.9241515694644
1242,-12.800000190734863,12.5,3356.3211219921395
1243,-12.800000190734863,12.399999618530273,3258.026871118045
1244,-12.800000190734863,12.300000190734863,3078.2237559243313
1245,-12.800000190734863,12.199999809265137,3324.8765007752263
1246,-12.800000190734863,12.100000381469727,3158.7324812299166
1247,-12.800000190734863,12.0,3113.1454005635837
1248,-12.699999809265137,14.5,4219.894085310791
1249,-12.699999809265137,14.399999618530273,4763.536835947327
1250,-12.699999809265137,14.300000190734863,4923.022661712996
1251,-12.699999809265137,14.199999809265137,4388.652932530209
1252,-12.699999809265137,14.100000381469727,4202.0953645030695
1253,-12.699999809265137,14.0,4194.200422458569
1254,-12.699999809265137,13.899999618530273,4182.585166128768
1255,-12.699999809265137,13.800000190734863,4123.923143025446
1256,-12.699999809265137,13.699999809265137,4072.9909633470197
1257,-12.699999809265137,13.600000381469727,4025.5635572470924
1258,-12.699999809265137,13.5,4002.9499967399997
1259,-12.699999809265137,13.399999618530273,3981.9068382459536
1260,-12.699999809265137,13.300000190734863,3933.583262575604
1261,-12.699999809265137,13.199999809265137,3874.5747742826998
1262,-12.699999809265137,13.100000381469727,3830.9287499420084
1263,-12.699999809265137,13.0,3760.208093007594
1264,-12.699999809265137,12.899999618530273,3692.9741810276837
1265,-12.699999809265137,12.800000190734863,3639.7492554935743
1266,-12.699999809265137,12.699999809265137,3547.1975681223284
1267,-12.699999809265137,12.600000381469727,3490.371581415181
1268,-12.699999809265137,12.5,3392.4913224303205
1269,-12.699999809265137,12.399999618530273,3239.568096901782
1270,-12.699999809265137,12.300000190734863,3129.3208944925964
1271,-12.699999809265137,12.199999809265137,2995.95541856176
1272,-12.699999809265137,12.100000381469727,2781.7179788183457
1273,-12.699999809265137,12.0,2800.6447573316013
1274,-12.600000381469727,14.5,4305.570981153666
1275,-12.600000381469727,14.399999618530273,4839.536073320964
1276,-12.600000381469727,14.300000190734863,4530.0418845705435
1277,-12.600000381469727,14.199999809265137,4287.773278868178
1278,-12.600000381469727,14.100000381469727,4187.1067951906225
1279,-12.600000381469727,14.0,4201.24044109965
1280,-12.600000381469727,13.899999618530273,4194.715077721337
1281,-12.600000381469727,13.800000190734863,4143.767769883621
1282,-12.600000381469727,13.699999809265137,4094.3332976116617
1283,-12.600000381469727,13.600000381469727,4051.2160839713397
1284,-12.600000381469727,13.5,4018.139784135137
1285,-12.600000381469727,13.399999618530273,3979.2595758415364
1286,-12.600000381469727,13.300000190734863,3929.505904380756
1287,-12.600000381469727,13.199999809265137,3879.3119515355133
1288,-12.600000381469727,13.100000381469727,3836.2498529103536
1289,-12.600000381469727,13.0,3767.018022834643
1290,-12.600000381469727,12.899999618530273,3678.715558949888
1291,-12.600000381469727,12.800000190734863,3615.947761531048
1292,-12.600000381469727,12.699999809265137,3523.735402508186
1293,-12.600000381469727,12.600000381469727,3427.3726535328756
1294,-12.600000381469727,12.5,3339.7882559051027
1295,-12.600000381469727,12.399999618530273,3111.9155944849695
1296,-12.600000381469727,12.300000190734863,3284.679263112283
1297,-12.600000381469727,12.199999809265137,3101.8303815993345
1298,-12.600000381469727,12.100000381469727,2839.5653143417535
1299,-12.600000381469727,12.0,3164.0398811807804
1300,-12.5,14.5,4791.950628280891
1301,-12.5,14.399999618530273,4904.146320716393
1302,-12.5,14.300000190734863,4564.390407896846
1303,-12.5,14.199999809265137,4276.676636882585
1304,-12.5,14.100000381469727,4205.511749282782
1305,-12.5,14.0,4220.63954382401
1306,-12.5,13.899999618530273,4198.809725019266
1307,-12.5,13.800000190734863,4159.489388306099
1308,-12.5,13.699999809265137,4107.312763519072
1309,-12.5,13.600000381469727,4067.2163415731993
1310,-12.5,13.5,4001.852686425221
1311,-12.5,13.399999618530273,3952.3700537739396
1312,-12.5,13.300000190734863,3925.1103923946184
1313,-12.5,13.199999809265137,3865.562130897477
1314,-12.5,13.100000381469727,3833.0851258414214
1315,-12.5,13.0,3760.1156779440057
1316,-12.5,12.899999618530273,3736.6912483242013
1317,-12.5,12.800000190734863,3676.737800687687
1318,-12.5,12.699999809265137,3495.406310352102
1319,-12.5,12.600000381469727,3389.55205474924
1320,-12.5,12.5,3278.3290935280656
1321,-12.5,12.399999618530273,3076.2334710966766
1322,-12.5,12.300000190734863,3044.2957352698336
1323,-12.5,12.199999809265137,3252.530180200058
1324,-12.5,12.100000381469727,5227.116643708509
1325,-12.5,12.0,5029.652484817584
1326,-12.399999618530273,14.5,5093.055821973127
1327,-12.399999618530273,14.399999618530273,4744.910368226072
1328,-12.399999618530273,14.300000190734863,4747.111130116256
1329,-12.399999618530273,14.199999809265137,4461.356300293045
1330,-12.399999618530273,14.100000381469727,4149.309973474916
1331,-12.399999618530273,14.0,4233.317242300922
1332,-12.399999618530273,13.899999618530273,4210.972523344649
1333,-12.399999618530273,13.800000190734863,4176.865466820926
1334,-12.399999618530273,13.699999809265137,4114.136863134847
1335,-12.399999618530273,13.600000381469727,4068.318687748909
1336,-12.399999618530273,13.5,4003.1164511951506
1337,-12.399999618530273,13.399999618530273,3960.4842733367955
1338,-12.399999618530273,13.300000190734863,3923.956067972206
1339,-12.399999618530273,13.199999809265137,3869.1504753853055
1340,-12.399999618530273,13.100000381469727,3839.4941143702263
1341,-12.399999618530273,13.0,3752.38666442516
1342,-12.399999618530273,12.899999618530273,3665.2324850314803
1343,-12.399999618530273,12.800000190734863,3626.9488724006533
1344,-12.399999618530273,12.699999809265137,3473.3301028503797
1345,-12.399999618530273,12.600000381469727,3365.216320059658
1346,-12.399999618530273,12.5,3252.943754953077
1347,-12.399999618530273,12.399999618530273,3095.9047431160357
1348,-12.399999618530273,12.300000190734863,3343.4168545605435
1349,-12.399999618530273,12.199999809265137,3397.5147188363635
1350,-12.399999618530273,12.100000381469727,5325.5425340798665
1351,-12.399999618530273,12.0,5675.263182149372
1352,-12.300000190734863,14.5,4640.321271172641
1353,-12.300000190734863,14.399999618530273,4425.686571102792
1354,-12.300000190734863,14.300000190734863,4456.811228064622
1355,-12.300000190734863,14.199999809265137,4427.756439231725
1356,-12.300000190734863,14.100000381469727,4156.363929062378
1357,-12.300000190734863,14.0,4185.499969542148
1358,-12.300000190734863,13.899999618530273,4175.451211657012
1359,-12.300000190734863,13.800000190734863,4135.906375549156
1360,-12.300000190734863,13.699999809265137,4092.684125350285
1361,-12.300000190734863,13.600000381469727,4046.611014848376
1362,-12.300000190734863,13.5,3987.850726528919
1363,-12.300000190734863,13.399999618530273,3955.9769263606895
1364,-12.300000190734863,13.300000190734863,3904.7593414982007
1365,-12.300000190734863,13.199999809265137,3862.9654521618845
1366,-12.300000190734863,13.100000381469727,3837.3097037615044
1367,-12.300000190734863,13.0,3900.028648043871
1368,-12.300000190734863,12.899999618530273,3646.1840367326927
1369,-12.300000190734863,12.800000190734863,3572.716499369192
1370,-12.300000190734863,12.699999809265137,3437.2723112373724
1371,-12.300000190734863,12.600000381469727,3322.481385698197
1372,-12.300000190734863,12.5,3219.1059429942534
1373,-12.300000190734863,12.399999618530273,3058.1402090555
1374,-12.300000190734863,12.300000190734863,3112.4872298983087
1375,-12.300000190734863,12.199999809265137,3288.623248662518
1376,-12.300000190734863,12.100000381469727,5452.053350274466
1377,-12.300000190734863,12.0,5664.250982089567
1378,-12.199999809265137,14.5,4665.486444137792
1379,-12.199999809265137,14.399999618530273,4475.180563935269
1380,-12.199999809265137,14.300000190734863,4222.033704158469
1381,-12.199999809265137,14.199999809265137,4728.886630340765
1382,-12.199999809265137,14.100000381469727,4467.710384095233
1383,-12.199999809265137,14.0,4340.207601771876
1384,-12.199999809265137,13.899999618530273,4112.893868256858
1385,-12.199999809265137,13.800000190734863,4077.8209664562837
1386,-12.199999809265137,13.699999809265137,4034.8942067776547
1387,-12.199999809265137,13.600000381469727,3995.8269754690064
1388,-12.199999809265137,13.5,3960.0452896294255
1389,-12.199999809265137,13.399999618530273,3942.1736818224526
1390,-12.199999809265137,13.300000190734863,3901.7941615247587
1391,-12.199999809265137,13.199999809265137,3839.343598294764
1392,-12.199999809265137,13.100000381469727,3880.7580417252084
1393,-12.199999809265137,13.0,3897.441844943799
1394,-12.199999809265137,12.899999618530273,3631.835019693714
1395,-12.199999809265137,12.800000190734863,3550.265744127071
1396,-12.199999809265137,12.699999809265137,3437.014399865432
1397,-12.199999809265137,12.600000381469727,3311.3341836454333
1398,-12.199999809265137,12.5,3223.9102719249418
1399,-12.199999809265137,12.399999618530273,3083.5138295663623
1400,-12.199999809265137,12.300000190734863,2985.2605328776385
1401,-12.199999809265137,12.199999809265137,2998.605375646187
1402,-12.199999809265137,12.100000381469727,3227.9407269558064
1403,-12.199999809265137,12.0,3192.9832533893964
1404,-12.100000381469727,14.5,4576.2752567420075
1405,-12.100000381469727,14.399999618530273,4215.488748295651
1406,-12.100000381469727,14.300000190734863,4206.619938677751
1407,-12.100000381469727,14.199999809265137,4713.975638210065
1408,-12.100000381469727,14.100000381469727,4153.8444284681855
1409,-12.100000381469727,14.0,4146.539984302953
1410,-12.100000381469727,13.899999618530273,4124.109223564594
1411,-12.100000381469727,13.800000190734863,4072.4806137776804
1412,-12.100000381469727,13.699999809265137,4044.679232860253
1413,-12.100000381469727,13.600000381469727,4015.9044203913973
1414,-12.100000381469727,13.5,3970.5611473174613
1415,-12.100000381469727,13.399999618530273,3932.3946273197894
1416,-12.100000381469727,13.300000190734863,3886.667554077851
1417,-12.100000381469727,13.199999809265137,3788.5403000378055
1418,-12.100000381469727,13.100000381469727,3881.789978226709
1419,-12.100000381469727,13.0,3735.6519576462742
1420,-12.100000381469727,12.899999618530273,4122.374925756637
1421,-12.100000381469727,12.800000190734863,4015.3935811818737
1422,-12.100000381469727,12.699999809265137,3434.5917204256316
1423,-12.100000381469727,12.600000381469727,3317.097404922329
1424,-12.100000381469727,12.5,3256.560446631517
1425,-12.100000381469727,12.399999618530273,3133.796376681185
1426,-12.100000381469727,12.300000190734863,3056.442364680133
1427,-12.100000381469727,12.199999809265137,2938.5915644362017
1428,-12.100000381469727,12.100000381469727,2929.0984721108453
1429,-12.100000381469727,12.0,3000.626747581838
1430,-12.0,14.5,4771.798861748989
1431,-12.0,14.399999618530273,4226.1536696327685
1432,-12.0,14.300000190734863,4354.156122872378
1433,-12.0,14.199999809265137,4217.9311707604475
1434,-12.0,14.100000381469727,4200.5216825596135
1435,-12.0,14.0,4160.397945136833
1436,-12.0,13.899999618530273,4132.648334583939
1437,-12.0,13.800000190734863,4084.377855206885
1438,-12.0,13.699999809265137,4042.817328682328
1439,-12.0,13.600000381469727,3995.1250172736436
1440,-12.0,13.5,3940.777051718373
1441,-12.0,13.399999618530273,3894.4107438927526
1442,-12.0,13.300000190734863,3856.9961065755083
1443,-12.0,13.199999809265137,3789.5095448216084
1444,-12.0,13.100000381469727,3729.5669788970117
1445,-12.0,13.0,3856.8218842784154
1446,-12.0,12.899999618530273,4075.450970173838
1447,-12.0,12.800000190734863,3924.5522151166874
1448,-12.0,12.699999809265137,3396.7660008666385
1449,-12.0,12.600000381469727,3323.4290959383366
1450,-12.0,12.5,3239.837755666407
1451,-12.0,12.399999618530273,3101.3876420809347
1452,-12.0,12.300000190734863,3116.862192222066
1453,-12.0,12.199999809265137,2874.160977569632
1454,-12.0,12.100000381469727,2785.3321037267324
1455,-12.0,12.0,2809.0097737162996
1456,-11.899999618530273,14.5,4233.527028483339
1457,-11.899999618530273,14.399999618530273,4234.003413657006
1458,-11.899999618530273,14.300000190734863,4222.029139877546
1459,-11.899999618530273,14.199999809265137,4242.07141993786
1460,-11.899999618530273,14.100000381469727,4218.758123495185
1461,-11.899999618530273,14.0,4184.205460816044
1462,-11.899999618530273,13.899999618530273,4149.187921828918
1463,-11.899999618530273,13.800000190734863,4093.603050233368
1464,-11.899999618530273,13.699999809265137,4054.0235462565224
1465,-11.899999618530273,13.600000381469727,3996.138119415892
1466,-11.899999618530273,13.5,3916.515349490251
1467,-11.899999618530273,13.399999618530273,3883.443868536918
1468,-11.899999618530273,13.300000190734863,3840.3160213364094
1469,-11.899999618530273,13.199999809265137,3778.905041156094
1470,-11.899999618530273,13.100000381469727,3748.168775281356
1471,-11.899999618530273,13.0,3880.0645292569125
1472,-11.899999618530273,12.899999618530273,3551.719263462774
1473,-11.899999618530273,12.800000190734863,3553.269220584995
1474,-11.899999618530273,12.699999809265137,3408.769121115699
1475,-11.899999618530273,12.600000381469727,3311.443495288735
1476,-11.899999618530273,12.5,3224.4242341838913
1477,-11.899999618530273,12.399999618530273,3091.263834985721
1478,-11.899999618530273,12.300000190734863,3227.6231682227553
1479,-11.899999618530273,12.199999809265137,2770.4056813389684
1480,-11.899999618530273,12.100000381469727,2911.481223470149
1481,-11.899999618530273,12.0,2910.791248338844
1482,-11.800000190734863,14.5,4134.97896414538
1483,-11.800000190734863,14.399999618530273,4456.136971616213
1484,-11.800000190734863,14.300000190734863,4823.395218363432
1485,-11.800000190734863,14.199999809265137,4346.009305803877
1486,-11.800000190734863,14.100000381469727,4213.994752481644
1487,-11.800000190734863,14.0,4188.288199156856
1488,-11.800000190734863,13.899999618530273,4152.1597428027835
1489,-11.800000190734863,13.800000190734863,4092.661044553933
1490,-11.800000190734863,13.699999809265137,4048.6531083463874
1491,-11.800000190734863,13.600000381469727,3987.7787400694547
1492,-11.800000190734863,13.5,3918.0749893010366
1493,-11.800000190734863,13.399999618530273,3846.3178221378043
1494,-11.800000190734863,13.300000190734863,3796.563030596412
1495,-11.800000190734863,13.199999809265137,3770.05715745991
1496,-11.800000190734863,13.100000381469727,3739.050846921998
1497,-11.800000190734863,13.0,3659.7820704494993
1498,-11.800000190734863,12.899999618530273,3580.0186168365835
1499,-11.800000190734863,12.800000190734863,3522.7391804882886
1500,-11.800000190734863,12.699999809265137,3418.792964769097
1501,-11.800000190734863,12.600000381469727,3332.5533433420987
1502,-11.800000190734863,12.5,3236.7553110903036
1503,-11.800000190734863,12.399999618530273,3057.016861522328
1504,-11.800000190734863,12.300000190734863,2940.459759240376
1505,-11.800000190734863,12.199999809265137,3003.1867153981248
1506,-11.800000190734863,12.100000381469727,3010.936605754301
1507,-11.800000190734863,12.0,3211.696122640741
1508,-11.699999809265137,14.5,4392.73614272266
1509,-11.699999809265137,14.399999618530273,4333.529472582484
1510,-11.699999809265137,14.300000190734863,4489.900414280734
1511,-11.699999809265137,14.199999809265137,4206.377677672103
1512,-11.699999809265137,14.100000381469727,4139.412756239271
1513,-11.699999809265137,14.0,4192.356820367576
1514,-11.699999809265137,13.899999618530273,4129.00885750885
1515,-11.699999809265137,13.800000190734863,4083.617144841527
1516,-11.699999809265137,13.699999809265137,4013.4643408274933
1517,-11.699999809265137,13.600000381469727,3959.062185161022
1518,-11.699999809265137,13.5,3895.5366928668677
1519,-11.699999809265137,13.399999618530273,3798.9180418480305
1520,-11.699999809265137,13.300000190734863,3763.404633055495
1521,-11.699999809265137,13.199999809265137,3726.981853794167
1522,-11.699999809265137,13.100000381469727,3693.9309498222838
1523,-11.699999809265137,13.0,3618.9252430208185
1524,-11.699999809265137,12.899999618530273,3540.4455647497252
1525,-11.699999809265137,12.800000190734863,3491.222688066656
1526,-11.699999809265137,12.699999809265137,3402.162664812035
1527,-11.699999809265137,12.600000381469727,3328.9147415853045
1528,-11.699999809265137,12.5,3264.2391003563553
1529,-11.699999809265137,12.399999618530273,3074.2403947371527
1530,-11.699999809265137,12.300000190734863,2955.536390715671
1531,-11.699999809265137,12.199999809265137,3151.542289525672
1532,-11.699999809265137,12.100000381469727,3230.744318322275
1533,-11.699999809265137,12.0,3201.500400768067
1534,-11.600000381469727,14.5,4524.477839418688
1535,-11.600000381469727,14.399999618530273,4788.754831641086
1536,-11.600000381469727,14.300000190734863,4416.239745431875
1537,-11.600000381469727,14.199999809265137,4155.227042602727
1538,-11.600000381469727,14.100000381469727,4100.254542718867
1539,-11.600000381469727,14.0,4146.409169925752
1540,-11.600000381469727,13.899999618530273,4115.4792011275595
1541,-11.600000381469727,13.800000190734863,4063.308065713164
1542,-11.600000381469727,13.699999809265137,4016.7862160223017
1543,-11.600000381469727,13.600000381469727,3961.3597711161
1544,-11.600000381469727,13.5,3882.05222255161
1545,-11.600000381469727,13.399999618530273,3813.094307291528
1546,-11.600000381469727,13.300000190734863,3743.6285541785064
1547,-11.600000381469727,13.199999809265137,3663.975997462552
1548,-11.600000381469727,13.100000381469727,3637.685660130408
1549,-11.600000381469727,13.0,3588.91199329176
1550,-11.600000381469727,12.899999618530273,3527.9823708765102
1551,-11.600000381469727,12.800000190734863,3474.8291262095295
1552,-11.600000381469727,12.699999809265137,3403.9033541065114
1553,-11.600000381469727,12.600000381469727,3360.163569248607
1554,-11.600000381469727,12.5,3303.7485706952075
1555,-11.600000381469727,12.399999618530273,3113.394876827255
1556,-11.600000381469727,12.300000190734863,3073.9118278762517
1557,-11.600000381469727,12.199999809265137,3453.1567027631977
1558,-11.600000381469727,12.100000381469727,3285.69373319163
1559,-11.600000381469727,12.0,3011.291775405049
1560,-11.5,14.5,4866.662319014204
1561,-11.5,14.399999618530273,4685.158235622695
1562,-11.5,14.300000190734863,4871.686350210774
1563,-11.5,14.199999809265137,4328.392679349201
1564,-11.5,14.100000381469727,4050.2872992965986
1565,-11.5,14.0,4078.8111311927223
1566,-11.5,13.899999618530273,4095.3944493348413
1567,-11.5,13.800000190734863,4031.278896321475
1568,-11.5,13.699999809265137,3977.328690864479
1569,-11.5,13.600000381469727,3912.4378973971984
1570,-11.5,13.5,3843.6304393114883
1571,-11.5,13.399999618530273,3782.6945117440387
1572,-11.5,13.300000190734863,3702.11734211979
1573,-11.5,13.199999809265137,3629.0216029827393
1574,-11.5,13.100000381469727,3530.3266340734854
1575,-11.5,13.0,3525.967242350804
1576,-11.5,12.899999618530273,3475.528351994779
1577,-11.5,12.800000190734863,3423.9738306556546
1578,-11.5,12.699999809265137,3372.4240490587113
1579,-11.5,12.600000381469727,3348.0549187872452
1580,-11.5,12.5,3302.637137128895
1581,-11.5,12.399999618530273,3152.6646697440283
1582,-11.5,12.300000190734863,3240.478231851595
1583,-11.5,12.199999809265137,3569.1929502255007
1584,-11.5,12.100000381469727,3291.9687735692414
1585,-11.5,12.0,2963.554157902094
1586,-11.399999618530273,14.5,4394.976014213547
1587,-11.399999618530273,14.399999618530273,4310.6206075330465
1588,-11.399999618530273,14.300000190734863,4044.810375404656
1589,-11.399999618530273,14.199999809265137,4021.571257683606
1590,-11.399999618530273,14.100000381469727,3818.684071772121
1591,-11.399999618530273,14.0,3942.3186228556074
1592,-11.399999618530273,13.899999618530273,4015.358371463859
1593,-11.399999618530273,13.800000190734863,3984.868689273641
1594,-11.399999618530273,13.699999809265137,3866.6690278721353
1595,-11.399999618530273,13.600000381469727,3834.91558728101
1596,-11.399999618530273,13.5,3769.6237466889793
1597,-11.399999618530273,13.399999618530273,3707.1567970477454
1598,-11.399999618530273,13.300000190734863,3638.4544803799736
1599,-11.399999618530273,13.199999809265137,3581.030500736482
1600,-11.399999618530273,13.100000381469727,3493.826989614026
1601,-11.399999618530273,13.0,3431.3146525927536
1602,-11.399999618530273,12.899999618530273,3364.618445916671
1603,-11.399999618530273,12.800000190734863,3311.034696550515
1604,-11.399999618530273,12.699999809265137,3280.1398666582163
1605,-11.399999618530273,12.600000381469727,3271.2671047606896
1606,-11.399999618530273,12.5,3248.9297892718155
1607,-11.399999618530273,12.399999618530273,3099.4089787818093
1608,-11.399999618530273,12.300000190734863,3359.2115820566164
1609,-11.399999618530273,12.199999809265137,3608.8139822469625
1610,-11.399999618530273,12.100000381469727,3427.340874694028
1611,-11.399999618530273,12.0,3305.6376537967053
1612,-11.300000190734863,14.5,4447.892724190651
1613,-11.300000190734863,14.399999618530273,4259.037916752783
1614,-11.300000190734863,14.300000190734863,4185.100134911514
1615,-11.300000190734863,14.199999809265137,4064.8084427741946
1616,-11.300000190734863,14.100000381469727,4541.083956090901
1617,-11.300000190734863,14.0,4289.957908709609
1618,-11.300000190734863,13.899999618530273,4152.4920982526
1619,-11.300000190734863,13.800000190734863,3935.126465270914
1620,-11.300000190734863,13.699999809265137,3823.6387103469547
1621,-11.300000190734863,13.600000381469727,3747.9290517200675
1622,-11.300000190734863,13.5,3697.260449514843
1623,-11.300000190734863,13.399999618530273,3655.376075249295
1624,-11.300000190734863,13.300000190734863,3581.1330682270345
1625,-11.300000190734863,13.199999809265137,3503.3197488842593
1626,-11.300000190734863,13.100000381469727,3432.8463643807045
1627,-11.300000190734863,13.0,3348.7397376381186
1628,-11.300000190734863,12.899999618530273,3265.401988144684
1629,-11.300000190734863,12.800000190734863,3214.4374046129956
1630,-11.300000190734863,12.699999809265137,3202.6664689782633
1631,-11.300000190734863,12.600000381469727,3212.3814930587364
1632,-11.300000190734863,12.5,3202.950243833687
1633,-11.300000190734863,12.399999618530273,3150.764921638341
1634,-11.300000190734863,12.300000190734863,3467.523339689208
1635,-11.300000190734863,12.199999809265137,3544.323457856769
1636,-11.300000190734863,12.100000381469727,3391.6926210178544
1637,-11.300000190734863,12.0,3205.8792800599244
1638,-11.199999809265137,14.5,4567.298685082825
1639,-11.199999809265137,14.399999618530273,4262.733104238654
1640,-11.199999809265137,14.300000190734863,4193.056473574381
1641,-11.199999809265137,14.199999809265137,3752.6585439651126
1642,-11.199999809265137,14.100000381469727,4210.090280349543
1643,-11.199999809265137,14.0,4116.157179190177
1644,-11.199999809265137,13.899999618530273,3809.855182293067
1645,-11.199999809265137,13.800000190734863,3785.6426328972616
1646,-11.199999809265137,13.699999809265137,3691.274932972264
1647,-11.199999809265137,13.600000381469727,3711.9221782415325
1648,-11.199999809265137,13.5,3661.225259880959
1649,-11.199999809265137,13.399999618530273,3631.4331791760687
1650,-11.199999809265137,13.300000190734863,3581.6363876399278
1651,-11.199999809265137,13.199999809265137,3498.2135986816775
1652,-11.199999809265137,13.100000381469727,3426.379735357646
1653,-11.199999809265137,13.0,3331.3965338660387
1654,-11.199999809265137,12.899999618530273,3251.27195689252
1655,-11.199999809265137,12.800000190734863,3222.7728886281284
1656,-11.199999809265137,12.699999809265137,3191.996381849855
1657,-11.199999809265137,12.600000381469727,3204.2603953421203
1658,-11.199999809265137,12.5,3186.586748635502
1659,-11.199999809265137,12.399999618530273,3043.400414396858
1660,-11.199999809265137,12.300000190734863,2956.3127449026183
1661,-11.199999809265137,12.199999809265137,3281.5979925803526
1662,-11.199999809265137,12.100000381469727,3181.9529200502334
1663,-11.199999809265137,12.0,3298.6499662217107
1664,-11.100000381469727,14.5,4646.376279315187
1665,-11.100000381469727,14.399999618530273,4582.790049647866
1666,-11.100000381469727,14.300000190734863,4586.525524014496
1667,-11.100000381469727,14.199999809265137,3708.3329433863396
1668,-11.100000381469727,14.100000381469727,3974.4294818078242
1669,-11.100000381469727,14.0,4366.971196668462
1670,-11.100000381469727,13.899999618530273,3830.9282586550207
1671,-11.100000381469727,13.800000190734863,3681.2772967234214
1672,-11.100000381469727,13.699999809265137,3689.1047185122084
1673,-11.100000381469727,13.600000381469727,3701.4368265563976
1674,-11.100000381469727,13.5,3663.3442260915785
1675,-11.100000381469727,13.399999618530273,3640.6726055528093
1676,-11.100000381469727,13.300000190734863,3602.2179228966224
1677,-11.100000381469727,13.199999809265137,3537.8677829154544
1678,-11.100000381469727,13.100000381469727,3467.032187476134
1679,-11.100000381469727,13.0,3387.596991023901
1680,-11.100000381469727,12.899999618530273,3325.7110612578876
1681,-11.100000381469727,12.800000190734863,3286.3080057101874
1682,-11.100000381469727,12.699999809265137,3238.5363757199993
1683,-11.100000381469727,12.600000381469727,3230.414677641796
1684,-11.100000381469727,12.5,3206.0773198404468
1685,-11.100000381469727,12.399999618530273,3015.1911985096076
1686,-11.100000381469727,12.300000190734863,3067.071821596269
1687,-11.100000381469727,12.199999809265137,2869.370110666205
1688,-11.100000381469727,12.100000381469727,2859.5497136631193
1689,-11.100000381469727,12.0,3219.7320988081296
1690,-11.0,14.5,4508.838746196567
1691,-11.0,14.399999618530273,4028.07395990361
1692,-11.0,14.300000190734863,4136.4114325100645
1693,-11.0,14.199999809265137,3948.350984269893
1694,-11.0,14.100000381469727,4367.327388587862
1695,-11.0,14.0,4167.511546969896
1696,-11.0,13.899999618530273,3743.3003936204236
1697,-11.0,13.800000190734863,3632.807813475013
1698,-11.0,13.699999809265137,3694.9704104818957
1699,-11.0,13.600000381469727,3719.779318253658
1700,-11.0,13.5,3688.732422064128
1701,-11.0,13.399999618530273,3677.6789362315044
1702,-11.0,13.300000190734863,3640.270847502978
1703,-11.0,13.199999809265137,3575.811410866076
1704,-11.0,13.100000381469727,3504.2783339423495
1705,-11.0,13.0,3428.3829011645016
1706,-11.0,12.899999618530273,3361.33826556268
1707,-11.0,12.800000190734863,3329.234316652474
1708,-11.0,12.699999809265137,3272.594866054461
1709,-11.0,12.600000381469727,3273.140200057518
1710,-11.0,12.5,3262.1404254938216
1711,-11.0,12.399999618530273,3087.630264870842
1712,-11.0,12.300000190734863,2996.232834013499
1713,-11.0,12.199999809265137,2843.478660480744
1714,-11.0,12.100000381469727,2841.4030565067856
1715,-11.0,12.0,3257.3745892376014
