,longitude,latitude,pr
0,-17.5,14.5,
1,-17.5,14.399999618530273,
2,-17.5,14.300000190734863,
3,-17.5,14.199999809265137,
4,-17.5,14.100000381469727,
5,-17.5,14.0,
6,-17.5,13.899999618530273,
7,-17.5,13.800000190734863,
8,-17.5,13.699999809265137,
9,-17.5,13.600000381469727,
10,-17.5,13.5,
11,-17.5,13.399999618530273,
12,-17.5,13.300000190734863,
13,-17.5,13.199999809265137,
14,-17.5,13.100000381469727,
15,-17.5,13.0,
16,-17.5,12.899999618530273,
17,-17.5,12.800000190734863,
18,-17.5,12.699999809265137,
19,-17.5,12.600000381469727,
20,-17.5,12.5,
21,-17.5,12.399999618530273,
22,-17.5,12.300000190734863,
23,-17.5,12.199999809265137,
24,-17.5,12.100000381469727,
25,-17.5,12.0,
26,-17.399999618530273,14.5,
27,-17.399999618530273,14.399999618530273,
28,-17.399999618530273,14.300000190734863,
29,-17.399999618530273,14.199999809265137,
30,-17.399999618530273,14.100000381469727,
31,-17.399999618530273,14.0,
32,-17.399999618530273,13.899999618530273,
33,-17.399999618530273,13.800000190734863,
34,-17.399999618530273,13.699999809265137,
35,-17.399999618530273,13.600000381469727,
36,-17.399999618530273,13.5,
37,-17.399999618530273,13.399999618530273,
38,-17.399999618530273,13.300000190734863,
39,-17.399999618530273,13.199999809265137,
40,-17.399999618530273,13.100000381469727,
41,-17.399999618530273,13.0,
42,-17.399999618530273,12.899999618530273,
43,-17.399999618530273,12.800000190734863,
44,-17.399999618530273,12.699999809265137,
45,-17.399999618530273,12.600000381469727,
46,-17.399999618530273,12.5,
47,-17.399999618530273,12.399999618530273,
48,-17.399999618530273,12.300000190734863,
49,-17.399999618530273,12.199999809265137,
50,-17.399999618530273,12.100000381469727,
51,-17.399999618530273,12.0,
52,-17.299999237060547,14.5,
53,-17.299999237060547,14.399999618530273,
54,-17.299999237060547,14.300000190734863,
55,-17.299999237060547,14.199999809265137,
56,-17.299999237060547,14.100000381469727,
57,-17.299999237060547,14.0,
58,-17.299999237060547,13.899999618530273,
59,-17.299999237060547,13.800000190734863,
60,-17.299999237060547,13.699999809265137,
61,-17.299999237060547,13.600000381469727,
62,-17.299999237060547,13.5,
63,-17.299999237060547,13.399999618530273,
64,-17.299999237060547,13.300000190734863,
65,-17.299999237060547,13.199999809265137,
66,-17.299999237060547,13.100000381469727,
67,-17.299999237060547,13.0,
68,-17.299999237060547,12.899999618530273,
69,-17.299999237060547,12.800000190734863,
70,-17.299999237060547,12.699999809265137,
71,-17.299999237060547,12.600000381469727,
72,-17.299999237060547,12.5,
73,-17.299999237060547,12.399999618530273,
74,-17.299999237060547,12.300000190734863,
75,-17.299999237060547,12.199999809265137,
76,-17.299999237060547,12.100000381469727,
77,-17.299999237060547,12.0,
78,-17.200000762939453,14.5,
79,-17.200000762939453,14.399999618530273,
80,-17.200000762939453,14.300000190734863,
81,-17.200000762939453,14.199999809265137,
82,-17.200000762939453,14.100000381469727,
83,-17.200000762939453,14.0,
84,-17.200000762939453,13.899999618530273,
85,-17.200000762939453,13.800000190734863,
86,-17.200000762939453,13.699999809265137,
87,-17.200000762939453,13.600000381469727,
88,-17.200000762939453,13.5,
89,-17.200000762939453,13.399999618530273,
90,-17.200000762939453,13.300000190734863,
91,-17.200000762939453,13.199999809265137,
92,-17.200000762939453,13.100000381469727,
93,-17.200000762939453,13.0,
94,-17.200000762939453,12.899999618530273,
95,-17.200000762939453,12.800000190734863,
96,-17.200000762939453,12.699999809265137,
97,-17.200000762939453,12.600000381469727,
98,-17.200000762939453,12.5,
99,-17.200000762939453,12.399999618530273,
100,-17.200000762939453,12.300000190734863,
101,-17.200000762939453,12.199999809265137,
102,-17.200000762939453,12.100000381469727,
103,-17.200000762939453,12.0,
104,-17.100000381469727,14.5,
105,-17.100000381469727,14.399999618530273,
106,-17.100000381469727,14.300000190734863,
107,-17.100000381469727,14.199999809265137,
108,-17.100000381469727,14.100000381469727,
109,-17.100000381469727,14.0,
110,-17.100000381469727,13.899999618530273,
111,-17.100000381469727,13.800000190734863,
112,-17.100000381469727,13.699999809265137,
113,-17.100000381469727,13.600000381469727,
114,-17.100000381469727,13.5,
115,-17.100000381469727,13.399999618530273,
116,-17.100000381469727,13.300000190734863,
117,-17.100000381469727,13.199999809265137,
118,-17.100000381469727,13.100000381469727,
119,-17.100000381469727,13.0,
120,-17.100000381469727,12.899999618530273,
121,-17.100000381469727,12.800000190734863,
122,-17.100000381469727,12.699999809265137,
123,-17.100000381469727,12.600000381469727,
124,-17.100000381469727,12.5,
125,-17.100000381469727,12.399999618530273,
126,-17.100000381469727,12.300000190734863,
127,-17.100000381469727,12.199999809265137,
128,-17.100000381469727,12.100000381469727,
129,-17.100000381469727,12.0,
130,-17.0,14.5,241.15117691524472
131,-17.0,14.399999618530273,
132,-17.0,14.300000190734863,
133,-17.0,14.199999809265137,
134,-17.0,14.100000381469727,
135,-17.0,14.0,
136,-17.0,13.899999618530273,
137,-17.0,13.800000190734863,
138,-17.0,13.699999809265137,
139,-17.0,13.600000381469727,
140,-17.0,13.5,
141,-17.0,13.399999618530273,
142,-17.0,13.300000190734863,
143,-17.0,13.199999809265137,
144,-17.0,13.100000381469727,
145,-17.0,13.0,
146,-17.0,12.899999618530273,
147,-17.0,12.800000190734863,
148,-17.0,12.699999809265137,
149,-17.0,12.600000381469727,
150,-17.0,12.5,
151,-17.0,12.399999618530273,
152,-17.0,12.300000190734863,
153,-17.0,12.199999809265137,
154,-17.0,12.100000381469727,
155,-17.0,12.0,
156,-16.899999618530273,14.5,248.48791171563943
157,-16.899999618530273,14.399999618530273,259.2155147583142
158,-16.899999618530273,14.300000190734863,257.92484931299146
159,-16.899999618530273,14.199999809265137,
160,-16.899999618530273,14.100000381469727,
161,-16.899999618530273,14.0,
162,-16.899999618530273,13.899999618530273,
163,-16.899999618530273,13.800000190734863,
164,-16.899999618530273,13.699999809265137,
165,-16.899999618530273,13.600000381469727,
166,-16.899999618530273,13.5,
167,-16.899999618530273,13.399999618530273,
168,-16.899999618530273,13.300000190734863,
169,-16.899999618530273,13.199999809265137,
170,-16.899999618530273,13.100000381469727,
171,-16.899999618530273,13.0,
172,-16.899999618530273,12.899999618530273,
173,-16.899999618530273,12.800000190734863,
174,-16.899999618530273,12.699999809265137,
175,-16.899999618530273,12.600000381469727,
176,-16.899999618530273,12.5,
177,-16.899999618530273,12.399999618530273,
178,-16.899999618530273,12.300000190734863,
179,-16.899999618530273,12.199999809265137,
180,-16.899999618530273,12.100000381469727,
181,-16.899999618530273,12.0,
182,-16.799999237060547,14.5,252.06504248639627
183,-16.799999237060547,14.399999618530273,260.8161622911105
184,-16.799999237060547,14.300000190734863,267.81900376547026
185,-16.799999237060547,14.199999809265137,258.9229566098811
186,-16.799999237060547,14.100000381469727,265.3412404672549
187,-16.799999237060547,14.0,
188,-16.799999237060547,13.899999618530273,
189,-16.799999237060547,13.800000190734863,
190,-16.799999237060547,13.699999809265137,
191,-16.799999237060547,13.600000381469727,
192,-16.799999237060547,13.5,
193,-16.799999237060547,13.399999618530273,
194,-16.799999237060547,13.300000190734863,459.4066739236149
195,-16.799999237060547,13.199999809265137,
196,-16.799999237060547,13.100000381469727,
197,-16.799999237060547,13.0,
198,-16.799999237060547,12.899999618530273,
199,-16.799999237060547,12.800000190734863,
200,-16.799999237060547,12.699999809265137,
201,-16.799999237060547,12.600000381469727,
202,-16.799999237060547,12.5,
203,-16.799999237060547,12.399999618530273,
204,-16.799999237060547,12.300000190734863,
205,-16.799999237060547,12.199999809265137,
206,-16.799999237060547,12.100000381469727,
207,-16.799999237060547,12.0,
208,-16.700000762939453,14.5,270.53483450579216
209,-16.700000762939453,14.399999618530273,280.20452175412254
210,-16.700000762939453,14.300000190734863,284.6610019339211
211,-16.700000762939453,14.199999809265137,284.27291968709955
212,-16.700000762939453,14.100000381469727,280.57674480864614
213,-16.700000762939453,14.0,298.5071418292574
214,-16.700000762939453,13.899999618530273,324.80588033433787
215,-16.700000762939453,13.800000190734863,
216,-16.700000762939453,13.699999809265137,
217,-16.700000762939453,13.600000381469727,
218,-16.700000762939453,13.5,
219,-16.700000762939453,13.399999618530273,433.291836785361
220,-16.700000762939453,13.300000190734863,454.84838990735864
221,-16.700000762939453,13.199999809265137,480.9898901486019
222,-16.700000762939453,13.100000381469727,544.5618759110602
223,-16.700000762939453,13.0,587.1316890494564
224,-16.700000762939453,12.899999618530273,612.1743564714247
225,-16.700000762939453,12.800000190734863,625.3396749540316
226,-16.700000762939453,12.699999809265137,671.6226930513568
227,-16.700000762939453,12.600000381469727,715.8302457395288
228,-16.700000762939453,12.5,752.9197445757819
229,-16.700000762939453,12.399999618530273,754.9686493494105
230,-16.700000762939453,12.300000190734863,
231,-16.700000762939453,12.199999809265137,
232,-16.700000762939453,12.100000381469727,
233,-16.700000762939453,12.0,
234,-16.600000381469727,14.5,298.1736881606933
235,-16.600000381469727,14.399999618530273,311.7581114310468
236,-16.600000381469727,14.300000190734863,324.89318320362287
237,-16.600000381469727,14.199999809265137,336.8013242558947
238,-16.600000381469727,14.100000381469727,343.60466956298217
239,-16.600000381469727,14.0,374.2352392453219
240,-16.600000381469727,13.899999618530273,391.90432626342846
241,-16.600000381469727,13.800000190734863,401.58712790909595
242,-16.600000381469727,13.699999809265137,417.7489089468229
243,-16.600000381469727,13.600000381469727,
244,-16.600000381469727,13.5,
245,-16.600000381469727,13.399999618530273,507.99501450881377
246,-16.600000381469727,13.300000190734863,534.5275266394949
247,-16.600000381469727,13.199999809265137,569.1246451233434
248,-16.600000381469727,13.100000381469727,640.5239042818164
249,-16.600000381469727,13.0,682.1794323034251
250,-16.600000381469727,12.899999618530273,713.523429048684
251,-16.600000381469727,12.800000190734863,728.1254298782573
252,-16.600000381469727,12.699999809265137,723.3117676347249
253,-16.600000381469727,12.600000381469727,
254,-16.600000381469727,12.5,770.2954605831158
255,-16.600000381469727,12.399999618530273,771.1663872656004
256,-16.600000381469727,12.300000190734863,
257,-16.600000381469727,12.199999809265137,
258,-16.600000381469727,12.100000381469727,
259,-16.600000381469727,12.0,
260,-16.5,14.5,315.8444177381994
261,-16.5,14.399999618530273,325.94588988177185
262,-16.5,14.300000190734863,337.57522753828624
263,-16.5,14.199999809265137,351.87281759132384
264,-16.5,14.100000381469727,363.4849192994077
265,-16.5,14.0,399.1915450083877
266,-16.5,13.899999618530273,423.95327294589106
267,-16.5,13.800000190734863,432.43170488341707
268,-16.5,13.699999809265137,432.9971949722633
269,-16.5,13.600000381469727,453.1431492386807
270,-16.5,13.5,496.5858281490893
271,-16.5,13.399999618530273,
272,-16.5,13.300000190734863,
273,-16.5,13.199999809265137,590.1999971560484
274,-16.5,13.100000381469727,673.710123296177
275,-16.5,13.0,698.7116954028103
276,-16.5,12.899999618530273,740.5540957217491
277,-16.5,12.800000190734863,762.9127857094917
278,-16.5,12.699999809265137,779.9812244834249
279,-16.5,12.600000381469727,785.2773756338655
280,-16.5,12.5,788.2915380917419
281,-16.5,12.399999618530273,794.0715297077093
282,-16.5,12.300000190734863,791.9186844443959
283,-16.5,12.199999809265137,
284,-16.5,12.100000381469727,
285,-16.5,12.0,
286,-16.399999618530273,14.5,326.44600137410436
287,-16.399999618530273,14.399999618530273,341.6604853229102
288,-16.399999618530273,14.300000190734863,353.1605015162122
289,-16.399999618530273,14.199999809265137,363.99129102652586
290,-16.399999618530273,14.100000381469727,382.5178293048739
291,-16.399999618530273,14.0,426.71215180717127
292,-16.399999618530273,13.899999618530273,455.2636291576921
293,-16.399999618530273,13.800000190734863,459.28424311781
294,-16.399999618530273,13.699999809265137,445.7626304170271
295,-16.399999618530273,13.600000381469727,462.0114073352743
296,-16.399999618530273,13.5,502.59007797797744
297,-16.399999618530273,13.399999618530273,537.998650080402
298,-16.399999618530273,13.300000190734863,
299,-16.399999618530273,13.199999809265137,592.0786052490932
300,-16.399999618530273,13.100000381469727,674.5739278247913
301,-16.399999618530273,13.0,705.9559532725181
302,-16.399999618530273,12.899999618530273,719.413780389908
303,-16.399999618530273,12.800000190734863,755.2002740088805
304,-16.399999618530273,12.699999809265137,780.03601773603
305,-16.399999618530273,12.600000381469727,790.133089899184
306,-16.399999618530273,12.5,805.7066658970326
307,-16.399999618530273,12.399999618530273,794.3106495877516
308,-16.399999618530273,12.300000190734863,789.3950791058019
309,-16.399999618530273,12.199999809265137,
310,-16.399999618530273,12.100000381469727,
311,-16.399999618530273,12.0,
312,-16.299999237060547,14.5,326.624821550081
313,-16.299999237060547,14.399999618530273,348.3422989435975
314,-16.299999237060547,14.300000190734863,362.7456170864686
315,-16.299999237060547,14.199999809265137,378.75703071022275
316,-16.299999237060547,14.100000381469727,393.37153179430584
317,-16.299999237060547,14.0,437.43686254644894
318,-16.299999237060547,13.899999618530273,471.1827626586659
319,-16.299999237060547,13.800000190734863,469.84277694121045
320,-16.299999237060547,13.699999809265137,454.09778641650524
321,-16.299999237060547,13.600000381469727,463.32996663071856
322,-16.299999237060547,13.5,507.66580983386
323,-16.299999237060547,13.399999618530273,543.1361645246386
324,-16.299999237060547,13.300000190734863,
325,-16.299999237060547,13.199999809265137,590.3233104891162
326,-16.299999237060547,13.100000381469727,674.1887158401803
327,-16.299999237060547,13.0,707.4280589015848
328,-16.299999237060547,12.899999618530273,717.8124232962568
329,-16.299999237060547,12.800000190734863,732.1828116749932
330,-16.299999237060547,12.699999809265137,775.1604822175431
331,-16.299999237060547,12.600000381469727,792.9172755505073
332,-16.299999237060547,12.5,805.9873976511386
333,-16.299999237060547,12.399999618530273,793.9634136833168
334,-16.299999237060547,12.300000190734863,781.7677558804261
335,-16.299999237060547,12.199999809265137,
336,-16.299999237060547,12.100000381469727,851.3604706349121
337,-16.299999237060547,12.0,
338,-16.200000762939453,14.5,343.5382735751879
339,-16.200000762939453,14.399999618530273,364.7259643386751
340,-16.200000762939453,14.300000190734863,374.7699638727321
341,-16.200000762939453,14.199999809265137,378.1045710068977
342,-16.200000762939453,14.100000381469727,396.8851894131061
343,-16.200000762939453,14.0,433.7698718510138
344,-16.200000762939453,13.899999618530273,470.4884495958925
345,-16.200000762939453,13.800000190734863,472.1458509178203
346,-16.200000762939453,13.699999809265137,473.2402380449457
347,-16.200000762939453,13.600000381469727,495.88491480727424
348,-16.200000762939453,13.5,531.505193577922
349,-16.200000762939453,13.399999618530273,
350,-16.200000762939453,13.300000190734863,593.5292326037285
351,-16.200000762939453,13.199999809265137,620.2222965495096
352,-16.200000762939453,13.100000381469727,686.9200780752882
353,-16.200000762939453,13.0,722.0869497275584
354,-16.200000762939453,12.899999618530273,725.0859093628109
355,-16.200000762939453,12.800000190734863,739.3108445362409
356,-16.200000762939453,12.699999809265137,763.3021369287546
357,-16.200000762939453,12.600000381469727,794.8014860309017
358,-16.200000762939453,12.5,814.4175694635023
359,-16.200000762939453,12.399999618530273,812.0881444491746
360,-16.200000762939453,12.300000190734863,
361,-16.200000762939453,12.199999809265137,862.7079806151644
362,-16.200000762939453,12.100000381469727,885.7871658123527
363,-16.200000762939453,12.0,907.2595584356745
364,-16.100000381469727,14.5,348.68176238686505
365,-16.100000381469727,14.399999618530273,370.78436978912873
366,-16.100000381469727,14.300000190734863,382.9816394657517
367,-16.100000381469727,14.199999809265137,391.16305161876545
368,-16.100000381469727,14.100000381469727,403.233070278347
369,-16.100000381469727,14.0,442.20554283129945
370,-16.100000381469727,13.899999618530273,467.0520056236453
371,-16.100000381469727,13.800000190734863,475.62708161845046
372,-16.100000381469727,13.699999809265137,481.8898977844275
373,-16.100000381469727,13.600000381469727,507.88215416607255
374,-16.100000381469727,13.5,541.8988200386391
375,-16.100000381469727,13.399999618530273,571.2200184228103
376,-16.100000381469727,13.300000190734863,601.6268380872059
377,-16.100000381469727,13.199999809265137,632.4876338814278
378,-16.100000381469727,13.100000381469727,694.5567309624747
379,-16.100000381469727,13.0,718.1398879786052
380,-16.100000381469727,12.899999618530273,729.3480058114295
381,-16.100000381469727,12.800000190734863,741.1929413776281
382,-16.100000381469727,12.699999809265137,762.2685052125429
383,-16.100000381469727,12.600000381469727,776.1399975469668
384,-16.100000381469727,12.5,809.8383753202396
385,-16.100000381469727,12.399999618530273,826.0547120444102
386,-16.100000381469727,12.300000190734863,861.6293635529456
387,-16.100000381469727,12.199999809265137,909.757912902707
388,-16.100000381469727,12.100000381469727,907.6335111581104
389,-16.100000381469727,12.0,920.9535291367291
390,-16.0,14.5,347.0428644917493
391,-16.0,14.399999618530273,371.19498090649256
392,-16.0,14.300000190734863,388.9668622355169
393,-16.0,14.199999809265137,398.7285775317805
394,-16.0,14.100000381469727,409.6363206548643
395,-16.0,14.0,443.1401796417604
396,-16.0,13.899999618530273,476.38645186561206
397,-16.0,13.800000190734863,475.520707424326
398,-16.0,13.699999809265137,488.27680982821175
399,-16.0,13.600000381469727,513.5506106590967
400,-16.0,13.5,542.6019514487703
401,-16.0,13.399999618530273,577.4133644545974
402,-16.0,13.300000190734863,601.3566112776641
403,-16.0,13.199999809265137,631.8868246481381
404,-16.0,13.100000381469727,688.6131577139441
405,-16.0,13.0,712.3311501337688
406,-16.0,12.899999618530273,719.9143950759891
407,-16.0,12.800000190734863,724.3363219394033
408,-16.0,12.699999809265137,748.7799835509165
409,-16.0,12.600000381469727,778.2315797744817
410,-16.0,12.5,796.2606908949062
411,-16.0,12.399999618530273,826.9039420575381
412,-16.0,12.300000190734863,876.136261535733
413,-16.0,12.199999809265137,939.3189140283712
414,-16.0,12.100000381469727,930.6981326950527
415,-16.0,12.0,940.042449701863
416,-15.899999618530273,14.5,344.99812924709266
417,-15.899999618530273,14.399999618530273,369.4681050739535
418,-15.899999618530273,14.300000190734863,386.84148427376215
419,-15.899999618530273,14.199999809265137,398.4629611621694
420,-15.899999618530273,14.100000381469727,406.467386861794
421,-15.899999618530273,14.0,435.87172239070213
422,-15.899999618530273,13.899999618530273,466.560408870747
423,-15.899999618530273,13.800000190734863,471.3448262816811
424,-15.899999618530273,13.699999809265137,476.361846031306
425,-15.899999618530273,13.600000381469727,499.0297836682278
426,-15.899999618530273,13.5,536.7254449640822
427,-15.899999618530273,13.399999618530273,572.1115561364651
428,-15.899999618530273,13.300000190734863,597.884121276087
429,-15.899999618530273,13.199999809265137,621.490106992141
430,-15.899999618530273,13.100000381469727,681.918403767227
431,-15.899999618530273,13.0,710.3473846223178
432,-15.899999618530273,12.899999618530273,709.6386422118409
433,-15.899999618530273,12.800000190734863,716.1444301629928
434,-15.899999618530273,12.699999809265137,741.8947933465979
435,-15.899999618530273,12.600000381469727,769.7127374855304
436,-15.899999618530273,12.5,798.9540979465826
437,-15.899999618530273,12.399999618530273,814.428262326796
438,-15.899999618530273,12.300000190734863,863.2276384760629
439,-15.899999618530273,12.199999809265137,931.9017287552446
440,-15.899999618530273,12.100000381469727,932.1373414338351
441,-15.899999618530273,12.0,932.5557587845052
442,-15.800000190734863,14.5,347.8735185726824
443,-15.800000190734863,14.399999618530273,371.469300763116
444,-15.800000190734863,14.300000190734863,389.51109799050795
445,-15.800000190734863,14.199999809265137,400.48799408847236
446,-15.800000190734863,14.100000381469727,406.6923962952611
447,-15.800000190734863,14.0,439.09785544644944
448,-15.800000190734863,13.899999618530273,467.27362727425214
449,-15.800000190734863,13.800000190734863,474.0400845536441
450,-15.800000190734863,13.699999809265137,476.166311711071
451,-15.800000190734863,13.600000381469727,497.6929680838245
452,-15.800000190734863,13.5,534.3178767212588
453,-15.800000190734863,13.399999618530273,575.5200992494777
454,-15.800000190734863,13.300000190734863,607.9229623862446
455,-15.800000190734863,13.199999809265137,628.2398929584492
456,-15.800000190734863,13.100000381469727,689.8836211851744
457,-15.800000190734863,13.0,711.9461296130212
458,-15.800000190734863,12.899999618530273,716.299965761548
459,-15.800000190734863,12.800000190734863,722.1102428735711
460,-15.800000190734863,12.699999809265137,752.8011213428584
461,-15.800000190734863,12.600000381469727,782.4797702210578
462,-15.800000190734863,12.5,807.0652755576067
463,-15.800000190734863,12.399999618530273,830.4453866913295
464,-15.800000190734863,12.300000190734863,869.7286525690167
465,-15.800000190734863,12.199999809265137,935.5218631741312
466,-15.800000190734863,12.100000381469727,934.9611972443421
467,-15.800000190734863,12.0,938.0092742869223
468,-15.699999809265137,14.5,351.659979171758
469,-15.699999809265137,14.399999618530273,372.15823873511874
470,-15.699999809265137,14.300000190734863,393.23587776672395
471,-15.699999809265137,14.199999809265137,405.6919456554899
472,-15.699999809265137,14.100000381469727,422.12175408050547
473,-15.699999809265137,14.0,451.9793335315614
474,-15.699999809265137,13.899999618530273,477.3463467366997
475,-15.699999809265137,13.800000190734863,485.6331827888923
476,-15.699999809265137,13.699999809265137,482.4343702070671
477,-15.699999809265137,13.600000381469727,510.13796760465044
478,-15.699999809265137,13.5,540.9011901541935
479,-15.699999809265137,13.399999618530273,580.3818655711436
480,-15.699999809265137,13.300000190734863,610.8523405019471
481,-15.699999809265137,13.199999809265137,634.1692421048466
482,-15.699999809265137,13.100000381469727,699.005679810669
483,-15.699999809265137,13.0,724.5465891545638
484,-15.699999809265137,12.899999618530273,727.4583430620822
485,-15.699999809265137,12.800000190734863,755.8534113253805
486,-15.699999809265137,12.699999809265137,783.6857156692348
487,-15.699999809265137,12.600000381469727,811.8921743542189
488,-15.699999809265137,12.5,834.9024052480092
489,-15.699999809265137,12.399999618530273,859.1378495057553
490,-15.699999809265137,12.300000190734863,894.4379871794368
491,-15.699999809265137,12.199999809265137,954.3817793026894
492,-15.699999809265137,12.100000381469727,954.4801205960762
493,-15.699999809265137,12.0,953.4468386302275
494,-15.600000381469727,14.5,345.94764360519457
495,-15.600000381469727,14.399999618530273,373.0657479993228
496,-15.600000381469727,14.300000190734863,389.52951663667255
497,-15.600000381469727,14.199999809265137,409.44715382061213
498,-15.600000381469727,14.100000381469727,421.25201839760183
499,-15.600000381469727,14.0,451.35059246057176
500,-15.600000381469727,13.899999618530273,476.3717799006819
501,-15.600000381469727,13.800000190734863,484.64073671446965
502,-15.600000381469727,13.699999809265137,492.66018328316255
503,-15.600000381469727,13.600000381469727,512.9606016228884
504,-15.600000381469727,13.5,545.6911877991492
505,-15.600000381469727,13.399999618530273,580.9524381542634
506,-15.600000381469727,13.300000190734863,613.9839481881577
507,-15.600000381469727,13.199999809265137,636.6825305949812
508,-15.600000381469727,13.100000381469727,694.5097580521776
509,-15.600000381469727,13.0,723.3907390637995
510,-15.600000381469727,12.899999618530273,742.3467232007368
511,-15.600000381469727,12.800000190734863,758.3806991203527
512,-15.600000381469727,12.699999809265137,787.8858655232144
513,-15.600000381469727,12.600000381469727,817.5601282306318
514,-15.600000381469727,12.5,848.68658362638
515,-15.600000381469727,12.399999618530273,873.6808629275779
516,-15.600000381469727,12.300000190734863,913.2820697355809
517,-15.600000381469727,12.199999809265137,966.7268270935726
518,-15.600000381469727,12.100000381469727,966.8076230560688
519,-15.600000381469727,12.0,975.2519681666496
520,-15.5,14.5,348.12850358409213
521,-15.5,14.399999618530273,372.56024384557924
522,-15.5,14.300000190734863,393.7126079655609
523,-15.5,14.199999809265137,413.88824424529224
524,-15.5,14.100000381469727,423.4472484690351
525,-15.5,14.0,453.5644995684582
526,-15.5,13.899999618530273,480.4907181359562
527,-15.5,13.800000190734863,491.0961690046834
528,-15.5,13.699999809265137,497.0035685286707
529,-15.5,13.600000381469727,526.4986745176814
530,-15.5,13.5,557.4932439976468
531,-15.5,13.399999618530273,591.8086960279367
532,-15.5,13.300000190734863,616.3682904643229
533,-15.5,13.199999809265137,637.8276860321215
534,-15.5,13.100000381469727,696.6935985340909
535,-15.5,13.0,724.0553398627914
536,-15.5,12.899999618530273,738.7259773371366
537,-15.5,12.800000190734863,757.660651879321
538,-15.5,12.699999809265137,784.2332477418092
539,-15.5,12.600000381469727,820.9209628115996
540,-15.5,12.5,859.6070929752955
541,-15.5,12.399999618530273,883.5733010254049
542,-15.5,12.300000190734863,921.4971373797033
543,-15.5,12.199999809265137,981.473312461189
544,-15.5,12.100000381469727,982.8797644030519
545,-15.5,12.0,988.3072069213596
546,-15.399999618530273,14.5,335.97597090470714
547,-15.399999618530273,14.399999618530273,366.7354203784448
548,-15.399999618530273,14.300000190734863,385.9908774522697
549,-15.399999618530273,14.199999809265137,408.3438079103753
550,-15.399999618530273,14.100000381469727,416.0809855134365
551,-15.399999618530273,14.0,447.7427103158918
552,-15.399999618530273,13.899999618530273,480.27811601168656
553,-15.399999618530273,13.800000190734863,491.1975077876028
554,-15.399999618530273,13.699999809265137,495.5117048652654
555,-15.399999618530273,13.600000381469727,520.5826026546918
556,-15.399999618530273,13.5,556.9554917659544
557,-15.399999618530273,13.399999618530273,589.7876164082387
558,-15.399999618530273,13.300000190734863,611.087060583837
559,-15.399999618530273,13.199999809265137,628.9065717890396
560,-15.399999618530273,13.100000381469727,681.8020936111956
561,-15.399999618530273,13.0,712.3008446189999
562,-15.399999618530273,12.899999618530273,730.3178433653525
563,-15.399999618530273,12.800000190734863,745.9821355127694
564,-15.399999618530273,12.699999809265137,776.9834575126176
565,-15.399999618530273,12.600000381469727,813.218079366917
566,-15.399999618530273,12.5,845.3776573240797
567,-15.399999618530273,12.399999618530273,859.4326588683604
568,-15.399999618530273,12.300000190734863,898.4482156126215
569,-15.399999618530273,12.199999809265137,965.0886585881574
570,-15.399999618530273,12.100000381469727,965.461050518417
571,-15.399999618530273,12.0,971.8582944790278
572,-15.300000190734863,14.5,335.4165267489116
573,-15.300000190734863,14.399999618530273,358.9326776834778
574,-15.300000190734863,14.300000190734863,387.95265499315815
575,-15.300000190734863,14.199999809265137,411.73878444377647
576,-15.300000190734863,14.100000381469727,426.04854887847966
577,-15.300000190734863,14.0,455.60442333679026
578,-15.300000190734863,13.899999618530273,488.1193930662829
579,-15.300000190734863,13.800000190734863,502.17588665608884
580,-15.300000190734863,13.699999809265137,506.1455005613813
581,-15.300000190734863,13.600000381469727,533.7099299593474
582,-15.300000190734863,13.5,572.4931319497082
583,-15.300000190734863,13.399999618530273,601.7905070868559
584,-15.300000190734863,13.300000190734863,619.0173012730611
585,-15.300000190734863,13.199999809265137,631.742016177528
586,-15.300000190734863,13.100000381469727,686.9319107922013
587,-15.300000190734863,13.0,720.5468460892333
588,-15.300000190734863,12.899999618530273,737.9289390238011
589,-15.300000190734863,12.800000190734863,753.1421906937927
590,-15.300000190734863,12.699999809265137,795.9896521848981
591,-15.300000190734863,12.600000381469727,831.3893357998213
592,-15.300000190734863,12.5,862.369588224581
593,-15.300000190734863,12.399999618530273,878.4833519205266
594,-15.300000190734863,12.300000190734863,916.6825340032844
595,-15.300000190734863,12.199999809265137,967.7436621773159
596,-15.300000190734863,12.100000381469727,970.1285178833261
597,-15.300000190734863,12.0,972.0494113908622
598,-15.199999809265137,14.5,339.7407137504354
599,-15.199999809265137,14.399999618530273,358.6363262177957
600,-15.199999809265137,14.300000190734863,383.5997622277723
601,-15.199999809265137,14.199999809265137,411.95339711940755
602,-15.199999809265137,14.100000381469727,431.9775340097807
603,-15.199999809265137,14.0,466.881438445427
604,-15.199999809265137,13.899999618530273,495.02955942797615
605,-15.199999809265137,13.800000190734863,506.72601463326436
606,-15.199999809265137,13.699999809265137,515.2596446373532
607,-15.199999809265137,13.600000381469727,538.7174142527697
608,-15.199999809265137,13.5,573.6316062659441
609,-15.199999809265137,13.399999618530273,611.9706735355826
610,-15.199999809265137,13.300000190734863,644.7692414348185
611,-15.199999809265137,13.199999809265137,647.0576090158569
612,-15.199999809265137,13.100000381469727,693.6928968624684
613,-15.199999809265137,13.0,720.352182144045
614,-15.199999809265137,12.899999618530273,742.8057732528283
615,-15.199999809265137,12.800000190734863,766.8460974814006
616,-15.199999809265137,12.699999809265137,805.4268760835168
617,-15.199999809265137,12.600000381469727,846.1919225207035
618,-15.199999809265137,12.5,880.6078981280783
619,-15.199999809265137,12.399999618530273,902.1269565700582
620,-15.199999809265137,12.300000190734863,923.4711716464378
621,-15.199999809265137,12.199999809265137,966.56417253521
622,-15.199999809265137,12.100000381469727,963.052174267828
623,-15.199999809265137,12.0,975.0156478779443
624,-15.100000381469727,14.5,341.5566048351196
625,-15.100000381469727,14.399999618530273,364.4472304224043
626,-15.100000381469727,14.300000190734863,389.0415508603181
627,-15.100000381469727,14.199999809265137,412.93930801269346
628,-15.100000381469727,14.100000381469727,432.91522424100964
629,-15.100000381469727,14.0,463.85588071441737
630,-15.100000381469727,13.899999618530273,493.2870692779279
631,-15.100000381469727,13.800000190734863,500.91299646095274
632,-15.100000381469727,13.699999809265137,509.70234305879626
633,-15.100000381469727,13.600000381469727,532.0027275162419
634,-15.100000381469727,13.5,564.0629874848363
635,-15.100000381469727,13.399999618530273,609.9092162282458
636,-15.100000381469727,13.300000190734863,640.1222529956887
637,-15.100000381469727,13.199999809265137,648.044809209393
638,-15.100000381469727,13.100000381469727,691.5421286772067
639,-15.100000381469727,13.0,717.4261531117667
640,-15.100000381469727,12.899999618530273,732.7128284671941
641,-15.100000381469727,12.800000190734863,761.6064997192169
642,-15.100000381469727,12.699999809265137,806.4000969997635
643,-15.100000381469727,12.600000381469727,849.3044633150748
644,-15.100000381469727,12.5,890.2509945851177
645,-15.100000381469727,12.399999618530273,903.5431876949073
646,-15.100000381469727,12.300000190734863,917.4966302264601
647,-15.100000381469727,12.199999809265137,953.3116072066114
648,-15.100000381469727,12.100000381469727,976.9828940622726
649,-15.100000381469727,12.0,994.3188957535481
650,-15.0,14.5,345.99836682806284
651,-15.0,14.399999618530273,370.3295930358456
652,-15.0,14.300000190734863,392.35990760952916
653,-15.0,14.199999809265137,412.824537966859
654,-15.0,14.100000381469727,430.2638748946773
655,-15.0,14.0,466.9134339586973
656,-15.0,13.899999618530273,488.1174013441965
657,-15.0,13.800000190734863,495.85965233079804
658,-15.0,13.699999809265137,502.6424522652841
659,-15.0,13.600000381469727,524.6491509715554
660,-15.0,13.5,562.03281116646
661,-15.0,13.399999618530273,601.262781193202
662,-15.0,13.300000190734863,631.8946043192008
663,-15.0,13.199999809265137,640.0617394954468
664,-15.0,13.100000381469727,686.1139167226527
665,-15.0,13.0,710.6608501281539
666,-15.0,12.899999618530273,732.570596761281
667,-15.0,12.800000190734863,753.3824811230658
668,-15.0,12.699999809265137,805.4468761131302
669,-15.0,12.600000381469727,852.7068750252087
670,-15.0,12.5,888.4477422004042
671,-15.0,12.399999618530273,896.5172369191866
672,-15.0,12.300000190734863,905.5345594512002
673,-15.0,12.199999809265137,956.4731083699153
674,-15.0,12.100000381469727,980.8139572971138
675,-15.0,12.0,1011.699605127332
676,-14.899999618530273,14.5,355.33401782084303
677,-14.899999618530273,14.399999618530273,379.41146635448206
678,-14.899999618530273,14.300000190734863,400.12793837210063
679,-14.899999618530273,14.199999809265137,417.9695545524087
680,-14.899999618530273,14.100000381469727,432.3330424471091
681,-14.899999618530273,14.0,464.04802128425285
682,-14.899999618530273,13.899999618530273,488.6199445128093
683,-14.899999618530273,13.800000190734863,495.4865418204481
684,-14.899999618530273,13.699999809265137,502.59529924781543
685,-14.899999618530273,13.600000381469727,530.9155414788759
686,-14.899999618530273,13.5,568.4697865897858
687,-14.899999618530273,13.399999618530273,607.0890766891088
688,-14.899999618530273,13.300000190734863,628.2785413363414
689,-14.899999618530273,13.199999809265137,641.9449211775424
690,-14.899999618530273,13.100000381469727,683.5769882817361
691,-14.899999618530273,13.0,713.5539258207767
692,-14.899999618530273,12.899999618530273,733.5224663642648
693,-14.899999618530273,12.800000190734863,757.1290742220895
694,-14.899999618530273,12.699999809265137,804.0756693446019
695,-14.899999618530273,12.600000381469727,867.2680607936863
696,-14.899999618530273,12.5,898.8955094592768
697,-14.899999618530273,12.399999618530273,906.7207918344842
698,-14.899999618530273,12.300000190734863,917.9681292982107
699,-14.899999618530273,12.199999809265137,968.0012767848763
700,-14.899999618530273,12.100000381469727,993.7484065346856
701,-14.899999618530273,12.0,1034.7749692989635
702,-14.800000190734863,14.5,353.2336820535591
703,-14.800000190734863,14.399999618530273,376.38669918073157
704,-14.800000190734863,14.300000190734863,397.11313226061384
705,-14.800000190734863,14.199999809265137,415.84716971992816
706,-14.800000190734863,14.100000381469727,429.3081142350377
707,-14.800000190734863,14.0,459.2605988707299
708,-14.800000190734863,13.899999618530273,485.0753985286275
709,-14.800000190734863,13.800000190734863,491.40731848554225
710,-14.800000190734863,13.699999809265137,512.8546649186394
711,-14.800000190734863,13.600000381469727,535.4095282464828
712,-14.800000190734863,13.5,571.4981105219526
713,-14.800000190734863,13.399999618530273,605.3087432924968
714,-14.800000190734863,13.300000190734863,628.9452394552507
715,-14.800000190734863,13.199999809265137,640.7897267985026
716,-14.800000190734863,13.100000381469727,682.8373796400535
717,-14.800000190734863,13.0,703.4870483985598
718,-14.800000190734863,12.899999618530273,728.5109919368335
719,-14.800000190734863,12.800000190734863,753.2682562071283
720,-14.800000190734863,12.699999809265137,796.791525974754
721,-14.800000190734863,12.600000381469727,843.9771606179461
722,-14.800000190734863,12.5,889.0206665606565
723,-14.800000190734863,12.399999618530273,904.281406393281
724,-14.800000190734863,12.300000190734863,927.9628726756141
725,-14.800000190734863,12.199999809265137,963.0247552111952
726,-14.800000190734863,12.100000381469727,993.6936250184059
727,-14.800000190734863,12.0,1033.478557544879
728,-14.699999809265137,14.5,350.19903025340267
729,-14.699999809265137,14.399999618530273,372.2971673273683
730,-14.699999809265137,14.300000190734863,391.6597263957137
731,-14.699999809265137,14.199999809265137,414.61362723927664
732,-14.699999809265137,14.100000381469727,426.6625747315822
733,-14.699999809265137,14.0,456.87971302543957
734,-14.699999809265137,13.899999618530273,484.4291955293406
735,-14.699999809265137,13.800000190734863,500.1643563118787
736,-14.699999809265137,13.699999809265137,520.1855969173647
737,-14.699999809265137,13.600000381469727,545.9591914895221
738,-14.699999809265137,13.5,572.4473027864378
739,-14.699999809265137,13.399999618530273,603.427575376943
740,-14.699999809265137,13.300000190734863,629.4905019411913
741,-14.699999809265137,13.199999809265137,640.3168934493749
742,-14.699999809265137,13.100000381469727,682.9336440039926
743,-14.699999809265137,13.0,704.1875640237613
744,-14.699999809265137,12.899999618530273,721.9906358091745
745,-14.699999809265137,12.800000190734863,748.1791092462157
746,-14.699999809265137,12.699999809265137,787.9487297972028
747,-14.699999809265137,12.600000381469727,834.4620890420697
748,-14.699999809265137,12.5,869.9257204095367
749,-14.699999809265137,12.399999618530273,890.7736407655882
750,-14.699999809265137,12.300000190734863,918.304128447674
751,-14.699999809265137,12.199999809265137,962.8996145916259
752,-14.699999809265137,12.100000381469727,982.2660017459323
753,-14.699999809265137,12.0,1012.9820914466341
754,-14.600000381469727,14.5,347.5188385113371
755,-14.600000381469727,14.399999618530273,369.9461030892182
756,-14.600000381469727,14.300000190734863,390.20173347557545
757,-14.600000381469727,14.199999809265137,411.3857352602894
758,-14.600000381469727,14.100000381469727,426.1128057351248
759,-14.600000381469727,14.0,456.017815727465
760,-14.600000381469727,13.899999618530273,483.3719948744441
761,-14.600000381469727,13.800000190734863,506.1423214278747
762,-14.600000381469727,13.699999809265137,530.1572967523106
763,-14.600000381469727,13.600000381469727,548.2641982980272
764,-14.600000381469727,13.5,567.2525583537686
765,-14.600000381469727,13.399999618530273,594.0124251327256
766,-14.600000381469727,13.300000190734863,623.9250478485791
767,-14.600000381469727,13.199999809265137,636.3003398169845
768,-14.600000381469727,13.100000381469727,684.1838560605308
769,-14.600000381469727,13.0,709.507670565817
770,-14.600000381469727,12.899999618530273,720.4497408383374
771,-14.600000381469727,12.800000190734863,741.7592947287114
772,-14.600000381469727,12.699999809265137,780.8636725915726
773,-14.600000381469727,12.600000381469727,824.90756822365
774,-14.600000381469727,12.5,859.2163247826217
775,-14.600000381469727,12.399999618530273,876.3589389119661
776,-14.600000381469727,12.300000190734863,909.6574970298241
777,-14.600000381469727,12.199999809265137,958.8104562739433
778,-14.600000381469727,12.100000381469727,980.0040207561553
779,-14.600000381469727,12.0,1001.0353398741489
780,-14.5,14.5,344.01647572015054
781,-14.5,14.399999618530273,367.41736547757074
782,-14.5,14.300000190734863,387.2316031714288
783,-14.5,14.199999809265137,408.733373957694
784,-14.5,14.100000381469727,421.11283945131373
785,-14.5,14.0,450.1117020729149
786,-14.5,13.899999618530273,481.18958043243333
787,-14.5,13.800000190734863,504.43808922406765
788,-14.5,13.699999809265137,524.5955052154615
789,-14.5,13.600000381469727,538.8023866643605
790,-14.5,13.5,552.6750372012391
791,-14.5,13.399999618530273,577.9446226506175
792,-14.5,13.300000190734863,605.2054809229667
793,-14.5,13.199999809265137,621.2991670375998
794,-14.5,13.100000381469727,676.0696472310501
795,-14.5,13.0,706.66602698114
796,-14.5,12.899999618530273,721.9688929875207
797,-14.5,12.800000190734863,737.7462516619349
798,-14.5,12.699999809265137,772.5928104878833
799,-14.5,12.600000381469727,812.2153856401444
800,-14.5,12.5,845.5921793380588
801,-14.5,12.399999618530273,864.1145242752672
802,-14.5,12.300000190734863,895.2670015437925
803,-14.5,12.199999809265137,956.0125972221465
804,-14.5,12.100000381469727,986.2847553428937
805,-14.5,12.0,1016.5905952234697
806,-14.399999618530273,14.5,350.2298620632674
807,-14.399999618530273,14.399999618530273,371.3579705010964
808,-14.399999618530273,14.300000190734863,389.568090709402
809,-14.399999618530273,14.199999809265137,408.7983523790779
810,-14.399999618530273,14.100000381469727,425.86867529301315
811,-14.399999618530273,14.0,453.73119814162885
812,-14.399999618530273,13.899999618530273,483.82969230522434
813,-14.399999618530273,13.800000190734863,507.32625659956494
814,-14.399999618530273,13.699999809265137,525.6589668989241
815,-14.399999618530273,13.600000381469727,538.1876857973951
816,-14.399999618530273,13.5,546.0160497384326
817,-14.399999618530273,13.399999618530273,571.2016117128557
818,-14.399999618530273,13.300000190734863,597.3795167955896
819,-14.399999618530273,13.199999809265137,626.3328801236894
820,-14.399999618530273,13.100000381469727,678.3945465808828
821,-14.399999618530273,13.0,712.3507319668383
822,-14.399999618530273,12.899999618530273,734.2545764661417
823,-14.399999618530273,12.800000190734863,753.7510560832523
824,-14.399999618530273,12.699999809265137,780.5197660880626
825,-14.399999618530273,12.600000381469727,817.3876156638045
826,-14.399999618530273,12.5,851.3386909829397
827,-14.399999618530273,12.399999618530273,869.8618399390663
828,-14.399999618530273,12.300000190734863,902.2715203299412
829,-14.399999618530273,12.199999809265137,969.2651158822422
830,-14.399999618530273,12.100000381469727,1001.6210253301371
831,-14.399999618530273,12.0,1048.420443205611
832,-14.300000190734863,14.5,350.1632314226594
833,-14.300000190734863,14.399999618530273,371.40302884617955
834,-14.300000190734863,14.300000190734863,390.5649594466713
835,-14.300000190734863,14.199999809265137,417.30449506376567
836,-14.300000190734863,14.100000381469727,432.0643887986264
837,-14.300000190734863,14.0,460.3418731649942
838,-14.300000190734863,13.899999618530273,487.7294278243098
839,-14.300000190734863,13.800000190734863,505.3974919831626
840,-14.300000190734863,13.699999809265137,526.6721696706414
841,-14.300000190734863,13.600000381469727,537.193672705401
842,-14.300000190734863,13.5,546.1285712966612
843,-14.300000190734863,13.399999618530273,567.5818427901435
844,-14.300000190734863,13.300000190734863,596.7699064374457
845,-14.300000190734863,13.199999809265137,621.3226584822963
846,-14.300000190734863,13.100000381469727,677.1557894427091
847,-14.300000190734863,13.0,704.4365368678199
848,-14.300000190734863,12.899999618530273,731.942223136132
849,-14.300000190734863,12.800000190734863,752.7501070756579
850,-14.300000190734863,12.699999809265137,776.8246153971073
851,-14.300000190734863,12.600000381469727,812.6235589196016
852,-14.300000190734863,12.5,844.6098543283526
853,-14.300000190734863,12.399999618530273,867.248091135413
854,-14.300000190734863,12.300000190734863,902.1361803271001
855,-14.300000190734863,12.199999809265137,968.0654767865564
856,-14.300000190734863,12.100000381469727,1006.388232690253
857,-14.300000190734863,12.0,1058.5875595890561
858,-14.199999809265137,14.5,350.5769188616005
859,-14.199999809265137,14.399999618530273,372.0631382695966
860,-14.199999809265137,14.300000190734863,396.76701456590695
861,-14.199999809265137,14.199999809265137,418.71709421830997
862,-14.199999809265137,14.100000381469727,433.5005320971683
863,-14.199999809265137,14.0,468.43041877130844
864,-14.199999809265137,13.899999618530273,493.9484571712989
865,-14.199999809265137,13.800000190734863,509.2154540448509
866,-14.199999809265137,13.699999809265137,527.8141540724902
867,-14.199999809265137,13.600000381469727,538.2937536588148
868,-14.199999809265137,13.5,547.4587788085364
869,-14.199999809265137,13.399999618530273,570.8941089937157
870,-14.199999809265137,13.300000190734863,596.5914755006038
871,-14.199999809265137,13.199999809265137,616.3881195467173
872,-14.199999809265137,13.100000381469727,668.2826221745615
873,-14.199999809265137,13.0,697.3911823831689
874,-14.199999809265137,12.899999618530273,712.8308719050334
875,-14.199999809265137,12.800000190734863,732.3303274325424
876,-14.199999809265137,12.699999809265137,758.8837114180016
877,-14.199999809265137,12.600000381469727,798.238148855038
878,-14.199999809265137,12.5,830.7055395988749
879,-14.199999809265137,12.399999618530273,848.5880665736994
880,-14.199999809265137,12.300000190734863,881.393285875125
881,-14.199999809265137,12.199999809265137,949.0503928267507
882,-14.199999809265137,12.100000381469727,996.3095485133526
883,-14.199999809265137,12.0,1036.5712493496135
884,-14.100000381469727,14.5,349.1305812835144
885,-14.100000381469727,14.399999618530273,374.1327931400197
886,-14.100000381469727,14.300000190734863,398.2031129451619
887,-14.100000381469727,14.199999809265137,417.64271832287693
888,-14.100000381469727,14.100000381469727,433.7568103552048
889,-14.100000381469727,14.0,471.03667156942583
890,-14.100000381469727,13.899999618530273,501.6129989528445
891,-14.100000381469727,13.800000190734863,515.5091507712124
892,-14.100000381469727,13.699999809265137,526.704938705586
893,-14.100000381469727,13.600000381469727,541.1088462474172
894,-14.100000381469727,13.5,552.5352374244112
895,-14.100000381469727,13.399999618530273,573.9521351610598
896,-14.100000381469727,13.300000190734863,596.4817742371799
897,-14.100000381469727,13.199999809265137,606.4796061959102
898,-14.100000381469727,13.100000381469727,660.154187624586
899,-14.100000381469727,13.0,685.7356845759977
900,-14.100000381469727,12.899999618530273,701.5306292027428
901,-14.100000381469727,12.800000190734863,711.6624283369662
902,-14.100000381469727,12.699999809265137,740.7029372496495
903,-14.100000381469727,12.600000381469727,781.1872312836947
904,-14.100000381469727,12.5,816.566951480705
905,-14.100000381469727,12.399999618530273,833.60733960333
906,-14.100000381469727,12.300000190734863,867.8592151175594
907,-14.100000381469727,12.199999809265137,941.5669148001591
908,-14.100000381469727,12.100000381469727,982.9119876635842
909,-14.100000381469727,12.0,1021.4275114775974
910,-14.0,14.5,353.1585474868842
911,-14.0,14.399999618530273,376.2287239565647
912,-14.0,14.300000190734863,397.99829019517824
913,-14.0,14.199999809265137,416.7082548491508
914,-14.0,14.100000381469727,435.81622786469666
915,-14.0,14.0,471.08070386110234
916,-14.0,13.899999618530273,505.8285767819234
917,-14.0,13.800000190734863,521.4222688316627
918,-14.0,13.699999809265137,531.5442753103614
919,-14.0,13.600000381469727,543.7396148904338
920,-14.0,13.5,558.1363621552875
921,-14.0,13.399999618530273,575.8135053130007
922,-14.0,13.300000190734863,595.0359821133106
923,-14.0,13.199999809265137,608.2063937933682
924,-14.0,13.100000381469727,655.2668201218355
925,-14.0,13.0,685.4968320736357
926,-14.0,12.899999618530273,700.4588114794099
927,-14.0,12.800000190734863,713.9693498287166
928,-14.0,12.699999809265137,741.3324111817063
929,-14.0,12.600000381469727,785.7726752706648
930,-14.0,12.5,825.6999242016316
931,-14.0,12.399999618530273,840.5097438575084
932,-14.0,12.300000190734863,875.4094917299572
933,-14.0,12.199999809265137,942.2662012523091
934,-14.0,12.100000381469727,990.856611100646
935,-14.0,12.0,1025.8440010092102
936,-13.899999618530273,14.5,355.0057821907392
937,-13.899999618530273,14.399999618530273,374.74873070962195
938,-13.899999618530273,14.300000190734863,397.12826447241673
939,-13.899999618530273,14.199999809265137,417.6813026767509
940,-13.899999618530273,14.100000381469727,431.98625299463686
941,-13.899999618530273,14.0,468.68224743228456
942,-13.899999618530273,13.899999618530273,506.0530016317375
943,-13.899999618530273,13.800000190734863,522.3787043476165
944,-13.899999618530273,13.699999809265137,536.4649383487471
945,-13.899999618530273,13.600000381469727,545.5677143676808
946,-13.899999618530273,13.5,556.7837956489894
947,-13.899999618530273,13.399999618530273,579.9511046503707
948,-13.899999618530273,13.300000190734863,600.6105894356668
949,-13.899999618530273,13.199999809265137,609.6246719095542
950,-13.899999618530273,13.100000381469727,652.4761597565036
951,-13.899999618530273,13.0,678.4545013798661
952,-13.899999618530273,12.899999618530273,701.3349981645287
953,-13.899999618530273,12.800000190734863,722.1086356696117
954,-13.899999618530273,12.699999809265137,756.1058078451124
955,-13.899999618530273,12.600000381469727,796.4544477596562
956,-13.899999618530273,12.5,844.325999311751
957,-13.899999618530273,12.399999618530273,862.7528077855251
958,-13.899999618530273,12.300000190734863,885.8303784874631
959,-13.899999618530273,12.199999809265137,949.7091561012481
960,-13.899999618530273,12.100000381469727,999.0154507626754
961,-13.899999618530273,12.0,1047.7064111782533
962,-13.800000190734863,14.5,361.0329842691171
963,-13.800000190734863,14.399999618530273,379.1285728901736
964,-13.800000190734863,14.300000190734863,395.3228567632042
965,-13.800000190734863,14.199999809265137,415.7207462150574
966,-13.800000190734863,14.100000381469727,432.2204144923057
967,-13.800000190734863,14.0,467.8406138366304
968,-13.800000190734863,13.899999618530273,505.35427889626436
969,-13.800000190734863,13.800000190734863,525.5178606104705
970,-13.800000190734863,13.699999809265137,535.6342726010623
971,-13.800000190734863,13.600000381469727,547.6493169366855
972,-13.800000190734863,13.5,558.1704373768054
973,-13.800000190734863,13.399999618530273,586.2239072551104
974,-13.800000190734863,13.300000190734863,605.4329612038842
975,-13.800000190734863,13.199999809265137,610.7451691925346
976,-13.800000190734863,13.100000381469727,650.1531863602283
977,-13.800000190734863,13.0,679.1544170463012
978,-13.800000190734863,12.899999618530273,703.250491884586
979,-13.800000190734863,12.800000190734863,731.7333403329687
980,-13.800000190734863,12.699999809265137,768.54932839978
981,-13.800000190734863,12.600000381469727,816.706617932266
982,-13.800000190734863,12.5,859.6726774120032
983,-13.800000190734863,12.399999618530273,883.9348135026645
984,-13.800000190734863,12.300000190734863,908.3086733422437
985,-13.800000190734863,12.199999809265137,958.7956801236035
986,-13.800000190734863,12.100000381469727,1017.8649087012617
987,-13.800000190734863,12.0,1082.2367861301386
988,-13.699999809265137,14.5,359.70213522737197
989,-13.699999809265137,14.399999618530273,376.9938747316057
990,-13.699999809265137,14.300000190734863,392.2835783968531
991,-13.699999809265137,14.199999809265137,412.105917840931
992,-13.699999809265137,14.100000381469727,426.06032685119476
993,-13.699999809265137,14.0,460.36791222221376
994,-13.699999809265137,13.899999618530273,498.7321414889019
995,-13.699999809265137,13.800000190734863,519.0015684623654
996,-13.699999809265137,13.699999809265137,526.2592516211687
997,-13.699999809265137,13.600000381469727,540.9190899149123
998,-13.699999809265137,13.5,561.3948970373891
999,-13.699999809265137,13.399999618530273,584.6538116595226
1000,-13.699999809265137,13.300000190734863,600.6042707784118
1001,-13.699999809265137,13.199999809265137,604.198502955053
1002,-13.699999809265137,13.100000381469727,645.8495713387098
1003,-13.699999809265137,13.0,675.679619748943
1004,-13.699999809265137,12.899999618530273,694.1526781029178
1005,-13.699999809265137,12.800000190734863,710.8371560099091
1006,-13.699999809265137,12.699999809265137,749.0811370717555
1007,-13.699999809265137,12.600000381469727,799.3791658571186
1008,-13.699999809265137,12.5,844.32219762783
1009,-13.699999809265137,12.399999618530273,865.5820232357014
1010,-13.699999809265137,12.300000190734863,897.8641249822136
1011,-13.699999809265137,12.199999809265137,955.6497756649057
1012,-13.699999809265137,12.100000381469727,1007.9652297821759
1013,-13.699999809265137,12.0,1069.4475880214966
1014,-13.600000381469727,14.5,356.4392831549183
1015,-13.600000381469727,14.399999618530273,375.85019763179207
1016,-13.600000381469727,14.300000190734863,393.24222317687577
1017,-13.600000381469727,14.199999809265137,409.50603295389647
1018,-13.600000381469727,14.100000381469727,421.1016971863878
1019,-13.600000381469727,14.0,450.7638261276774
1020,-13.600000381469727,13.899999618530273,484.3059555654624
1021,-13.600000381469727,13.800000190734863,503.92084757721875
1022,-13.600000381469727,13.699999809265137,521.4030652755685
1023,-13.600000381469727,13.600000381469727,541.7401742050183
1024,-13.600000381469727,13.5,558.7755611213786
1025,-13.600000381469727,13.399999618530273,580.3160666456888
1026,-13.600000381469727,13.300000190734863,594.7352969581021
1027,-13.600000381469727,13.199999809265137,600.1205356785633
1028,-13.600000381469727,13.100000381469727,637.475883292128
1029,-13.600000381469727,13.0,664.5078916127044
1030,-13.600000381469727,12.899999618530273,682.4513244685226
1031,-13.600000381469727,12.800000190734863,692.8967181783797
1032,-13.600000381469727,12.699999809265137,729.044351397321
1033,-13.600000381469727,12.600000381469727,774.0701341484606
1034,-13.600000381469727,12.5,814.6815868022583
1035,-13.600000381469727,12.399999618530273,848.384883337876
1036,-13.600000381469727,12.300000190734863,884.3611321780946
1037,-13.600000381469727,12.199999809265137,942.4328351320739
1038,-13.600000381469727,12.100000381469727,996.0340059621819
1039,-13.600000381469727,12.0,1050.5481702468007
1040,-13.5,14.5,360.34231577741957
1041,-13.5,14.399999618530273,376.5140083688543
1042,-13.5,14.300000190734863,390.28073166659914
1043,-13.5,14.199999809265137,410.93777072173305
1044,-13.5,14.100000381469727,427.1559316193437
1045,-13.5,14.0,451.8366493152925
1046,-13.5,13.899999618530273,481.31934575821884
1047,-13.5,13.800000190734863,502.4368651256262
1048,-13.5,13.699999809265137,518.5499263876766
1049,-13.5,13.600000381469727,542.5855213459229
1050,-13.5,13.5,559.676686444009
1051,-13.5,13.399999618530273,584.158922216384
1052,-13.5,13.300000190734863,598.0386321161392
1053,-13.5,13.199999809265137,603.8709802917122
1054,-13.5,13.100000381469727,635.0777461844946
1055,-13.5,13.0,659.3871615357187
1056,-13.5,12.899999618530273,676.752879235017
1057,-13.5,12.800000190734863,690.1506133761031
1058,-13.5,12.699999809265137,722.017468488619
1059,-13.5,12.600000381469727,761.375968511079
1060,-13.5,12.5,797.5433384943829
1061,-13.5,12.399999618530273,839.0432025665776
1062,-13.5,12.300000190734863,885.3435269485493
1063,-13.5,12.199999809265137,946.1090829634045
1064,-13.5,12.100000381469727,994.5625528251886
1065,-13.5,12.0,1055.241570555362
1066,-13.399999618530273,14.5,366.2712492658685
1067,-13.399999618530273,14.399999618530273,381.0345417170121
1068,-13.399999618530273,14.300000190734863,395.47995300353057
1069,-13.399999618530273,14.199999809265137,411.36185646155235
1070,-13.399999618530273,14.100000381469727,429.5939800359605
1071,-13.399999618530273,14.0,458.5217741355373
1072,-13.399999618530273,13.899999618530273,483.4866684158036
1073,-13.399999618530273,13.800000190734863,492.79003064597896
1074,-13.399999618530273,13.699999809265137,503.69601510618713
1075,-13.399999618530273,13.600000381469727,525.0446377651912
1076,-13.399999618530273,13.5,548.3675823530115
1077,-13.399999618530273,13.399999618530273,574.0582176576871
1078,-13.399999618530273,13.300000190734863,589.2378056929225
1079,-13.399999618530273,13.199999809265137,596.2469357006607
1080,-13.399999618530273,13.100000381469727,627.8345792261248
1081,-13.399999618530273,13.0,644.0484970360534
1082,-13.399999618530273,12.899999618530273,661.8669069276403
1083,-13.399999618530273,12.800000190734863,682.2156653554636
1084,-13.399999618530273,12.699999809265137,721.2526504659705
1085,-13.399999618530273,12.600000381469727,762.9400319809821
1086,-13.399999618530273,12.5,806.8083427247492
1087,-13.399999618530273,12.399999618530273,845.7887558284741
1088,-13.399999618530273,12.300000190734863,886.5782707891253
1089,-13.399999618530273,12.199999809265137,957.6477514813886
1090,-13.399999618530273,12.100000381469727,999.724652322604
1091,-13.399999618530273,12.0,1051.9929851402726
1092,-13.300000190734863,14.5,367.6496177371704
1093,-13.300000190734863,14.399999618530273,384.83948711234257
1094,-13.300000190734863,14.300000190734863,400.791813303555
1095,-13.300000190734863,14.199999809265137,417.35749755650295
1096,-13.300000190734863,14.100000381469727,430.64902912293206
1097,-13.300000190734863,14.0,462.96600563408026
1098,-13.300000190734863,13.899999618530273,488.8467698031938
1099,-13.300000190734863,13.800000190734863,490.6609539427658
1100,-13.300000190734863,13.699999809265137,496.165401616739
1101,-13.300000190734863,13.600000381469727,511.2141642765657
1102,-13.300000190734863,13.5,536.6845734264605
1103,-13.300000190734863,13.399999618530273,563.213135220947
1104,-13.300000190734863,13.300000190734863,577.4112372755969
1105,-13.300000190734863,13.199999809265137,587.7912259407902
1106,-13.300000190734863,13.100000381469727,615.4095202824625
1107,-13.300000190734863,13.0,632.5065958690152
1108,-13.300000190734863,12.899999618530273,650.1278866321753
1109,-13.300000190734863,12.800000190734863,676.5550643001864
1110,-13.300000190734863,12.699999809265137,716.4387834184533
1111,-13.300000190734863,12.600000381469727,772.7436109953992
1112,-13.300000190734863,12.5,813.1136662048134
1113,-13.300000190734863,12.399999618530273,846.2750801605387
1114,-13.300000190734863,12.300000190734863,893.3761794688352
1115,-13.300000190734863,12.199999809265137,969.1814710169346
1116,-13.300000190734863,12.100000381469727,1006.7658166047048
1117,-13.300000190734863,12.0,1052.7481448138751
1118,-13.199999809265137,14.5,371.7087841282124
1119,-13.199999809265137,14.399999618530273,389.20022598048905
1120,-13.199999809265137,14.300000190734863,403.93658231645344
1121,-13.199999809265137,14.199999809265137,417.2952056729956
1122,-13.199999809265137,14.100000381469727,427.79227549910433
1123,-13.199999809265137,14.0,459.0690174126644
1124,-13.199999809265137,13.899999618530273,485.4431289168066
1125,-13.199999809265137,13.800000190734863,487.2314565219543
1126,-13.199999809265137,13.699999809265137,490.958366712204
1127,-13.199999809265137,13.600000381469727,501.61437783369394
1128,-13.199999809265137,13.5,528.5292455573232
1129,-13.199999809265137,13.399999618530273,553.8213895631084
1130,-13.199999809265137,13.300000190734863,569.2247844662268
1131,-13.199999809265137,13.199999809265137,573.208455493572
1132,-13.199999809265137,13.100000381469727,608.7970530339273
1133,-13.199999809265137,13.0,627.735981538403
1134,-13.199999809265137,12.899999618530273,644.2977053738139
1135,-13.199999809265137,12.800000190734863,668.5934525114684
1136,-13.199999809265137,12.699999809265137,709.1991670166188
1137,-13.199999809265137,12.600000381469727,759.5657843554386
1138,-13.199999809265137,12.5,800.1805865174215
1139,-13.199999809265137,12.399999618530273,831.3247540365276
1140,-13.199999809265137,12.300000190734863,878.4367063074018
1141,-13.199999809265137,12.199999809265137,957.6055735762556
1142,-13.199999809265137,12.100000381469727,1000.0192360383431
1143,-13.199999809265137,12.0,1041.070358828096
1144,-13.100000381469727,14.5,385.9246504648617
1145,-13.100000381469727,14.399999618530273,400.2421686901531
1146,-13.100000381469727,14.300000190734863,412.71941853104016
1147,-13.100000381469727,14.199999809265137,422.17513041337395
1148,-13.100000381469727,14.100000381469727,432.5862788523733
1149,-13.100000381469727,14.0,453.3240498786265
1150,-13.100000381469727,13.899999618530273,480.14319292197587
1151,-13.100000381469727,13.800000190734863,486.6645426136932
1152,-13.100000381469727,13.699999809265137,489.80323886134664
1153,-13.100000381469727,13.600000381469727,502.57925136717137
1154,-13.100000381469727,13.5,530.6604106016739
1155,-13.100000381469727,13.399999618530273,554.4680462082415
1156,-13.100000381469727,13.300000190734863,571.128248513083
1157,-13.100000381469727,13.199999809265137,574.9588147805579
1158,-13.100000381469727,13.100000381469727,608.5407302798156
1159,-13.100000381469727,13.0,626.6707420622648
1160,-13.100000381469727,12.899999618530273,645.5905603510158
1161,-13.100000381469727,12.800000190734863,670.552026731452
1162,-13.100000381469727,12.699999809265137,701.5769266972238
1163,-13.100000381469727,12.600000381469727,743.8340675754292
1164,-13.100000381469727,12.5,777.5739792651169
1165,-13.100000381469727,12.399999618530273,803.9734280279961
1166,-13.100000381469727,12.300000190734863,846.993612331086
1167,-13.100000381469727,12.199999809265137,915.2911520731956
1168,-13.100000381469727,12.100000381469727,972.3744299438749
1169,-13.100000381469727,12.0,1026.3800841793848
1170,-13.0,14.5,395.6320590169314
1171,-13.0,14.399999618530273,412.5479875917216
1172,-13.0,14.300000190734863,417.6693689211168
1173,-13.0,14.199999809265137,423.18510443545534
1174,-13.0,14.100000381469727,430.3169576059108
1175,-13.0,14.0,452.2770038262443
1176,-13.0,13.899999618530273,472.2774689552842
1177,-13.0,13.800000190734863,484.79278983769547
1178,-13.0,13.699999809265137,491.95705008637987
1179,-13.0,13.600000381469727,504.89496305446863
1180,-13.0,13.5,530.8856770216893
1181,-13.0,13.399999618530273,557.8071695989989
1182,-13.0,13.300000190734863,575.8848406478365
1183,-13.0,13.199999809265137,574.8030204248324
1184,-13.0,13.100000381469727,604.8355876293629
1185,-13.0,13.0,621.690696932924
1186,-13.0,12.899999618530273,649.3072076854513
1187,-13.0,12.800000190734863,675.296972299301
1188,-13.0,12.699999809265137,698.7558543769469
1189,-13.0,12.600000381469727,728.1530493498904
1190,-13.0,12.5,751.5210780251837
1191,-13.0,12.399999618530273,771.2412534388526
1192,-13.0,12.300000190734863,810.5267844679798
1193,-13.0,12.199999809265137,878.5437034274419
1194,-13.0,12.100000381469727,936.3404706089794
1195,-13.0,12.0,1001.3077754341417
1196,-12.899999618530273,14.5,395.9389728087477
1197,-12.899999618530273,14.399999618530273,415.67190852857027
1198,-12.899999618530273,14.300000190734863,422.10217984713
1199,-12.899999618530273,14.199999809265137,421.6547960673662
1200,-12.899999618530273,14.100000381469727,427.9025379244821
1201,-12.899999618530273,14.0,451.8481032546873
1202,-12.899999618530273,13.899999618530273,471.3551311695783
1203,-12.899999618530273,13.800000190734863,483.8684030736992
1204,-12.899999618530273,13.699999809265137,494.6036001736341
1205,-12.899999618530273,13.600000381469727,511.8989353153934
1206,-12.899999618530273,13.5,533.5094705472413
1207,-12.899999618530273,13.399999618530273,564.1152618592874
1208,-12.899999618530273,13.300000190734863,576.2211554170282
1209,-12.899999618530273,13.199999809265137,570.5090949531409
1210,-12.899999618530273,13.100000381469727,597.250194735939
1211,-12.899999618530273,13.0,618.4502850498475
1212,-12.899999618530273,12.899999618530273,644.9110534814987
1213,-12.899999618530273,12.800000190734863,668.4920764704685
1214,-12.899999618530273,12.699999809265137,686.6671586713126
1215,-12.899999618530273,12.600000381469727,709.9264590212455
1216,-12.899999618530273,12.5,725.9429548944217
1217,-12.899999618530273,12.399999618530273,753.9034267409124
1218,-12.899999618530273,12.300000190734863,797.3951512490773
1219,-12.899999618530273,12.199999809265137,880.4839840996428
1220,-12.899999618530273,12.100000381469727,938.247518818124
1221,-12.899999618530273,12.0,1013.1736035577261
1222,-12.800000190734863,14.5,390.9350390161683
1223,-12.800000190734863,14.399999618530273,411.30253097937873
1224,-12.800000190734863,14.300000190734863,420.572362086412
1225,-12.800000190734863,14.199999809265137,423.39969278120947
1226,-12.800000190734863,14.100000381469727,429.7112993264973
1227,-12.800000190734863,14.0,454.21538489268295
1228,-12.800000190734863,13.899999618530273,479.6688679741737
1229,-12.800000190734863,13.800000190734863,490.03925726468526
1230,-12.800000190734863,13.699999809265137,494.26733597158164
1231,-12.800000190734863,13.600000381469727,513.2465013548283
1232,-12.800000190734863,13.5,535.8961068347506
1233,-12.800000190734863,13.399999618530273,558.1985480493049
1234,-12.800000190734863,13.300000190734863,569.3482925512901
1235,-12.800000190734863,13.199999809265137,560.2686632017237
1236,-12.800000190734863,13.100000381469727,585.025995508804
1237,-12.800000190734863,13.0,602.1828199110616
1238,-12.800000190734863,12.899999618530273,625.7565041278664
1239,-12.800000190734863,12.800000190734863,640.6388508240861
1240,-12.800000190734863,12.699999809265137,663.3933797061145
1241,-12.800000190734863,12.600000381469727,680.2247982879134
1242,-12.800000190734863,12.5,699.6478184781163
1243,-12.800000190734863,12.399999618530273,748.3040000779469
1244,-12.800000190734863,12.300000190734863,816.4341368894031
1245,-12.800000190734863,12.199999809265137,917.501593393102
1246,-12.800000190734863,12.100000381469727,987.198188580908
1247,-12.800000190734863,12.0,1069.699500561535
1248,-12.699999809265137,14.5,397.4966168008201
1249,-12.699999809265137,14.399999618530273,415.7126087210961
1250,-12.699999809265137,14.300000190734863,424.7157224098076
1251,-12.699999809265137,14.199999809265137,428.92879781561567
1252,-12.699999809265137,14.100000381469727,438.5350891374832
1253,-12.699999809265137,14.0,465.51767513619086
1254,-12.699999809265137,13.899999618530273,491.83853701197916
1255,-12.699999809265137,13.800000190734863,499.3339009751617
1256,-12.699999809265137,13.699999809265137,505.857949166792
1257,-12.699999809265137,13.600000381469727,516.3548908564684
1258,-12.699999809265137,13.5,539.1048497975129
1259,-12.699999809265137,13.399999618530273,559.8845559309954
1260,-12.699999809265137,13.300000190734863,572.1263387656707
1261,-12.699999809265137,13.199999809265137,564.13761885083
1262,-12.699999809265137,13.100000381469727,586.1405145069913
1263,-12.699999809265137,13.0,600.8105135265666
1264,-12.699999809265137,12.899999618530273,616.4434136125948
1265,-12.699999809265137,12.800000190734863,632.0109535877617
1266,-12.699999809265137,12.699999809265137,648.2490151432892
1267,-12.699999809265137,12.600000381469727,660.6430011929194
1268,-12.699999809265137,12.5,686.7964663128961
1269,-12.699999809265137,12.399999618530273,761.6868649544117
1270,-12.699999809265137,12.300000190734863,852.8362671414112
1271,-12.699999809265137,12.199999809265137,968.1482570173279
1272,-12.699999809265137,12.100000381469727,1046.307393497266
1273,-12.699999809265137,12.0,1127.8816112412908
1274,-12.600000381469727,14.5,403.18000996670037
1275,-12.600000381469727,14.399999618530273,422.4619617168023
1276,-12.600000381469727,14.300000190734863,424.7548751849895
1277,-12.600000381469727,14.199999809265137,434.31682191591005
1278,-12.600000381469727,14.100000381469727,446.02721812130113
1279,-12.600000381469727,14.0,467.05063137775363
1280,-12.600000381469727,13.899999618530273,494.00799954452236
1281,-12.600000381469727,13.800000190734863,502.37135360008256
1282,-12.600000381469727,13.699999809265137,510.53619637899357
1283,-12.600000381469727,13.600000381469727,520.4621655111573
1284,-12.600000381469727,13.5,537.1082485510786
1285,-12.600000381469727,13.399999618530273,563.4936024437282
1286,-12.600000381469727,13.300000190734863,573.464791668337
1287,-12.600000381469727,13.199999809265137,572.668951694378
1288,-12.600000381469727,13.100000381469727,596.7634345499748
1289,-12.600000381469727,13.0,608.5559033207128
1290,-12.600000381469727,12.899999618530273,621.972298856942
1291,-12.600000381469727,12.800000190734863,632.9235237455948
1292,-12.600000381469727,12.699999809265137,644.4764342666748
1293,-12.600000381469727,12.600000381469727,657.4700053572155
1294,-12.600000381469727,12.5,692.6106103423396
1295,-12.600000381469727,12.399999618530273,769.9085692529637
1296,-12.600000381469727,12.300000190734863,861.7601092260729
1297,-12.600000381469727,12.199999809265137,980.2637266692143
1298,-12.600000381469727,12.100000381469727,1048.456740212837
1299,-12.600000381469727,12.0,1125.155097965654
1300,-12.5,14.5,402.57272759292596
1301,-12.5,14.399999618530273,418.2782988319578
1302,-12.5,14.300000190734863,427.3600008942066
1303,-12.5,14.199999809265137,444.19721840830715
1304,-12.5,14.100000381469727,449.59980046957173
1305,-12.5,14.0,465.50325111114205
1306,-12.5,13.899999618530273,484.9515276655512
1307,-12.5,13.800000190734863,499.75889622635026
1308,-12.5,13.699999809265137,504.8164073695048
1309,-12.5,13.600000381469727,515.0574137607426
1310,-12.5,13.5,535.5749103026178
1311,-12.5,13.399999618530273,561.1707725121005
1312,-12.5,13.300000190734863,575.3962260584653
1313,-12.5,13.199999809265137,573.3537354672363
1314,-12.5,13.100000381469727,600.2444027919784
1315,-12.5,13.0,614.1579794803253
1316,-12.5,12.899999618530273,625.9990839641865
1317,-12.5,12.800000190734863,636.5129588790018
1318,-12.5,12.699999809265137,648.5517896181391
1319,-12.5,12.600000381469727,664.0297486214715
1320,-12.5,12.5,696.4096278030235
1321,-12.5,12.399999618530273,765.4166686341905
1322,-12.5,12.300000190734863,844.6289049525187
1323,-12.5,12.199999809265137,954.6646448461511
1324,-12.5,12.100000381469727,1012.4528709080023
1325,-12.5,12.0,1071.259404131941
1326,-12.399999618530273,14.5,394.978101328687
1327,-12.399999618530273,14.399999618530273,413.5034393701863
1328,-12.399999618530273,14.300000190734863,432.9229490735252
1329,-12.399999618530273,14.199999809265137,447.15586005951405
1330,-12.399999618530273,14.100000381469727,443.9786253882459
1331,-12.399999618530273,14.0,459.8982369648731
1332,-12.399999618530273,13.899999618530273,477.84741170885866
1333,-12.399999618530273,13.800000190734863,496.25782400337425
1334,-12.399999618530273,13.699999809265137,500.9262535789627
1335,-12.399999618530273,13.600000381469727,516.0746142488014
1336,-12.399999618530273,13.5,537.4097269388094
1337,-12.399999618530273,13.399999618530273,558.4636392926915
1338,-12.399999618530273,13.300000190734863,578.8061155721537
1339,-12.399999618530273,13.199999809265137,577.5964867300744
1340,-12.399999618530273,13.100000381469727,604.2311766536237
1341,-12.399999618530273,13.0,619.4714911727951
1342,-12.399999618530273,12.899999618530273,628.2167407812602
1343,-12.399999618530273,12.800000190734863,646.9400881615252
1344,-12.399999618530273,12.699999809265137,658.7111231483252
1345,-12.399999618530273,12.600000381469727,673.206018428741
1346,-12.399999618530273,12.5,703.738515576581
1347,-12.399999618530273,12.399999618530273,753.5641767569819
1348,-12.399999618530273,12.300000190734863,834.002465299875
1349,-12.399999618530273,12.199999809265137,938.5645530993959
1350,-12.399999618530273,12.100000381469727,980.8506640115057
1351,-12.399999618530273,12.0,1028.2405378227402
1352,-12.300000190734863,14.5,385.55635095130543
1353,-12.300000190734863,14.399999618530273,403.6974407890984
1354,-12.300000190734863,14.300000190734863,423.34100530765244
1355,-12.300000190734863,14.199999809265137,437.2130312051544
1356,-12.300000190734863,14.100000381469727,437.384652264721
1357,-12.300000190734863,14.0,453.41113902402583
1358,-12.300000190734863,13.899999618530273,471.79123055772357
1359,-12.300000190734863,13.800000190734863,487.18849050894573
1360,-12.300000190734863,13.699999809265137,494.845112239598
1361,-12.300000190734863,13.600000381469727,511.35865382693
1362,-12.300000190734863,13.5,531.3298096783097
1363,-12.300000190734863,13.399999618530273,551.2425609689836
1364,-12.300000190734863,13.300000190734863,573.3102855502264
1365,-12.300000190734863,13.199999809265137,575.2205083615746
1366,-12.300000190734863,13.100000381469727,603.094911066366
1367,-12.300000190734863,13.0,620.509533687552
1368,-12.300000190734863,12.899999618530273,632.9995213362572
1369,-12.300000190734863,12.800000190734863,643.0297573631178
1370,-12.300000190734863,12.699999809265137,649.6515203421642
1371,-12.300000190734863,12.600000381469727,663.025193199164
1372,-12.300000190734863,12.5,687.0386959334922
1373,-12.300000190734863,12.399999618530273,720.5971791465824
1374,-12.300000190734863,12.300000190734863,770.6228639411381
1375,-12.300000190734863,12.199999809265137,847.3270422752811
1376,-12.300000190734863,12.100000381469727,887.298650063447
1377,-12.300000190734863,12.0,936.1031849093775
1378,-12.199999809265137,14.5,383.9234059057823
1379,-12.199999809265137,14.399999618530273,398.57503016994013
1380,-12.199999809265137,14.300000190734863,417.42858100337213
1381,-12.199999809265137,14.199999809265137,433.70366605474754
1382,-12.199999809265137,14.100000381469727,437.0581210094561
1383,-12.199999809265137,14.0,451.47138589453584
1384,-12.199999809265137,13.899999618530273,469.74666946196146
1385,-12.199999809265137,13.800000190734863,481.5384615262553
1386,-12.199999809265137,13.699999809265137,494.3530171989982
1387,-12.199999809265137,13.600000381469727,511.01844871383116
1388,-12.199999809265137,13.5,534.7091306757285
1389,-12.199999809265137,13.399999618530273,556.0618128540748
1390,-12.199999809265137,13.300000190734863,579.0577685544756
1391,-12.199999809265137,13.199999809265137,587.6643990297829
1392,-12.199999809265137,13.100000381469727,619.646682836355
1393,-12.199999809265137,13.0,638.0700230184834
1394,-12.199999809265137,12.899999618530273,649.3884843225923
1395,-12.199999809265137,12.800000190734863,656.5742865637737
1396,-12.199999809265137,12.699999809265137,657.4651905169102
1397,-12.199999809265137,12.600000381469727,665.6203268120935
1398,-12.199999809265137,12.5,681.0659678345571
1399,-12.199999809265137,12.399999618530273,691.081001343447
1400,-12.199999809265137,12.300000190734863,715.1798456273808
1401,-12.199999809265137,12.199999809265137,767.1236222340177
1402,-12.199999809265137,12.100000381469727,795.0225009644779
1403,-12.199999809265137,12.0,835.511301563096
1404,-12.100000381469727,14.5,383.6970623910617
1405,-12.100000381469727,14.399999618530273,396.5538822459264
1406,-12.100000381469727,14.300000190734863,416.48314429144955
1407,-12.100000381469727,14.199999809265137,440.6693833670916
1408,-12.100000381469727,14.100000381469727,442.94149726704626
1409,-12.100000381469727,14.0,453.3406057988539
1410,-12.100000381469727,13.899999618530273,461.4560128452127
1411,-12.100000381469727,13.800000190734863,484.5713537181541
1412,-12.100000381469727,13.699999809265137,499.71880147441334
1413,-12.100000381469727,13.600000381469727,514.6976607726592
1414,-12.100000381469727,13.5,538.2898144351443
1415,-12.100000381469727,13.399999618530273,565.770643455671
1416,-12.100000381469727,13.300000190734863,583.2182154656776
1417,-12.100000381469727,13.199999809265137,598.3421935339014
1418,-12.100000381469727,13.100000381469727,633.4579714940003
1419,-12.100000381469727,13.0,654.8108305189104
1420,-12.100000381469727,12.899999618530273,664.3986721717375
1421,-12.100000381469727,12.800000190734863,670.2817662887452
1422,-12.100000381469727,12.699999809265137,669.5740285633872
1423,-12.100000381469727,12.600000381469727,673.6670589243912
1424,-12.100000381469727,12.5,679.0369495464421
1425,-12.100000381469727,12.399999618530273,666.567521219993
1426,-12.100000381469727,12.300000190734863,670.114355470429
1427,-12.100000381469727,12.199999809265137,709.8483684073742
1428,-12.100000381469727,12.100000381469727,719.495085287613
1429,-12.100000381469727,12.0,736.2085053533749
1430,-12.0,14.5,386.3703125297476
1431,-12.0,14.399999618530273,407.5245865047849
1432,-12.0,14.300000190734863,431.29392646668487
1433,-12.0,14.199999809265137,464.8982143047575
1434,-12.0,14.100000381469727,468.56029693276344
1435,-12.0,14.0,482.0668758151184
1436,-12.0,13.899999618530273,492.26547680894026
1437,-12.0,13.800000190734863,498.2900812503075
1438,-12.0,13.699999809265137,504.2725877259582
1439,-12.0,13.600000381469727,517.5612719633781
1440,-12.0,13.5,535.5489096475036
1441,-12.0,13.399999618530273,554.0008431652437
1442,-12.0,13.300000190734863,570.0553671314407
1443,-12.0,13.199999809265137,588.1296170768068
1444,-12.0,13.100000381469727,629.8286981549595
1445,-12.0,13.0,650.6576952140125
1446,-12.0,12.899999618530273,659.6600350449646
1447,-12.0,12.800000190734863,662.5354738398247
1448,-12.0,12.699999809265137,674.1606326885095
1449,-12.0,12.600000381469727,684.9995624010386
1450,-12.0,12.5,699.1281934098438
1451,-12.0,12.399999618530273,706.2166923163154
1452,-12.0,12.300000190734863,724.0026675068362
1453,-12.0,12.199999809265137,771.2550943214555
1454,-12.0,12.100000381469727,769.1049636274522
1455,-12.0,12.0,789.8299646907186
1456,-11.899999618530273,14.5,390.7323175649576
1457,-11.899999618530273,14.399999618530273,423.8184762221459
1458,-11.899999618530273,14.300000190734863,455.5506562125677
1459,-11.899999618530273,14.199999809265137,493.2420247718
1460,-11.899999618530273,14.100000381469727,500.64917551705787
1461,-11.899999618530273,14.0,514.5679147377596
1462,-11.899999618530273,13.899999618530273,522.2943161107835
1463,-11.899999618530273,13.800000190734863,511.97460542774337
1464,-11.899999618530273,13.699999809265137,509.5448775120011
1465,-11.899999618530273,13.600000381469727,514.5512127595354
1466,-11.899999618530273,13.5,533.3155822591249
1467,-11.899999618530273,13.399999618530273,541.7383185046901
1468,-11.899999618530273,13.300000190734863,557.5236524712091
1469,-11.899999618530273,13.199999809265137,578.7360193157135
1470,-11.899999618530273,13.100000381469727,622.5928679882202
1471,-11.899999618530273,13.0,653.0934744347527
1472,-11.899999618530273,12.899999618530273,662.5181721811505
1473,-11.899999618530273,12.800000190734863,665.2297755653265
1474,-11.899999618530273,12.699999809265137,684.2698047794563
1475,-11.899999618530273,12.600000381469727,709.0971480407635
1476,-11.899999618530273,12.5,729.7128908082726
1477,-11.899999618530273,12.399999618530273,749.7378196015735
1478,-11.899999618530273,12.300000190734863,788.550566828697
1479,-11.899999618530273,12.199999809265137,847.1078616432717
1480,-11.899999618530273,12.100000381469727,847.1313278345526
1481,-11.899999618530273,12.0,870.2627585694356
1482,-11.800000190734863,14.5,403.23041927658795
1483,-11.800000190734863,14.399999618530273,443.0045938005547
1484,-11.800000190734863,14.300000190734863,485.46506702886916
1485,-11.800000190734863,14.199999809265137,525.5505457573881
1486,-11.800000190734863,14.100000381469727,530.0587142931257
1487,-11.800000190734863,14.0,542.2260796428137
1488,-11.800000190734863,13.899999618530273,543.9570066487066
1489,-11.800000190734863,13.800000190734863,535.8159368154855
1490,-11.800000190734863,13.699999809265137,528.8409967255387
1491,-11.800000190734863,13.600000381469727,529.8547351754503
1492,-11.800000190734863,13.5,540.4138556921264
1493,-11.800000190734863,13.399999618530273,549.2220526125564
1494,-11.800000190734863,13.300000190734863,563.8595840487434
1495,-11.800000190734863,13.199999809265137,588.0084626398973
1496,-11.800000190734863,13.100000381469727,633.90782087232
1497,-11.800000190734863,13.0,660.2240476734128
1498,-11.800000190734863,12.899999618530273,672.9265874348665
1499,-11.800000190734863,12.800000190734863,683.2414701977001
1500,-11.800000190734863,12.699999809265137,704.6728122434823
1501,-11.800000190734863,12.600000381469727,737.506655322595
1502,-11.800000190734863,12.5,765.6880556733577
1503,-11.800000190734863,12.399999618530273,798.2760729119735
1504,-11.800000190734863,12.300000190734863,845.2648463214217
1505,-11.800000190734863,12.199999809265137,908.2981105340374
1506,-11.800000190734863,12.100000381469727,921.395774179242
1507,-11.800000190734863,12.0,959.0763914797187
1508,-11.699999809265137,14.5,407.88861872438014
1509,-11.699999809265137,14.399999618530273,441.8423660592558
1510,-11.699999809265137,14.300000190734863,483.9587248416403
1511,-11.699999809265137,14.199999809265137,519.3682973881594
1512,-11.699999809265137,14.100000381469727,526.8430228176396
1513,-11.699999809265137,14.0,546.7650233148506
1514,-11.699999809265137,13.899999618530273,549.9939740538082
1515,-11.699999809265137,13.800000190734863,546.138361917337
1516,-11.699999809265137,13.699999809265137,542.9723359078539
1517,-11.699999809265137,13.600000381469727,551.5498858273148
1518,-11.699999809265137,13.5,562.9209818799471
1519,-11.699999809265137,13.399999618530273,567.1413437625939
1520,-11.699999809265137,13.300000190734863,582.526044436892
1521,-11.699999809265137,13.199999809265137,588.609155525508
1522,-11.699999809265137,13.100000381469727,626.6712809337351
1523,-11.699999809265137,13.0,652.0926480921936
1524,-11.699999809265137,12.899999618530273,677.0269774973854
1525,-11.699999809265137,12.800000190734863,693.46856628125
1526,-11.699999809265137,12.699999809265137,709.6735418740885
1527,-11.699999809265137,12.600000381469727,731.1631638888009
1528,-11.699999809265137,12.5,757.8799718151557
1529,-11.699999809265137,12.399999618530273,796.6560367396206
1530,-11.699999809265137,12.300000190734863,846.9210397663959
1531,-11.699999809265137,12.199999809265137,899.3975842792123
1532,-11.699999809265137,12.100000381469727,919.3682580317434
1533,-11.699999809265137,12.0,961.2786354521479
1534,-11.600000381469727,14.5,407.3202672107574
1535,-11.600000381469727,14.399999618530273,440.69680191962453
1536,-11.600000381469727,14.300000190734863,481.91746990640434
1537,-11.600000381469727,14.199999809265137,513.7660090821406
1538,-11.600000381469727,14.100000381469727,523.9258651014524
1539,-11.600000381469727,14.0,542.6776063606318
1540,-11.600000381469727,13.899999618530273,558.0730697253078
1541,-11.600000381469727,13.800000190734863,559.3409344533819
1542,-11.600000381469727,13.699999809265137,563.0015088975338
1543,-11.600000381469727,13.600000381469727,575.1345060767894
1544,-11.600000381469727,13.5,586.5859225585154
1545,-11.600000381469727,13.399999618530273,592.9467224263411
1546,-11.600000381469727,13.300000190734863,601.0641761304073
1547,-11.600000381469727,13.199999809265137,596.1796856678279
1548,-11.600000381469727,13.100000381469727,617.2094225759517
1549,-11.600000381469727,13.0,638.97771314818
1550,-11.600000381469727,12.899999618530273,672.9793109053912
1551,-11.600000381469727,12.800000190734863,698.2117205369887
1552,-11.600000381469727,12.699999809265137,712.991515774786
1553,-11.600000381469727,12.600000381469727,728.7373464079005
1554,-11.600000381469727,12.5,754.5606439467114
1555,-11.600000381469727,12.399999618530273,789.1094933565288
1556,-11.600000381469727,12.300000190734863,840.7016688880922
1557,-11.600000381469727,12.199999809265137,904.3125914797432
1558,-11.600000381469727,12.100000381469727,932.5462752756736
1559,-11.600000381469727,12.0,977.007057937748
1560,-11.5,14.5,401.59240300902854
1561,-11.5,14.399999618530273,434.1587361478553
1562,-11.5,14.300000190734863,476.37713425813985
1563,-11.5,14.199999809265137,506.1093232061887
1564,-11.5,14.100000381469727,508.7518667071958
1565,-11.5,14.0,529.5211949230429
1566,-11.5,13.899999618530273,553.4038370095517
1567,-11.5,13.800000190734863,565.0058698816396
1568,-11.5,13.699999809265137,576.1226406250348
1569,-11.5,13.600000381469727,592.8304589283784
1570,-11.5,13.5,604.9511410599033
1571,-11.5,13.399999618530273,618.8047752299175
1572,-11.5,13.300000190734863,619.7273110288608
1573,-11.5,13.199999809265137,616.5957400033273
1574,-11.5,13.100000381469727,623.6592428033971
1575,-11.5,13.0,647.279643435489
1576,-11.5,12.899999618530273,683.2103348717546
1577,-11.5,12.800000190734863,714.0122813348871
1578,-11.5,12.699999809265137,723.023332052609
1579,-11.5,12.600000381469727,733.9998282548275
1580,-11.5,12.5,751.6169127989084
1581,-11.5,12.399999618530273,788.2863661672487
1582,-11.5,12.300000190734863,833.247257326671
1583,-11.5,12.199999809265137,901.2860213429982
1584,-11.5,12.100000381469727,934.7214601470503
1585,-11.5,12.0,979.7739075903231
1586,-11.399999618530273,14.5,385.54202585592185
1587,-11.399999618530273,14.399999618530273,417.08193328902036
1588,-11.399999618530273,14.300000190734863,453.1187969489415
1589,-11.399999618530273,14.199999809265137,484.02410205058266
1590,-11.399999618530273,14.100000381469727,482.33177642086
1591,-11.399999618530273,14.0,500.7081156976798
1592,-11.399999618530273,13.899999618530273,528.0717294493818
1593,-11.399999618530273,13.800000190734863,553.3469354588037
1594,-11.399999618530273,13.699999809265137,580.7108620994251
1595,-11.399999618530273,13.600000381469727,605.9877933444948
1596,-11.399999618530273,13.5,619.9646266405731
1597,-11.399999618530273,13.399999618530273,640.3790879477109
1598,-11.399999618530273,13.300000190734863,650.1420153578838
1599,-11.399999618530273,13.199999809265137,648.3385519080772
1600,-11.399999618530273,13.100000381469727,657.3883288839315
1601,-11.399999618530273,13.0,685.6944840229163
1602,-11.399999618530273,12.899999618530273,727.034318283799
1603,-11.399999618530273,12.800000190734863,747.5321159165359
1604,-11.399999618530273,12.699999809265137,752.7604432177185
1605,-11.399999618530273,12.600000381469727,748.3957698241072
1606,-11.399999618530273,12.5,756.2150505511531
1607,-11.399999618530273,12.399999618530273,776.5449488125521
1608,-11.399999618530273,12.300000190734863,810.6959677391097
1609,-11.399999618530273,12.199999809265137,875.4457615138276
1610,-11.399999618530273,12.100000381469727,909.35640688649
1611,-11.399999618530273,12.0,957.7662301234325
1612,-11.300000190734863,14.5,379.40710645046875
1613,-11.300000190734863,14.399999618530273,402.391024925693
1614,-11.300000190734863,14.300000190734863,433.3735343693868
1615,-11.300000190734863,14.199999809265137,458.45347073705284
1616,-11.300000190734863,14.100000381469727,465.6875946107645
1617,-11.300000190734863,14.0,483.90107837646474
1618,-11.300000190734863,13.899999618530273,517.1482108644888
1619,-11.300000190734863,13.800000190734863,552.3337752262905
1620,-11.300000190734863,13.699999809265137,588.8597609212117
1621,-11.300000190734863,13.600000381469727,621.8342924574488
1622,-11.300000190734863,13.5,643.0578411018782
1623,-11.300000190734863,13.399999618530273,677.2060882196565
1624,-11.300000190734863,13.300000190734863,693.6209825484354
1625,-11.300000190734863,13.199999809265137,688.4520429472398
1626,-11.300000190734863,13.100000381469727,709.1314583520771
1627,-11.300000190734863,13.0,733.2527230505696
1628,-11.300000190734863,12.899999618530273,772.7815436713131
1629,-11.300000190734863,12.800000190734863,799.2193963628035
1630,-11.300000190734863,12.699999809265137,797.9772576585708
1631,-11.300000190734863,12.600000381469727,789.855897447361
1632,-11.300000190734863,12.5,781.0798488521652
1633,-11.300000190734863,12.399999618530273,777.745441856902
1634,-11.300000190734863,12.300000190734863,793.0876616240259
1635,-11.300000190734863,12.199999809265137,844.5491072778359
1636,-11.300000190734863,12.100000381469727,890.613232407186
1637,-11.300000190734863,12.0,945.8750476453964
1638,-11.199999809265137,14.5,385.3022138688377
1639,-11.199999809265137,14.399999618530273,407.1897379169321
1640,-11.199999809265137,14.300000190734863,431.57277023626403
1641,-11.199999809265137,14.199999809265137,459.69883881255424
1642,-11.199999809265137,14.100000381469727,466.5594956893904
1643,-11.199999809265137,14.0,490.28926973709116
1644,-11.199999809265137,13.899999618530273,519.5530006842221
1645,-11.199999809265137,13.800000190734863,549.4751027429144
1646,-11.199999809265137,13.699999809265137,588.3658120299186
1647,-11.199999809265137,13.600000381469727,617.8125108918532
1648,-11.199999809265137,13.5,647.2764987768583
1649,-11.199999809265137,13.399999618530273,672.980733830153
1650,-11.199999809265137,13.300000190734863,689.3520648853186
1651,-11.199999809265137,13.199999809265137,696.6929917181371
1652,-11.199999809265137,13.100000381469727,721.161237751255
1653,-11.199999809265137,13.0,752.0640015711017
1654,-11.199999809265137,12.899999618530273,790.9433286258518
1655,-11.199999809265137,12.800000190734863,818.6971161317815
1656,-11.199999809265137,12.699999809265137,818.2689074757959
1657,-11.199999809265137,12.600000381469727,814.8327170714166
1658,-11.199999809265137,12.5,800.2739438676184
1659,-11.199999809265137,12.399999618530273,794.323305381261
1660,-11.199999809265137,12.300000190734863,805.8736659614051
1661,-11.199999809265137,12.199999809265137,853.8355921693463
1662,-11.199999809265137,12.100000381469727,902.0867915334117
1663,-11.199999809265137,12.0,956.5228853844642
1664,-11.100000381469727,14.5,404.9585886607454
1665,-11.100000381469727,14.399999618530273,430.05078482149423
1666,-11.100000381469727,14.300000190734863,460.7160864152142
1667,-11.100000381469727,14.199999809265137,488.2996633607311
1668,-11.100000381469727,14.100000381469727,495.06557455198526
1669,-11.100000381469727,14.0,508.0441419571695
1670,-11.100000381469727,13.899999618530273,529.2605668986548
1671,-11.100000381469727,13.800000190734863,543.1571637769985
1672,-11.100000381469727,13.699999809265137,561.784475492545
1673,-11.100000381469727,13.600000381469727,583.5715238121819
1674,-11.100000381469727,13.5,608.129987636273
1675,-11.100000381469727,13.399999618530273,636.4996814134623
1676,-11.100000381469727,13.300000190734863,655.2374413763037
1677,-11.100000381469727,13.199999809265137,663.1584259064801
1678,-11.100000381469727,13.100000381469727,694.1784722882218
1679,-11.100000381469727,13.0,740.0170404206801
1680,-11.100000381469727,12.899999618530273,777.9806749530138
1681,-11.100000381469727,12.800000190734863,808.8454655561818
1682,-11.100000381469727,12.699999809265137,820.7914434716329
1683,-11.100000381469727,12.600000381469727,826.3176352029827
1684,-11.100000381469727,12.5,828.2112044741131
1685,-11.100000381469727,12.399999618530273,833.4463242044959
1686,-11.100000381469727,12.300000190734863,858.6587563497889
1687,-11.100000381469727,12.199999809265137,911.5802957420578
1688,-11.100000381469727,12.100000381469727,952.1208585758645
1689,-11.100000381469727,12.0,994.4107697831691
1690,-11.0,14.5,423.94783500098833
1691,-11.0,14.399999618530273,462.54600500102197
1692,-11.0,14.300000190734863,490.8359251965142
1693,-11.0,14.199999809265137,517.4484886013439
1694,-11.0,14.100000381469727,517.6978581380217
1695,-11.0,14.0,530.6732553811858
1696,-11.0,13.899999618530273,546.0730990730324
1697,-11.0,13.800000190734863,540.2452891601021
1698,-11.0,13.699999809265137,539.8982660884617
1699,-11.0,13.600000381469727,545.6393247238886
1700,-11.0,13.5,569.7234001489148
1701,-11.0,13.399999618530273,599.2914915539127
1702,-11.0,13.300000190734863,626.2534613941833
1703,-11.0,13.199999809265137,639.4709457315284
1704,-11.0,13.100000381469727,680.5081083692208
1705,-11.0,13.0,722.2542532909786
1706,-11.0,12.899999618530273,764.529406901354
1707,-11.0,12.800000190734863,804.7914427510891
1708,-11.0,12.699999809265137,824.48592228866
1709,-11.0,12.600000381469727,844.2938896870393
1710,-11.0,12.5,863.3394602199296
1711,-11.0,12.399999618530273,876.7454898655001
1712,-11.0,12.300000190734863,912.30678548092
1713,-11.0,12.199999809265137,973.5200815162394
1714,-11.0,12.100000381469727,1006.0353015218192
1715,-11.0,12.0,1036.3718552043285
