year,ref,rcp45_0,rcp45_1,rcp45_2,rcp45_3,rcp45_4,rcp45_5,rcp45_6,rcp45_7,rcp45_8,rcp45_9,rcp45_10,rcp45_11,rcp45_12,rcp45_13,rcp45_14,rcp45_15,rcp45_16,rcp45_17,rcp45_18,rcp45_19,rcp45_20,rcp85_0,rcp85_1,rcp85_2,rcp85_3,rcp85_4,rcp85_5,rcp85_6,rcp85_7,rcp85_8,rcp85_9,rcp85_10,rcp85_11,rcp85_12,rcp85_13,rcp85_14,rcp85_15,rcp85_16,rcp85_17,rcp85_18,rcp85_19,rcp85_20,rcp85_21
1981,0.0,-0.6709129441761661,-0.34648217388405556,1.7018260360724753,-0.2624978639075266,2.6742260564377034,0.36725466389333405,-0.4524136986225358,-0.05995019198070395,-1.351256957155897,-1.9254536032510714,0.22992756739722608,2.354423691488762,0.6123690102184582,-0.39689307363306625,-0.34470205047006175,3.159795514202415,0.6208974429434875,0.5745743469026365,0.25329567761497174,2.0641537857626417,-0.10915647890925584,-0.698584408769193,-0.6125223954168746,1.5825451297872064,-0.3898897330532236,-0.6400307055208145,-0.11498266268682755,-1.4416833668668687,-2.034831205467924,0.08995728274538806,2.3283421276438503,0.5827238400655688,-0.43091267116631116,-0.4263723158255175,3.1570966499281212,0.5476164804356927,0.5150612679393021,0.19998342804927915,2.020327065428887,-0.17615012337159897,1.5128144621062916,0.7139710075331323,1.1448974536543801
1982,0.0,-0.42741776884651017,-0.6285801463715188,1.7083708057214722,-0.4868009663318844,2.7449145663737795,0.3640516557437081,-0.6980202496660013,-0.04850951080732102,-1.4285037922292076,-2.0953674874626813,0.1643450781320439,2.3226412566523322,0.5423757645438627,-0.6034180818691652,-0.3677234597018355,3.170383631324455,0.40167606725742644,0.6094511014981094,0.3402350077578262,1.9763135058677221,0.02270228539236996,-0.4963666508035658,-0.8672677378954177,1.5550216511350072,-0.549443460668499,-0.8895119721624951,-0.10485356032762638,-1.5162635822069888,-2.1643116057160228,-0.011718540274841871,2.2862120342052776,0.5121158859438424,-0.6594222802335139,-0.4163496786218275,3.1603360509038794,0.3282880914682096,0.557183098834173,0.297082516834962,1.9406051130115998,-0.03623969141233374,1.859503883763125,1.3294686270256193,1.222422493265924
1983,0.0,-0.7804204154715535,-0.05402118612101958,1.6628208159982591,-0.061291123939952286,2.5629221517910423,0.34382271327740455,-0.6694984782430424,0.21150345430959305,-1.384516333025374,-2.236353087734699,0.08360633372484472,2.2803634931441934,0.5427773189708205,-0.668757629065226,-0.27001664952615556,3.187012132021721,0.5861287984225214,0.6189756684106555,0.4018703645895698,1.9693441605239173,-0.06908584536262197,-0.8166162878995351,-0.40462906846164515,1.5462338545574994,-0.2079753404495932,-0.80067043576895,0.15111156740755405,-1.4841153618486373,-2.2899041168415692,-0.05529378362342641,2.273704792814783,0.5202952050188401,-0.6802647020830932,-0.2939778150869188,3.149562832588174,0.517300805058369,0.5585197852778379,0.3479345321165397,1.9334089488030486,-0.10695627186902357,2.0767587227190347,1.3616991560704719,1.4588659167258697
1984,0.0,-0.6485005945604598,-0.3494753469311149,2.18256372457256,-0.22621262819905041,2.647635150710755,0.8062497981706542,-0.42309617516337994,0.5510452952262881,-1.3216741777408174,-1.9626282393263637,0.5906728875175986,2.345937368511727,0.605754660590776,-0.3322284838299083,-0.24836027671767624,3.1585354605330167,0.4064370732699558,0.8292338704549707,0.47793885512299994,1.8385542862691295,0.289807443724726,-0.6790795962567131,-0.6212229640915439,1.9871672544494459,-0.3556424380869885,-0.6164277925072952,0.44888544338380143,-1.4117883730696121,-2.062311172505588,0.33949739774107,2.327224408404561,0.5892980616810632,-0.355599433425823,-0.29893732652533345,3.1591173097100977,0.3213426301521167,0.7593893922204416,0.44333357029927356,1.8098956756142002,0.20741723473469165,1.4586770654879615,0.862934228153847,1.5620308790170156
1985,0.0,-1.1651115620744008,-0.7778884333924339,1.8296927646899803,-0.07857033359715615,2.699371216988709,0.5581971480663697,-0.5110234213971125,0.12298060669547795,-1.384771478451853,-1.94214202243802,0.2498652642957495,2.3073698545872503,0.6571814084101106,-0.5019132913613475,-0.1863394172161179,3.118957388060437,0.6196456054909163,0.6822255931239738,0.5275812097425501,1.9543481304976353,-0.13538742368677958,-1.1881867483973565,-0.9947833293138615,1.6789391087911554,-0.21623126767724443,-0.6938662676452054,0.06709478636867061,-1.4751398725969125,-2.0175674001604875,0.10712994242027207,2.303818307299423,0.6396013304359371,-0.5409361848928143,-0.2396709614170618,3.125666164134941,0.5378590810400965,0.6325922575911136,0.4748338318781862,1.8974195623624155,-0.1632809150008825,1.264370336162358,0.7718169536250343,1.4971383059882442
1986,0.0,-1.3457699149203108,-0.4131756984135109,1.8762031425842451,-0.17060871992606508,2.6464675678932963,0.5490133020901453,-0.5780784736124929,-0.07755621991941553,-1.3872462749723127,-2.1324365768167013,0.36538225602356533,2.374644646922036,0.5913953950185942,-0.44756993193686867,-0.12443148883033928,3.1987640941711675,0.5617094098875555,0.731051143366301,0.3936585639478949,1.9274248160317597,-0.21661802557832743,-1.343047921459572,-0.7325834556576751,1.7155215434759725,-0.29171807828089413,-0.753969206926115,-0.1535899396150171,-1.4790604081314314,-2.188022119300115,0.15655856571584081,2.3465206334130357,0.582523421884332,-0.47334745519481203,-0.18884925398151609,3.201176347875446,0.4977275075868306,0.6570619413838585,0.35026354801027537,1.9210593628326933,-0.2246750132007378,1.282276458011438,0.6957354745627526,1.279978798212312
1987,0.0,-1.1091047262028155,-0.009589429978973385,1.426778524970814,-0.007010218891366549,2.4526028506199964,0.6687600930660551,-0.4785011115205293,0.17480168053208445,-1.3458508507848705,-1.9523097033547856,0.05594812008757799,2.418605505636549,0.5665714185791444,-0.543842464075226,-0.15316390752570896,3.1494402434772155,0.5690386332423145,0.6474566445097025,0.47282429750907795,1.8395443978542971,0.17988658684771508,-1.140206960936439,-0.33389279449733067,1.328251130403146,-0.12398726489806222,-0.664496550863305,0.10316189527407005,-1.4281023847589722,-2.0459119476352043,-0.09423925350500895,2.389035857400984,0.562335466729678,-0.5632186663910375,-0.23739042715754977,3.150800377625444,0.4937093552431975,0.602499521338018,0.4268754780343329,1.7906981535076625,0.133319025458718,1.7241617974902397,0.7373196585383539,1.1065991605989893
1988,0.0,-0.5402294853861349,-0.3154938511960381,1.6549134898149873,0.005490184022278299,2.6181475387384694,0.6463926732746472,-0.4604819322385083,0.29323221801183763,-1.225611403500011,-2.244634054716471,0.009603067477826244,2.3549822195591332,0.5857736083511895,-0.4838955829909537,-0.16636945096649924,3.1215300589342974,0.6143846375114208,0.6305310708721095,0.5157871537016945,1.9315924718001725,0.12058252833196548,-0.6029336564821506,-0.5943766600579465,1.5246480824578725,-0.13211631157685133,-0.6356869907816076,0.23696642934731926,-1.306899571132135,-2.3177999636145614,-0.12726605314259132,2.3335365068290344,0.5752897621503053,-0.49782174031685145,-0.20676274095700364,3.134272942063774,0.5221817832544389,0.5572477901688444,0.4653242472525676,1.9098931121887404,0.0407382316519147,1.149714596047147,0.8076227741972843,0.8538678264927171
1989,0.0,-0.608809389636292,0.08800428616638101,1.9188171270162684,0.8024884397043479,2.5537245423277,0.9789362284030858,-0.5537534489056952,0.5896664927033157,-1.4837058077110328,-2.0539819504834895,0.0007443627395673502,2.273464540362113,0.5646324278582711,-0.4519117620284874,-0.17504254248171947,3.215050440719324,0.5442163180783837,0.8642902243317394,0.6065240091330111,1.7433696016150293,0.014732348498341707,-0.6288966896175339,-0.28297976311205275,1.7777614951162946,0.5792018203110842,-0.7180023718275379,0.492416163045732,-1.5474026497190607,-2.1399521548589746,-0.15661831595889453,2.259218704635032,0.5570411522353425,-0.47627051421068245,-0.22104734833385464,3.222573383148756,0.47927204629320386,0.7853963819970318,0.5584599274483821,1.7153176213500387,-0.03482268738497396,1.3992805825430423,0.735437542636646,1.3151044845601518
1990,0.0,-0.34504884199316166,-0.42182215336032414,1.7886956311995732,0.46591028152937497,2.680695835652557,0.8734617486649086,-0.2847424850197626,0.690313138774286,-1.3856220352067226,-2.29703277508645,0.3364568818398084,2.285831248971192,0.6381752565874308,-0.43991330624720604,-0.11715545470633515,3.1395100225997794,0.47101093988521825,0.8200015380118657,0.656426310595748,2.0534261046728375,-0.09905302145034511,-0.44741639951200796,-0.685349706921329,1.6306092201522233,0.2695903330487113,-0.44862136396142205,0.5880137643612784,-1.4743770635747069,-2.353008500889416,0.11769231833972071,2.256313955734811,0.6012177378614751,-0.45980919578897783,-0.16989363697064164,3.147165525767889,0.3861091465169011,0.7538367279165072,0.6060243906743494,2.0222077784325165,-0.1436656359664994,1.6224662579294886,0.6800629063578185,1.5795523442751005
1991,0.0,-1.4568685339664853,-0.4259165168130039,1.1748700882017147,0.3013761878478931,2.5410803489015734,0.8417678981202243,-0.36944797769461957,0.27024243365093525,-1.4056144112186644,-2.158997707961362,0.07793726810018597,2.3519484679973743,0.6094939686606153,-0.4260805584162881,-0.25311412985678317,3.2208209184566385,0.36972171101808726,0.5580990884125754,0.4258025750189063,1.7856594248665374,-0.0052182437346459665,-1.4607420215639308,-0.6536526291504288,1.0842292663929243,0.12444308490591993,-0.540224815792385,0.21436330744819543,-1.5046935761623104,-2.205027230055464,-0.049977009896053914,2.3338060345861322,0.5974974848379588,-0.4698891980309554,-0.3030431090681418,3.2263903987662843,0.2954355251052334,0.5349013510208351,0.3769230012844105,1.7812873152631141,-0.05956025395130382,1.932268678443961,0.7512190052739811,1.0651749393773002
1992,0.0,-0.16131266999650506,-0.3537221253232019,1.4553584862601951,-0.3047822806170757,2.63868687781644,0.3194691820688149,-0.5549355655413706,0.19441737238412315,-1.4071626047468726,-2.2706623348166772,-0.13668446943546542,2.323411550660751,0.6470763268024484,-0.521559223208385,-0.22117585470385848,3.1700672892342823,0.3782737338918878,0.6007162345904362,0.40550552742837453,1.9063262436786772,0.005854444725798658,-0.23749670988797789,-0.6184437149345285,1.3633491721246855,-0.42460726168690144,-0.7456697457936343,0.10818142868077985,-1.4810078991163778,-2.330072004212184,-0.25179092053906516,2.312130415451975,0.6415572670183565,-0.5281795519494494,-0.3238251250730855,3.1956273456648887,0.3295810304433644,0.5633301324080549,0.37392359729949476,1.8804894094584483,-0.0493890215797137,1.8169509010376714,0.6048594418654716,0.7472456876218416
1993,0.0,-0.7205918518853878,-0.4715480500815943,1.7869747019012152,-0.2962481344404182,2.5738962469327475,0.5051312432401005,-0.7986019946679903,0.27649096194784306,-1.4094485446673275,-2.088800463621169,0.3748174097308947,2.3540754541761544,0.5628149267041067,-0.6312796192632959,-0.2622205742245569,3.2225315142552518,0.6933559069025819,0.8243578738784549,0.4205457639076826,2.0275961503951407,-0.13275943355000663,-0.7692239813542869,-0.7099361628693259,1.63938067580915,-0.3701197807353651,-0.9632435740442133,0.18110768931376242,-1.492036011232642,-2.15354340855464,0.16918912484754856,2.3370925549865547,0.557199701893694,-0.6684425675921375,-0.29047870117426555,3.2248677752760386,0.6131917883087681,0.7661008096476962,0.3764668452055844,1.9718149383134005,-0.19574050142352917,2.06433878124011,0.9185955812521343,1.089709939864349
1994,0.0,-0.5582066642305108,-0.7716292714271731,1.3179155852880626,0.2513256944394584,2.5518791502889826,0.7170120277532419,-0.8619196304018146,0.5013810134066148,-1.2579857647010044,-2.0206371106265806,0.28646828849809935,2.4070913182654294,0.6960312608251229,-0.6345498257568352,-0.2333964821527843,3.159162435472183,0.5320798976141532,0.6195737801969017,0.5077218629510298,1.829143153973746,0.031017514731786378,-0.5842682560723347,-0.9766932495211336,1.2304396524158392,0.08603247103161493,-1.0136865634356127,0.426807442117763,-1.3551495951209063,-2.085993734593842,0.1081041325029446,2.3725664964007365,0.7041598225137591,-0.6536575373344817,-0.2700984957645005,3.159397941461293,0.4583068895187239,0.5718453388907392,0.4623075010208595,1.8321020951216838,-0.01325680941573637,2.2832572054307434,0.832453997478865,1.1444316823680651
1995,0.0,-0.1317442712306729,-0.1657176093635826,1.413835752952366,-0.08464573233067085,2.637152335927908,0.6915549278290882,-0.5179702812297364,0.20024275543511294,-1.329898879687562,-2.2636866970039478,0.12015707769938899,2.309346938553915,0.5781968435166505,-0.39393400583816174,-0.17833079569521715,3.1578821897019793,0.5582275389461415,0.6839640939567175,0.4426721113722465,1.9923375582463905,0.1290780869371133,-0.19036790573551343,-0.47621365839358987,1.3236317967685522,-0.20432109095440865,-0.6793252815737674,0.16359023899087788,-1.417870503833342,-2.3076009707486946,-0.009837931916706566,2.288961254008143,0.5581629171120994,-0.4346315923604607,-0.22760912803448718,3.1615250890878883,0.49594431098404357,0.6262540934424692,0.4016338376410431,1.9707753974506659,0.04552108668855226,1.5722197413516596,0.8906287024297512,1.3089519341744449
1996,0.0,-0.8048159896203515,-0.06979356093785327,1.9178751758042267,-0.4696879031889125,2.6020057705190993,0.6100011866633395,-0.194038689386673,0.17919095411252783,-1.451801550198411,-2.304144628338065,0.27165260029357796,2.323892036634618,0.5666964056728716,-0.46811314370165746,-0.240945185391638,3.1110507167714445,0.4140619800487002,0.674777924004843,0.3627712262983209,1.9410725893180256,0.0005880583584598753,-0.8414243162971502,-0.35649287997455303,1.777636521424938,-0.5271224143514814,-0.40041846090736044,0.133103267284298,-1.5275787264098994,-2.3597149932450066,0.06815547680253076,2.293546494889142,0.540267289871565,-0.5082308486665852,-0.2847465237255733,3.1226921749708367,0.3466808299297668,0.6298493703287136,0.3253579524833299,1.9353733697545863,-0.05668331876029242,1.5332555483844317,0.8009500023186433,1.7416977681186268
1997,0.0,-0.5916960862335259,-0.45043799620361824,1.3396061228716007,-0.019821668406166282,2.6941968626955486,0.49683473701190906,-0.2821169014117686,0.15079731452527767,-1.273532067401277,-2.0403435203428444,0.03164511185525498,2.3364183396328144,0.5919747481664785,-0.36812960880661194,-0.20182717882710222,3.0576320539635162,0.5247742320896123,0.7250944777084101,0.35145707741395427,2.0165828521756453,0.2125245244656071,-0.6439395562554182,-0.7576161203657534,1.250443433467467,-0.1358024056218028,-0.4777685307806223,0.09990229963250385,-1.3638008207504981,-2.1363044931943023,-0.08751163200633982,2.3118527835425198,0.58872945043953,-0.4083806701707431,-0.256481284502172,3.0695462291291165,0.4699603065098472,0.6819391733433235,0.2991372178417464,1.998010370447787,0.15447022151113288,1.545146253163523,0.8532203773690412,1.0847454552553017
1998,0.0,-0.5403716129363829,0.032899841265304985,1.7432866569587873,0.7902086169701761,2.5628228039288388,0.9241123530438244,-0.20394896606245538,0.2767931831631927,-1.1398817100264296,-1.9106349609728568,0.05638874365729407,2.3219119171118336,0.6292832302164015,-0.3454843993372947,-0.10167917173305341,3.2027032081510924,0.6196754962362547,0.634457935606008,0.5500197131395339,2.093426098889381,0.022767410855237813,-0.6139050581588208,-0.31006048958920474,1.6098686713260122,0.5276518091867501,-0.3848632564875061,0.21079232133382675,-1.2381967386289716,-2.032130441609411,-0.08163818949225288,2.3026765999478584,0.6183712509554766,-0.3803361428526273,-0.16267958551924266,3.221715270334414,0.5430109093528586,0.5770149439371721,0.49703438881283546,2.0829274479885953,-0.03083003119525074,1.7056154263203211,1.161572240925807,1.0579319925891468
1999,0.0,-0.6229411786752621,0.1098036081441478,1.4997311457499336,0.5019028116014397,2.5457887455192463,1.1635547281086929,-0.20032620392771605,0.7391830716924233,-1.3267877029520037,-1.7496085800541437,-0.15368845863417846,2.335240577436423,0.5858295337751542,-0.4768604134319503,-0.1842519966777445,3.134536013828267,0.5727270342975999,0.5525956468692925,0.5536646312083917,1.9381498468867449,-0.09894872403629051,-0.6529038984423323,-0.21985983328784187,1.3892793184740526,0.31925308563160115,-0.38421847630849015,0.6413131571327426,-1.4046103044804568,-1.825520117985036,-0.2799953029143012,2.3258551725555208,0.556220552395871,-0.5157605874313163,-0.23681049356707717,3.1274530013437243,0.5215250673328455,0.5243945636339618,0.5043465438271824,1.9327144550657067,-0.15417339465818714,1.4096513564955444,1.1004992015831476,0.7390778934312721
2000,0.0,-0.41247580082915647,-0.6452903094958629,1.9789936574355806,-0.11762360577904474,2.5358190408475707,0.7148473794424604,-0.3070051831135743,0.3263701248153552,-1.210851599327384,-2.120159547286505,0.5007598080381399,2.3694942294304155,0.6650897024951519,-0.510237658301719,-0.23136320951357447,3.0631404106079003,0.6110652857071273,0.6493855852934871,0.48943130538452806,1.9916457127922058,-0.08916935913265434,-0.45255345441114514,-0.868685116983329,1.7920639269664207,-0.2433788744747858,-0.4796115643393364,0.26184176476402854,-1.3197867615375003,-2.221933279258508,0.2310495757739659,2.342238422185858,0.63166005321699,-0.5429043128514763,-0.27154777548872744,3.0834112938664475,0.540145554130504,0.6062680011347084,0.4348946436152801,1.987169272291851,-0.1283531640827391,1.8343804521028346,1.1680246557818919,1.4433802295774285
2001,0.0,-0.21501161498781585,-0.4325765078651216,1.801679509963492,0.3292671758772485,2.6304809113829037,0.6064271995821855,-0.4498668079513095,0.28406363295994197,-1.119641195122881,-2.052688606941558,0.3644336512234645,2.2244204875315745,0.6408861259151308,-0.2724988828931032,-0.3264807846260851,3.116723197694455,0.5353609206932219,0.7134320718312779,0.42325682972881395,1.9242262721631391,0.16893662649596308,-0.2565184206202389,-0.7050213760746828,1.6734157093343924,0.15623707220919414,-0.619334698539717,0.20845408179405922,-1.2212226160648925,-2.1042020710415272,0.19498552092829868,2.22710019766555,0.629903619138247,-0.3121662459481058,-0.38838797080495624,3.128638460623961,0.45761427305211555,0.6643103435209241,0.375737883171098,1.8853201065627445,0.1082773799748793,2.0001302927099687,1.004011164744611,1.5086291775652398
2002,0.0,-0.35198757147713877,-0.594639258040047,1.4167584321936033,-0.09166849749499306,2.47884415067017,0.6703834672587732,-0.8005228658121837,0.20316626101526936,-1.3089085978314188,-2.1897717596157804,0.08450665419053394,2.276830858443361,0.5845897392018742,-0.4128698006163063,-0.27035309339726155,3.0852052394419047,0.3418341352391394,0.6311852839275502,0.5364799097994251,1.9551121397253155,0.03845427400824519,-0.4132999858993571,-0.8071005025872751,1.3569835416426486,-0.2012168692369869,-0.9477927464140521,0.15075964843504153,-1.3850167612746986,-2.2561474779191713,-0.054227656223474696,2.2544729836306487,0.554941409456319,-0.43986016427817276,-0.3191758733905772,3.100878795662709,0.26570659901886984,0.5756771421467874,0.4935532344766216,1.9075168556205995,0.009971606738645278,2.0589438962904865,0.9431389056817352,1.4757173149064897
2003,0.0,-0.4986146019272155,-0.44018958091078275,2.240376001078971,0.5099832120966994,2.620954008217609,0.9892958473467388,-0.6389095700111511,0.5780646899743829,-1.2807008241596236,-2.2205751179033086,0.6352724196341342,2.25139393231359,0.5385710663892951,-0.5922630212449462,-0.22268169996999632,3.216200787503169,0.5802372146080188,0.8094019450751944,0.5748285497215306,1.8968585673807752,-0.15287140728071336,-0.542343984553213,-0.7028644204340253,2.043246613565657,0.2970575128320547,-0.8176799526242462,0.4654511400668184,-1.3571159755357485,-2.2858335159326657,0.36527877583364443,2.235356637608902,0.5255165262017272,-0.6301935343531682,-0.27353046567662886,3.2215321511662864,0.4711938703642886,0.7359570372166786,0.5291091211544199,1.8057590445455958,-0.19310195559546628,1.8996085000323433,1.152177519571353,1.5797375106276945
2004,0.0,-0.9370117786557444,-0.14621452472226792,1.676569284878326,-0.27072763331608485,2.67553037801423,0.5760435680097657,-0.614541619629847,0.29902758684983155,-1.2051265031318508,-2.091157743964345,0.14630733772003168,2.2325381072357686,0.5775749016700615,-0.5366254953685825,-0.3380397641784043,3.153424369642323,0.7631663859683044,0.6416534330828085,0.39322456726034716,1.8530710840865368,0.13790817389491394,-0.9847028354957956,-0.4516943240401474,1.5637665466991848,-0.3703485960979833,-0.8074540591222785,0.24011118822409117,-1.2953257237509774,-2.154159291433757,-0.0016245406953316888,2.23290698344141,0.5627417817189553,-0.5684646388931469,-0.400307258297687,3.1573665604034318,0.6985809913446701,0.6039037601271957,0.36887789355506584,1.841182792784025,0.06691547185187119,2.2454676575019334,1.236841024192131,1.4525325016817874
2005,0.0,-0.157208688184312,-0.17763165509455803,1.5428241258519506,0.036169163031331664,2.790756326641656,0.6935667723885217,-0.4465056650630004,0.45830517095066625,-1.2379486312574386,-2.0694075514663837,0.33846089020750014,2.267891739307686,0.5666645092058502,-0.39809514040217664,-0.19848009225586338,3.1094756022146157,0.6085217272957948,0.7642968598509015,0.46977035887761076,1.8426399471183572,0.10891348679325574,-0.23116659798523642,-0.46489954033279446,1.458753400854107,-0.0933795279441938,-0.6198601282226832,0.37932189848248754,-1.3178188992385458,-2.1360683967137675,0.161341199825074,2.2415607199139913,0.5560601759935366,-0.4436008559635525,-0.2561270114326817,3.1140586669996537,0.554370673928986,0.701335962271628,0.4099033855201242,1.8050286236151578,0.06483371224163648,2.0503522348390675,1.4091848294797273,1.3136110088914847
2006,0.0,-0.5251866290595899,0.2188341792493702,1.5366614015430287,0.3111928544157081,2.5998344324612503,0.7964513312585382,-0.26572985672100913,0.35523454065912574,-1.3003905673604095,-1.9412400072234277,0.15466717264854424,2.2268295853830864,0.5746633515539088,-0.2891097285079809,-0.16320395914800656,3.1110241584080427,0.6929744924663055,0.6569699069916055,0.5355852482492196,1.9891687091403014,0.16202285083579682,-0.35383064042594015,-0.4341992169220248,1.6019796346696467,-0.08094628176138485,-0.5238196529534207,0.26624968353348777,-1.417031304259524,-2.025182294280114,-0.20106111377731395,2.2495426190413355,0.5428535696657377,-0.39511116296364435,-0.14989185284849782,3.114961258545293,0.5804762782510124,0.6077083687732738,0.43286400944225534,1.8774548029713287,0.04863844936960504,2.4244374982778254,1.4340214958160686,0.9125246450516329
2007,0.0,-0.18048282371870528,0.40406067084802544,1.9094558006260058,-0.1528873467317453,2.5919620410586504,0.6108358551246624,-0.39877084173497224,0.0011936041070157444,-1.0675134345194692,-2.153802340237519,0.5067293911714614,2.256421266772122,0.6447843384212888,-0.4279429203849645,-0.1937210224244268,3.1027465880154637,0.49030056830366675,0.856556797362316,0.3893491455237381,1.9914874175275372,0.1834712368808482,-0.6017603236886657,-0.844500490421467,1.6009656086703785,-0.09224992924981734,-0.8184849031866861,-0.006702822349552662,-1.3218393799710952,-2.0088902085554423,-0.04931934567372309,2.2124215163588588,0.5809064239223858,-0.5766110753700104,-0.25649128191520276,3.125733112738601,0.5790502355074523,0.577336325551471,0.4870419523594478,1.873391244087827,0.2939317397096488,2.1540754767112844,1.243214430619048,1.6025490146456036
2008,0.0,-0.277335179071315,-0.0939206947938942,2.28122223359577,0.3210267557083739,2.626955295264338,0.776165581185353,-0.2954414975125701,0.18004337137347193,-1.1393706330260898,-2.149282383443051,0.598097102486463,2.2778886419909554,0.6719848487434206,-0.5048421829119434,-0.09649281646750296,3.1188466494160707,0.4795974041425666,0.894303286570846,0.6470108940534942,1.913296398353907,-0.020303438512485172,-0.7294301583187917,-0.3545260171117093,2.0504549244428176,0.5567945163007835,-0.7537435948821667,0.5760518248494009,-1.3898840943687105,-2.162852376387036,0.05193754933679884,2.264256199517149,0.6039017057282763,-0.5878255861809407,-0.25583994502170526,3.145719524258425,0.5018460608507667,0.7904150288292158,0.4304453075915262,1.8093812893103518,-0.1744017704384646,2.0741285145112442,1.2900264223967497,1.7227258497749744
2009,0.0,-0.4275653185925421,-0.34783700194253697,2.6808438454995667,0.5574903264226805,2.739177445489304,0.8504557321989523,-0.37398827629198195,0.3703440355483849,-1.3244569754445479,-1.8008663270816783,0.523661537582484,2.2208695336432243,0.6375079130453969,-0.3468824309515526,-0.2202595751808758,3.037531712184318,0.5615280038774131,0.9725067330089701,0.5656112380880813,1.9077280815760673,-0.03449914749302252,-0.28020934336694836,-0.21302450978652132,1.5644841573662802,0.029797721747797823,-0.4197953528192784,0.5040272588019548,-1.2532397753942632,-2.0955331891747733,0.07559972569606543,2.259578879733965,0.5264597996301177,-0.41435877031011614,-0.1911733519065706,3.03363412478069,0.4606767605233699,0.7349379832781437,0.5349074755093284,1.7658277402511544,0.0050737749294285095,1.8341092420877771,1.5244525840890901,1.3570905452197053
2010,0.0,-0.5514828466613153,0.19472891134643078,2.640872523123278,0.13875712051543587,2.66663729628317,0.7519150019970198,-0.45394983882800943,0.39936509888866567,-1.2962747525283476,-1.9751837983335463,0.8635470716881173,2.203219219514665,0.597147866061789,-0.3248098533079542,-0.294355703201461,3.0776808823930537,0.8570162933806387,0.879117008566368,0.4221150138320695,1.809979860470662,0.15415899255634713,-0.17533506541133193,-0.36130191654524424,2.2146221506977213,0.05061976302147286,-0.46521412504563386,0.32019098327373285,-1.2539423188605383,-2.072193060169127,0.5469406183782439,2.220851458249456,0.6156175562867929,-0.30301867616248046,-0.20308354650882166,3.099439961943233,0.39624401116753916,0.7362445202952586,0.3670596438377629,1.8156294027888293,0.19526138586934394,2.3379584007106473,1.3945891085642756,2.125153536697894
2011,0.0,-0.3867467100783415,0.03396191240921098,2.0875343918375506,0.8653985153543999,2.6416068272868074,0.8228988223699503,-0.20681542500028627,0.7460910027716068,-1.138747293568656,-2.281324408482419,0.4223598396218904,2.203589144505372,0.7062774437622465,-0.25853592905110645,-0.2702516506197412,3.0574717462731087,0.6718323104166188,0.7327792162702735,0.4104773169386249,1.8834910150797555,0.06464336241992896,-0.3714667042372639,-0.1838590206182289,1.8068196573398723,0.19735442776453738,-0.596561027831001,0.34512956875420286,-1.3431867134935374,-2.1689683238633393,0.1800803374498514,2.2611563932505874,0.5216795597804094,-0.4376730490381533,-0.27752633803874005,3.092427066280436,0.5493241414609429,0.7334619013100223,0.4356589163553508,1.857723244072588,0.14276595621987553,1.9616115005272263,1.4854056960265325,1.8022979762811815
2012,0.0,-0.24958609502300533,0.44225839518509247,1.9030871541366992,0.569164796990492,2.650152715255217,1.00515672167802,0.10913649792928481,0.5532856897237366,-1.2153734680660477,-2.0747433171155194,0.44971503988188033,2.20529246625091,0.49786632591502666,-0.5114754272614164,-0.14990151507458904,3.077966317951905,0.47940433569283414,0.7464161706351433,0.5925687043456378,1.9426814390920413,-0.13319125311716107,-1.0995605304124183,0.0788783564811979,1.6751167560116187,0.2545443673052432,-0.4791400991536534,0.5807957858399959,-1.1836607908260248,-2.115185904713144,-0.04239933680202057,2.2008780291326957,0.5491640956247466,-0.6261593705792166,-0.11661393502259898,3.1315880592621284,0.7132793905132644,0.6808901886957983,0.521892525240105,1.9789703786183281,-0.2084229742372372,2.0175797207108417,1.7940002429659785,1.7441346112041742
2013,0.0,-0.36373157078060103,0.14044519484428974,1.926524959909841,0.2451153667644803,2.702589214206853,0.7340779709265917,-0.26712770051562984,0.4197381320003615,-1.1002255824707845,-2.1038775152375706,0.2960952864510773,2.247194737314601,0.6468028076923247,-0.3117684390013551,-0.2574133911694503,3.1463937596769256,0.6438686439204275,0.815981614317991,0.5680920003377423,1.9463549378369294,0.047603617398351616,-0.5169361958622858,-0.11919881147906608,1.978494626525503,0.406914037427498,-0.2333900971088383,0.7792394033392043,-1.173196158427288,-2.263465586153643,0.21326603085600482,2.319404539325035,0.5940561376193614,-0.4684126437119289,-0.18830817446229275,3.051370499199379,0.5774000100275316,0.7304868629556154,0.4275381332009829,1.837334667816151,0.0305877820577507,2.310262890354636,1.460568515357238,1.6477442020414514
2014,0.0,0.6086974709629658,0.022778394050646966,2.725465245353462,0.14195559466418217,2.809047978473302,0.7833779672469632,-0.376078775226631,0.38322720157759704,-1.0719329212496973,-2.2310640908409027,0.9445646942967869,2.225362742825496,0.6410111826604634,-0.3027220258612715,-0.2769802817560958,3.0562529347056966,0.7018582292925544,0.9831087593849475,0.632594226305855,1.9171631085165473,0.12979957744846615,-0.17702571516815624,-0.6465899082126043,1.583056283629162,0.628915003445627,-0.3890230266489425,0.7643818269897338,-1.4813271543963538,-2.410728706706891,0.017382151475317187,2.2739332312374927,0.642527629544702,-0.572076700725006,-0.2843449415696,3.121067615900529,0.7209275437149927,0.6992489860318187,0.612620607335657,1.9653625736573872,0.09215707948374074,2.62173965372466,1.7904754522143662,1.3947920799590179
2015,0.0,-0.08528475629867671,-0.784367872064422,2.1695210786156167,0.608963924925547,2.68257734854069,0.9491205235677853,-0.6608328025492369,0.4564918516920784,-1.2787159130782584,-1.8827308202398854,0.43292677526380885,2.230579529168267,0.6827176644383712,-0.22039741982763417,-0.1532459344240351,3.112020240280401,0.7574149634976948,0.8021190203841115,0.5251974645238988,1.7639980400020931,0.09494491198955757,-0.5640078501108974,-0.36024985211923877,1.9713682061442341,0.6916723238835516,-0.25063259412513617,0.8831319094687728,-1.3176231414617519,-2.0156394617795286,0.1554966829860973,2.1546862402012152,0.6564562789662318,-0.44183939591056287,-0.15822236041282167,3.083134096557842,0.583825394749681,0.7586701185317111,0.6696058398695186,1.7999043243538608,0.17428172523796093,2.131170008360243,0.903277577336894,1.9199873265469591
2016,0.0,-0.09749620864823783,-0.0254842817238341,2.037532026314409,0.6892215966580011,2.6842685889023983,1.0822848745162332,-0.5554256691164028,0.5018573308930172,-1.026585870620579,-2.2102101143174195,0.3266943536842746,2.206061270498651,0.597066740648927,-0.32157032643470984,-0.2935349570915946,3.0340932933880254,0.7823536606946959,0.7796662073401421,0.6027607348626134,1.8970531180236208,0.10714739314840926,-0.6308797035168254,-0.562390001547783,2.13301994691534,0.6350175870447856,-0.4348807850758476,0.894272699700025,-1.2593761165858268,-2.334249599434713,0.2485426084720075,2.226727649396082,0.5858191784503788,-0.6111221112828389,-0.36460755774595555,3.09594129502608,0.40857779070273637,0.6956339429873424,0.6196266683475073,2.072080743289689,-0.14398973772591717,2.2105772319263224,0.6577218461053462,1.8655425941086037
2017,0.0,-0.44345577371080935,-0.19360148558854462,2.0295175313061122,-0.22628072660268117,2.6869257392295935,0.7130138805594015,-0.563887447018999,0.12967147540666701,-1.1193125632467513,-2.102398188001189,0.2493120313869781,2.206189297012088,0.6679836168142401,-0.39227777846366507,-0.2610490207266025,3.0844741578605976,0.6933411025091232,0.7464528935054773,0.49737863894438306,1.9806447521495443,0.11152267667665683,-0.35018537286418905,-0.04032784392694566,1.9361212398582097,0.3449919117845184,-0.5047747260025517,0.6851943617144798,-1.162695153835557,-2.2631091066854196,0.2885902310907795,2.1905084335577385,0.565229953010487,-0.4256502652689278,-0.20039662886961196,3.0513515306665226,0.5645573795119958,0.6885847152650513,0.5614286502471941,1.739314801129069,0.03004003216477713,2.7535133621585146,1.0170949951877333,1.5399453190017311
2018,0.0,-0.22349277182155447,-0.16329742244425915,2.0729633837419783,0.04855120776352351,2.587842129721878,0.9333954123159742,-0.25054573634855615,0.4829545672187123,-1.1608210130996213,-2.035502382156949,0.4216642766833729,2.1884204325089627,0.5812193942550721,-0.35566843895901457,-0.1721570373278496,3.085959772097624,0.6780489062383595,0.7588213546877114,0.5608291408069022,1.8242824218775695,0.3020915607831398,-0.34888606686058665,-0.46393860197753156,2.071050629491424,0.4541785129561049,-0.7110902196001234,0.6485261145994627,-1.0793357157879768,-2.2110286859320354,0.29467134577731713,2.187647712726232,0.6319868941802724,-0.4336876942342087,-0.23039543899244563,3.0521096654408097,0.5069351082501612,0.6548562947698429,0.5144670155267477,1.9439159475863335,0.0491027534657178,2.4028467254528323,1.274114452143067,1.5556192338887058
2019,0.0,-0.3616299447000415,-0.17162285431925284,2.354300708378787,0.6205644892542637,2.6147642990579243,0.9945578135087771,-0.46224096979881324,0.519006286889919,-1.20952635480063,-1.9279036069552262,0.8540630646394902,2.2357466246672857,0.7174365492588777,-0.5017899392154845,-0.16049124748991517,3.0617576852132515,0.6540739540270124,0.8578548785430371,0.5687206904026425,1.8288877533822188,0.02537448424362765,-0.4633216308335477,-0.12361950629258445,1.7664078068511913,-0.27691105812675687,-0.2137453618798304,0.07357262514057084,-1.1963655095314039,-2.4145037460078242,0.20753052642129433,2.20504182887305,0.6044659106683525,-0.383150921867923,-0.2455846063276681,3.0228139658510713,0.6778084256990269,0.6841638059501634,0.3641936102679324,1.9602340320047347,0.08002387967962932,2.5905358330999775,1.7553597328424075,1.6569079965349829
2020,,-0.46388131702872215,0.11457218378234302,2.1051107553299744,0.04224173141415122,2.7339654394501736,0.8251437788222802,-0.08033770001679841,0.23930876714598526,-1.0943884689640981,-2.1644591709475094,0.561095811014809,2.190707627362656,0.5621196432426245,-0.43051045540454425,-0.03166420730002528,3.065360199628117,0.4335760007029421,0.8363131908782293,0.4343905990224357,1.9210237406777537,-0.025646532089922403,-0.6827983246658391,-0.6458841941343394,2.090019219790861,0.2672000241134924,-0.4092927942480742,0.30152049452476604,-1.1679349590588117,-1.8302571486528905,0.4302691363613462,2.2097759840779645,0.6312158615988892,-0.574087480635626,-0.16546790888838814,3.0753064037891136,0.650764042807964,0.6960996367490111,0.5350407518273528,1.9758100009610757,0.24170107372475513,2.2345693310738852,1.4744568979119208,1.7671162817206323
2021,,-0.29136995861040305,0.03419934930616364,1.9690407687801326,0.6841961142806667,2.6708136084420744,1.086309248202383,-0.28614975945805554,0.5391502645038599,-1.253491288945554,-2.150852357403039,0.1016793442502717,2.1813923905672823,0.5927116423081884,-0.4183354244514135,-0.21633667010002,3.0314763405234544,0.7386499873286994,0.8093853840253473,0.659210288524605,1.9583068758574314,0.06634700010795314,0.1954008545779402,-0.001636734785279259,1.7121844735739842,0.3954061659608783,-0.3724799694423382,0.8130222073835967,-1.2459088070717712,-2.260619330359816,0.15451285837445994,2.216690339999957,0.6049711193300595,-0.3484983072227692,-0.26904396547712395,3.1015990795065704,0.6228092110160333,0.6633116760712596,0.5271430196990536,1.8434464835554536,0.09963624871016918,2.1169536220348846,1.4218150978780386,1.926542926618481
2022,,-0.6706225321290731,-0.14335972043795664,1.966439352333225,0.13562296094562498,2.6907943355346333,0.8124051844044402,0.02368655875125114,0.5081980951702008,-1.1341771504009444,-1.75364093640286,0.20926237823556448,2.1565951447024077,0.6133062722885825,-0.4549536664232505,-0.20202590133072817,3.1194358129350235,0.5587512828185481,0.7825036289877971,0.6325599816220233,1.9155947498339287,0.24196791633181647,-0.20019144586228776,-0.4611812287743078,2.247216929077865,0.7360244624464372,-0.3009523917810384,1.0075375836816534,-1.4123115804005693,-2.361419579803794,0.3183787367530613,2.1867865189646523,0.6394715766952572,-0.36502864698923077,-0.2589005901668884,3.0898135585502473,0.5624407555853281,0.6669181094763985,0.5441360059747353,1.8134714916753865,0.28400117923212065,2.221114967322876,1.7599687975153984,1.9326464123159894
2023,,-0.721393480141046,0.6115023045209682,2.277170936176617,0.06867844227434716,2.7565880608190696,0.8517048411679298,0.2552439834220195,0.24623787910093142,-1.1495345865920967,-2.131315096735193,0.5161796683527768,2.214220274750346,0.6598830084182623,-0.4400076341648287,-0.16252111288912374,3.092036613091409,0.6730849445256126,0.904676924240448,0.5691277743383125,1.9723419327173133,-0.0037592348527937247,-0.7071233283052152,-0.35675345752230214,2.6628419410286597,-0.1926213452075558,-0.5058517971396554,0.3590042808988301,-1.3132124648256536,-2.060894120556668,0.7329921746446644,2.1559116029161487,0.6158499388864698,-0.3680213595662849,-0.2863925933574478,3.0726949512241504,0.721491173651998,0.8732574663417267,0.5151962393176746,1.8686215264818884,-0.08267548919900491,2.282855854894194,1.3308862132965373,1.9821551295786435
2024,,0.1046229795837803,0.028640222756564526,2.3685472144677533,0.45067297350840363,2.5359396911529757,0.7535790374791986,-0.038326908760154765,0.41527903074398864,-1.0566566222823894,-1.8467503745298472,0.6976901467376138,2.2135901982462087,0.6499599508395022,-0.33544256755254764,-0.2453338991003875,3.104185250822127,0.5777273062566337,0.8393528698196633,0.33594807927340753,1.7766109723852992,0.126612562116577,-0.8116164622074962,-0.19491613516470352,1.8345671837089412,0.018752121710861047,-0.34257195754537406,0.4760147437871751,-1.246013336616727,-2.082013818225505,0.2241465906790836,2.178205053864417,0.5652152175150036,-0.2687773374929634,-0.287707076390177,3.013583733932137,0.5907161999044774,0.7567549915253835,0.5850048988828576,1.9246733935954126,0.03292219941192798,2.7098079004168767,1.207185540137175,1.7326556023045327
2025,,0.10322021617275823,0.6323131560001798,1.8451942564680053,0.5519451097568435,2.675739668283313,0.9192323863201182,-0.12467491828988386,0.7281014432848565,-1.0367397256247841,-2.0807966113474095,0.450894153993886,2.1501536031788078,0.7945901712527075,-0.3919420214918432,-0.11551867492471501,3.0338307988901647,0.7401788379916638,0.7599975748051975,0.4776033308036176,1.7847362805287617,0.2592426505393064,-0.29178980948506705,-0.2980844916010028,1.992711701845849,0.2547245548472006,-0.08844132726778753,0.4975236550508271,-1.1863578685160405,-2.149455147131164,0.28718244316024766,2.1959343410564998,0.47818567708640103,-0.5151017289547895,-0.24796577696764643,3.0653418471328564,0.7226264805966593,0.7137956695526668,0.4826323686086198,1.9941808572879154,-0.017257781708110542,2.394858137471431,1.3233879082711724,1.4627438763517944
2026,,-0.1609302967465851,-0.2649050186866475,2.2442495661456405,0.558227329679994,2.6749677761355315,0.9087437063373045,-0.5201875163103296,0.8421183420030616,-1.1140697058655178,-1.7532021622889147,0.7051887833818,2.177386227541149,0.6268675414137874,-0.24568605721066206,-0.15438777612143895,3.0984886968740852,0.7871592070190445,0.7491816916310654,0.5127955590795068,1.9075815280318125,0.3210732340938307,0.014299050482918574,-0.2913250349315035,2.3716906031115172,0.6901187439705723,-0.09311830977037516,0.5618965972286105,-1.19696609175611,-2.1166683971731572,0.38291071630283113,2.1386851480220344,0.6878842963892566,-0.3826744304564045,-0.21571630986403534,3.08232982403905,0.5607684925804506,0.7538513069704891,0.6026520543592255,1.79077362060724,0.20897681099961574,1.9431970544239334,1.205724681638742,1.8831321427006174
2027,,-0.7198659768472453,0.045722399378007594,2.324583730662937,0.3425535386708134,2.6730224018534727,0.8371590269097169,-0.42111736352967455,0.7867736406734025,-1.0618938806049414,-2.184905784756154,0.5911204461525017,2.148951862539718,0.5872374077192717,-0.30035195377132595,-0.23853913479774747,3.0537802863121897,0.7711023825014536,0.9073429021084962,0.5346387382321041,1.8739201956836382,-0.036556340543711485,0.17623352440898543,-0.31184046396975873,1.7816860808708839,0.009610474289161175,-0.34117867990721606,0.4421315091932456,-1.2122006887541943,-2.013000510542497,0.012842469494614761,2.118560974353727,0.6656019651787801,-0.3070703911642454,-0.2456534433972024,3.092077459348559,0.5842953434084848,0.6903091894552063,0.41536679932880816,1.7372506085048371,0.018005954866055163,2.210677146075909,1.421444543796099,1.6531515621799144
2028,,-0.5112165114123854,0.4009621702756476,1.9516780852237048,0.3531827408456252,2.637426781507827,0.962862522099158,-0.24714129579876953,0.5955704207834174,-1.1746245452653739,-2.2124114180410857,0.41719679167238155,2.1440133813393913,0.5995334740346152,-0.34801845430285994,-0.227731044997995,3.105475126055069,0.7357834146466757,0.845078449955281,0.6220219164743526,1.9319984447703291,0.10679093281333962,-0.3274834523709842,-0.49105130587190615,2.143410400734126,-0.01613346347693323,-0.21631730062085808,0.35339917974607715,-1.122393382202631,-2.3226562124218617,0.15676456117682847,2.197809170391281,0.6310896975307401,-0.36227805382401357,-0.21299781354338165,3.0441687090821006,0.7501181641282528,0.7908394283958273,0.474212242031399,1.8577666280903031,-0.06313227572371716,1.9820602076641194,1.499107644043022,1.4334877002127655
2029,,0.322876430760175,0.6785939111828156,2.0007144455568096,0.7061191553320896,2.7445280217751815,1.0939368825337965,-0.08077530410804457,0.5834815482684803,-1.0837741413926665,-2.2943746496135304,0.3556054497901755,2.162334878557715,0.7091122211708125,-0.24226259310188425,-0.03860824389329309,3.005680414330982,0.6930789557483763,0.7928988620311657,0.5253782616048852,1.8592512897754432,0.030660675463934695,-0.05472257402976766,0.17628568202911765,1.5551049194143047,0.07877819942007136,-0.27016779107879074,0.2682936958761388,-1.0902166594920573,-2.0296737793652824,0.18957702583549008,2.2128741992328287,0.7035899317864391,-0.4593917453516383,-0.26832967074437875,3.0563530650510984,0.7671582972970441,0.7160261023901171,0.5045969981236453,1.8464864462395099,0.16936190673396823,2.11605442055469,2.2206770761197276,1.5173106489484098
2030,,-0.34326621756520126,0.17722240404077638,1.7736374693300831,0.031385388025853445,2.772764017894758,0.6379037395317937,-0.3669431746757823,0.20961997605644456,-1.1168256685205051,-1.9288411129667224,0.22439411241896323,2.1682010091926713,0.606499306308308,-0.300282136132239,-0.18458429163490564,3.067741005962091,0.7165104177569788,0.7362300089869791,0.5008543505295506,1.8953776869889225,0.16124656806147186,-0.04257372582537755,-0.27233028397859016,1.614842882980895,0.00046907062483114714,-0.4302215553694282,0.3735905098502599,-1.1605080470610574,-2.1627560500280083,0.14749636170904523,2.169002531687056,0.7007810892272914,-0.39759116045905785,-0.2647286354434186,3.1006592814588885,0.5184785489068418,0.7589518878260719,0.6288739724963648,1.778235695762362,0.028625931084320655,2.20748172544279,1.363604553261439,1.2996644574386664
2031,,-0.09444360723529144,-0.3880925020893642,1.9217991950126816,0.7688713197641164,2.72197658607746,1.0387533107554532,-0.21345071153388062,0.7148892470527812,-1.111319041963327,-2.1178600571133757,0.2945276469577607,2.171610838210711,0.7588590838010987,-0.21375194117342744,-0.2681359996238939,2.991247660978104,0.6777573929579148,0.788657656166265,0.691631375054726,1.8011413368554372,0.12270157320102726,0.2641545219583463,-0.133365001443849,2.3016084857648593,0.12876430701169284,-0.37259713541919837,0.29797775456410136,-1.1618577455111563,-2.1180048089590855,0.360951295621021,2.1761911140947063,0.6903772545718994,-0.6214143702733281,-0.21199548523890144,3.1093952900858426,0.5195879576232301,0.767549181326558,0.4783577306092184,1.810227583850292,0.15240111181310567,2.18176086364042,0.9379933366934097,2.0051296336033033
2032,,0.4643935579907179,-0.4359935190149713,2.416786669234284,1.1084695745779527,2.6908025826722906,1.072966890240707,-0.6397780096136216,0.8168599636088629,-1.0878039257058276,-1.8574279756485907,0.47027865647862654,2.215546722243971,0.7796572087921163,-0.4030071240082407,-0.34612733044343713,2.986322787270751,0.7128529929356091,0.8269798948180664,0.5455962498426175,1.8251494468238434,0.29518408499995985,0.026645426341588063,-0.5122133528862491,2.2804464442590984,0.07400623635828651,-0.37219994452232186,0.4918340637835854,-1.211911147756382,-2.2262677569078164,0.6171332771902485,2.14869233526548,0.6824530212355739,-0.3481328172308622,-0.28798295369909965,3.016405351866524,0.6116416854341082,0.8141062387840634,0.40733325781297935,1.8674537319201931,0.3193518133947464,2.8447384080147344,1.7554327667726852,1.8457529116590763
2033,,-0.29279287428147427,-0.4720975832930776,2.013522451199492,1.0090102373799255,2.7126542769377124,1.1692825042253503,-0.483056970503128,0.9373696643760354,-1.0328550065134436,-2.080972262627313,0.3757841015778922,2.178851194537515,0.6761441728258433,-0.27637013108625297,-0.17622784126666602,3.063946134764535,0.6801057057351727,0.7652497495166131,0.5442729033067621,1.919911696069505,0.08445594869681372,-0.6746167132737924,-0.013478910616015582,1.94498162652161,0.9010692991811879,-0.30438709359373206,0.965699469165429,-1.1703675251536652,-2.22501582251806,0.3121202466239197,2.1257744822132167,0.6021837046720293,-0.49057108568877084,-0.2251082790169221,2.9920833799893103,0.5144535896625371,0.6928275951676142,0.7015764160914273,1.718622195576529,-0.28160349518805106,2.542928232143481,2.1548855088136065,1.8025075564713688
2034,,0.17901560199646838,0.29845078767942823,1.444235611756028,0.7800591588000998,2.660796626916863,1.0779732830684452,-0.24623287400993377,0.7361709859524694,-1.1657304021803157,-1.917731697978752,0.23787160855152933,2.1688093202864707,0.7578469122315141,-0.4475717586165615,-0.24608362600491773,2.9652334579269564,0.6263043122137333,0.8214583279324188,0.5496155741711846,1.7930687652523147,0.2516043003147388,-0.5645445613272955,-0.05943410236301361,2.1690525321237146,0.6863989646314508,-0.4476625058292143,0.8109091203348271,-1.161971236873967,-2.001308346969495,0.4103884320197153,2.1735344211774077,0.6483707449325493,-0.2330451282199988,-0.2502859739607288,3.0058022773226867,0.6626361029722148,0.6836560565479317,0.5650780714045709,1.8811716803358536,0.1821891617566962,2.168399506398714,1.752271536968351,1.8706399529008308
2035,,-0.18601086789925603,0.15232138376075,1.8107084032715193,0.2839562561331377,2.6694048186320742,0.8915757802224107,-0.03507903802670853,0.4354486594342575,-1.1739414673413648,-2.195308825977918,0.29295209755122187,2.247433301176386,0.6296344033859782,-0.24831442459475284,-0.32482137498737984,3.0439589297353677,0.6632315322761997,0.7959023114854631,0.6551126508973084,1.8485209848549289,-0.03190791169146223,-0.05241559971801735,-0.31774312561918805,1.5586465315483338,0.2710204236493041,-0.37215550054418145,0.40114040795140227,-1.2329905853427476,-2.2771060230846842,0.15432062628065069,2.11351174247028,0.6689769243116075,-0.4342845139981364,-0.18326099294500864,3.0441464212661344,0.6589320238667256,0.6472311704943081,0.6596050274180243,1.7431606401886484,0.021194579311270445,2.5259265201902963,1.3855630410275808,1.667633115370279
2036,,-0.34677146919364077,0.217620214836586,1.8892713177990572,0.7223772297749633,2.642833707305442,0.9118639584205539,-0.42572737897262414,0.6461663053166262,-1.0942289622050225,-1.961484028634004,0.23298176804036075,2.090952749374253,0.7152010664530621,-0.3563834302797204,-0.21784618102208242,2.951177422702017,0.6917801655424114,0.8144677595677194,0.5322010463829656,1.7817097553876238,-0.02500212108549249,-0.3386004732044512,-0.24417634276710487,2.0076715893929418,0.08964472569738291,-0.06345478089565404,0.30734769693839326,-1.2707647660178054,-2.376699982579737,0.2516177032785549,2.0958961908442006,0.6830944382778625,-0.43250205936294606,-0.1973719207582576,3.059100501901071,0.5985946872821728,0.7370392736872873,0.596452357401688,1.9169790144956096,0.16961606065564183,2.912656683003604,1.4381698128696598,2.0086471734697398
2037,,0.20463804255285822,0.22023189210318606,2.2064231662079123,0.9191507978028426,2.7489366854516106,1.1468214626303848,-0.2823170212695345,0.8699970513142716,-1.1103834711858553,-1.907224643735674,0.333478948913978,2.1847712075135632,0.6100486107314964,-0.3005260478992682,-0.19519751892443082,2.9890802003336603,0.6589391672281977,0.8707288508341549,0.6145306063314706,1.768858149275161,0.14923687141828168,-0.05181721394524175,0.2116284460182669,1.981045354882724,0.47020336644715144,-0.26884246350635976,0.4427381042848424,-1.178330762931921,-2.313235304400962,0.1514051090648536,2.1148612571710714,0.6104369774827774,-0.17125168581122807,-0.28107890162470994,3.025441090423044,0.7036456827864868,0.7749134896078544,0.6771451601001104,1.6855584403519401,0.11622881647099348,2.6413889784028015,1.6584030192288424,1.8111183029322433
2038,,0.027069037418129938,0.3919653094737896,1.9919635911631985,0.4374246863422968,2.7419505858020443,1.066686254734293,0.0687030502706989,0.6385285881693221,-1.1864745084471338,-2.085981351366968,0.24600818089288623,2.0999539246848826,0.6001893654142805,-0.29736121383865566,-0.1188302601846658,2.9793502388154707,0.781218507146832,0.8518200761713501,0.6008689910561316,1.897255287584187,0.20438456657893767,-0.23349760538809505,-0.29780237666653875,2.2046947534270203,0.7268678640604662,-0.48163276433041347,1.0039876541796389,-1.2825336044635947,-2.2746833708791883,0.5161626245405841,2.130530439065467,0.6928421559654794,-0.3496533561669253,-0.2921687095061998,3.0279011759552077,0.679455361632165,0.7250951863562705,0.6319167764123677,1.9046277069647886,0.09143994923402943,2.3979060824016756,1.6923334976545448,1.8674959243392664
2039,,-0.1618243029542441,-0.11871406284967634,1.9782396273163272,0.6747314426674507,2.7365572739153095,1.1145835274871843,-0.09420898596596317,0.6888755159047264,-0.9309221993585197,-2.344757984617331,0.259026541496155,2.113136108945241,0.7113911229591849,-0.14762633601259267,-0.15174451225982466,3.0142204207542704,0.8102164950214501,0.779465249049963,0.6926896195512313,1.8827665959959745,0.0031847979081476296,-0.3530164947262051,0.5084559422622874,2.6345331030713055,0.725102839193255,-0.22378945942335804,0.794820148902204,-1.0445374341348952,-1.9993596349896166,0.4665613035126057,2.133358801019938,0.5949722584986148,-0.27074750921792656,-0.18561846661418713,2.985840485178528,0.7249021940606895,0.8443615166142422,0.6363741971773038,1.7664853556976823,0.3469617243156904,2.4130850404215494,2.0130511550578944,2.2266153099477037
2040,,-0.1850885960951132,0.07309959197158378,2.1396088342959843,0.50859517410629,2.7038738692153856,1.1381198724163255,0.02244180585267941,0.7245018122800957,-0.9606906630601202,-1.7139759831499646,0.19587922363905363,2.150914909652954,0.724162249237736,-0.3129745777648054,-0.20092656743236148,3.0339364671223166,0.6596325965007281,0.8267871158480489,0.5929661747983914,1.8026713287264329,0.11346621463729889,-0.6401752637906384,-0.3203383718508803,2.068357036990335,0.5203532107201454,-0.23613662892154252,0.6012072678685172,-1.1253962344307524,-2.18490736724965,0.2253858755168494,2.150162572006991,0.6309666139214869,-0.34333504061424946,-0.21531742962065437,3.0369150874842603,0.5691612579595926,0.6937370814945893,0.6098181935730054,1.8034792335550378,0.16968051242093907,2.5036289969239647,1.5989226229893916,1.7973080481078227
2041,,0.1626295255160244,0.33450617558168005,1.9379093368924032,0.19494357083908653,2.7279375671338926,0.5499232383068602,-0.2842555628537866,0.30816087132075154,-0.9860694591866945,-1.9388535648578227,0.2202260125955604,2.098727605812485,0.7075914328611361,-0.3557908321481591,-0.1509489340470509,2.9902763135570467,0.6379657561888052,0.9024392392906293,0.5407880053808185,1.7853152978315734,0.12427307500331608,0.22251320239939787,-0.2359570045663304,2.143155783559507,1.0259994176510645,-0.26144789533935864,0.6379430176945107,-1.1292909539149036,-1.8620163113906756,0.23709285740960695,2.1379700284641103,0.5778515928852244,-0.34742061335384733,-0.3926616196959003,3.0182799067197834,0.6419776513773741,0.7864319849464323,0.6446530067403842,1.884983895895516,0.3305176249386932,2.589787653247072,1.680173495850795,1.695559566263114
2042,,-0.03725138848545839,-0.1907646815822659,2.3505557735500133,0.17565963237336746,2.7465766205505133,0.8105724747666159,-0.06082287925534047,0.6056380768477538,-0.8524647354589661,-1.9999143268655075,0.6365842161033015,2.10503741450475,0.6580911805768324,-0.24262916880667262,-0.13602681688144003,2.9821712859022114,0.7666577714271057,0.7975209649516728,0.513724280573058,1.7994141693198458,0.3366736124809222,-0.582535033910176,0.18093010073920368,2.296064398736462,0.7846288348187613,-0.38376067304665185,0.7332746380893695,-1.1265863245344576,-1.8713145640263065,0.5030207913986828,2.0909565983541256,0.5783454848191809,-0.34066853768189276,-0.2715506849150984,3.0333263978616287,0.7349675327661203,0.8066183323586529,0.5486957450248156,1.724575436505745,0.22454061150239113,2.3389334812866878,1.8727560138312356,2.2422223994151977
2043,,-0.3586921339425544,0.43683479481677523,2.1200850988493585,0.7922133143969745,2.7789709773380196,1.2093878544160361,-0.06806383410560102,0.8949125687212245,-1.1625450074853916,-1.927235523878096,0.5022080151171622,2.1662479229603946,0.6637520967166779,-0.1851544768005624,-0.1913775966588105,3.0211479139588846,0.8216958711559528,0.7964635898579218,0.6638070502924052,1.924902579154093,0.22620033816428986,-0.11868865283702235,0.5049643095104557,2.1532873352314255,1.1884571503263146,-0.1291965845277332,0.9612870934647617,-1.074890893861948,-2.1193235542095294,0.37055436909673745,2.1167482407282705,0.6850321806998068,-0.24258891539398064,-0.19337743715618672,3.0129292137239077,0.8089112235468292,0.6568694921076599,0.6781448393670644,1.7838603677676588,0.18953597621253948,2.3757234975607844,2.1426221204985154,1.8070217606010601
2044,,-0.45230317901473427,0.5173121494493671,2.6481662682064098,1.0774831300370806,2.648964650366622,1.1758477561567133,0.05844941126036929,0.7569463179978015,-1.3169868148549995,-2.102915265563581,0.4140307147482645,2.069164214919738,0.6556374938295448,-0.15535666363689415,-0.20191095243922064,2.9899255413175183,0.834547729603969,0.9103209238975296,0.590695302584777,1.8996391874893561,-0.06053478858979133,-0.15919378877060808,-0.33395989446506746,2.2718007704351635,0.1943106363707443,-0.31750224458056664,0.5100496917139026,-0.9795965058496563,-1.8650687820943972,0.34135549281103295,2.1227627782443506,0.6200101315434949,-0.24324304110876938,-0.14392438068597357,2.9890784100932137,0.6578962381606743,0.7349095748791683,0.5504292716580608,1.8673208294407004,0.2248719421218084,2.821203499242017,1.9581310271796042,2.1756173615335683
2045,,-0.5263536960416673,-0.09731947060936363,1.8180251912037875,0.3704700134132395,2.6539178313291245,0.9946190833166497,-0.12993008329482336,0.3365226113141375,-1.1566089079825588,-1.91337786901056,0.286727115981364,2.1361815282600674,0.6698210589951259,-0.35873448454867685,-0.16778325656434845,3.008055702120714,0.7254038170002559,0.7424843336806362,0.5839397443114649,1.762283369312513,0.06819392756165144,0.13618349077682979,0.06446710883972173,2.197350710915714,0.08847033851930064,-0.26185653345271476,0.3421660765962997,-1.0526605110741798,-1.946811937438497,0.24402840896993894,2.1809056529522763,0.7724611160031714,-0.17057268938236803,-0.16052550318704562,3.006301789545887,0.6584020756402538,0.6749716058989748,0.45198614299829387,1.8699939173663438,0.27791513215174746,2.8398720412337752,1.7449067904598223,1.9017861275540895
2046,,0.2785776636351329,0.19580964092506292,2.544220800294113,0.48970414274504037,2.705722713956618,1.045854506708622,0.029514369543107932,0.5124394522359808,-1.0879712050015655,-1.919012629868007,0.8627056025463276,2.1405429163274903,0.661187231856502,-0.3462410062866752,-0.09192902909916256,2.994267982316785,0.7464976363614824,0.9022853183904544,0.5797798002699324,1.8559890500426945,0.2704365037465095,-0.2905038791427046,-0.1290025036439033,2.165954028876513,0.2058767665824348,-0.17030881048776791,0.5909077224484349,-1.2107160687247642,-2.0160030817644383,0.3486373977622179,2.1164285759372774,0.6764727971199136,-0.2773647651608826,-0.2040284063823492,2.989923262152331,0.6859726591537196,0.8158415706661231,0.6366804199418539,1.8087546126753296,0.1278096535381792,2.479074807156678,1.4099217303995601,2.070291207194316
2047,,-0.13573586623937217,-0.10052931029855472,2.709012833730071,0.7265043331079823,2.7831760170287225,0.9951659411255491,-0.1230223192431481,0.6848341269673597,-1.215975330477022,-2.03303546319205,1.0115319158030047,2.1695630725532737,0.7013978037991251,-0.34672456354900305,-0.09280227758290494,2.975910381015183,0.7559778719365795,0.865272918988012,0.4441203425582785,1.771787008186834,0.27586323918194466,-0.21830716801815697,0.4011962063844976,2.040893550299188,0.6394597398050905,0.004331325151554211,0.7541163018656789,-1.0163473935676848,-1.9587471231469635,0.19804074543640127,2.1325800593849067,0.664614124961588,-0.17319869867560556,-0.31428294955605907,3.026435865880785,0.7199215667825456,0.7978865988401935,0.5936081312580086,1.7953819897293783,0.276801508262281,2.6321862998000825,1.8398654687052272,1.793574869606573
2048,,-0.5042286365110158,0.7815755026618376,2.671379671136947,0.35449744726668087,2.7416326028080675,0.9268394339060251,0.10696828019854365,0.6584240194824815,-1.2867321458589913,-2.272847277126459,0.6035035696999671,2.0878333629956387,0.6339665026633838,-0.2948628447139754,-0.14315537278457668,2.922500487889806,0.8936228005209728,0.7858880007208882,0.5567676355372555,1.735539193191073,0.11381098383850485,0.300732614354672,0.23124495621630103,2.2682577902120897,0.5060029561587953,-0.10057312245186267,0.5308922879407305,-0.8472826770990878,-2.127225079962784,0.41658303595909274,2.0809378632641824,0.6834544930950415,-0.35872791956614947,-0.21734703286307422,2.9525141828927985,0.8235929483897166,0.7892032981650345,0.5638025322151066,1.8500740393805586,0.4533088651474486,2.7676580660209993,2.0341839084973117,1.916651110458588
2049,,0.19802189218120247,0.335815040380794,2.553533280733916,0.8142710219344735,2.660760972477476,1.1965353649501935,-0.0922919576458412,0.9808471625675566,-0.9685243474349363,-1.8582940676486146,0.5105657413320159,2.0672948557633504,0.6361555663702347,-0.2876876133531141,-0.22449198927137104,3.016739364068826,0.8486115076136684,0.8804811096311482,0.5331350282524454,1.7967888809459964,0.15919692753914205,0.11280188301213911,0.019558282973207497,2.518001119424696,0.10162754125627771,-0.22393902888842376,0.4939550016387102,-1.0087973231222236,-1.8591276760759001,0.6097147205094302,2.0816387703173405,0.7265516734429411,-0.43015435181780504,-0.27552571868744735,2.9605049682628533,0.6820008018698331,0.8497379811913106,0.49754316090519524,1.8939325162032787,0.12923362553999596,2.6338008891161167,1.6781151667480003,1.930885352336702
2050,,0.12225074843411221,0.27066647438340397,2.6417516332705873,1.207567258674942,2.7089240794466605,1.1769210422698393,-0.015406896447984764,1.0451945906914943,-0.9400007052483943,-2.025452838870649,0.4602711628016891,2.125740188365114,0.6580066244995919,-0.37784302312252294,-0.21083023094672626,2.9403950165951755,0.7291960131274777,0.7749847485890768,0.6317375725612351,1.8040984788073615,0.1695962474738053,-0.41519462044050215,-0.27529355591735793,2.3201662235383083,0.9802162465938977,-0.21903927763219144,0.6141306430818645,-1.1253432218787225,-1.8543660617000342,0.46515917047889843,2.109900004459746,0.61277368713246,-0.40293238106812623,-0.2466102244224544,2.9877309750444283,0.6862015104044303,0.7335437652949395,0.5685109161522064,1.8842555456390642,0.14389227397361992,2.8739057161437245,1.3313742297190743,2.1201792348609843
2051,,-0.10049244028652993,0.3780506147750202,2.6655893619139874,1.1995514469332988,2.780592284816578,1.2980114903968456,0.29965539102755656,0.9122024536039817,-0.9062877130791662,-1.6780109650503618,0.7587803989189865,2.082231698972919,0.7133072253959085,-0.17499617726770111,-0.15802662455121208,3.0063996827506685,0.674786430915276,0.8488875991413352,0.6998918889669312,1.8295221464886708,0.1683259895919491,-0.7058490587087931,0.6390365078833611,2.527376006789382,0.5182532380133011,-0.22538655441690025,0.5826112552202289,-1.0044790465772166,-2.1988981266832184,0.4129777472596743,2.118321473333367,0.5627927088073648,-0.28314443044189375,-0.08097247873234892,2.9924984053087655,0.6869433292264944,0.8341521952977473,0.5305501257370224,1.8341905897895003,0.32408033545857506,2.664594182564258,1.252527414244014,2.010449182515856
2052,,-0.06783363503672035,0.6208163388166099,2.5159133194771925,1.6459983039935082,2.7188480376287316,1.1698716220424785,-0.0021202800862738513,0.7849505207302627,-0.824867708607087,-2.13817858889189,0.7342148607932018,2.127625257453019,0.679091700515869,-0.2276665907446045,-0.20265156822551944,2.9176611629857803,0.7866240674230767,0.8984812554190285,0.6734110104744673,1.783583537271852,0.22859311570135787,0.11927765294143455,0.4675710177275505,2.4474778399940647,0.7694916759256216,0.02305867450303367,0.7501046485955953,-1.0598418498185538,-2.1457555403198967,0.36109847275457696,2.1136418505896586,0.7478121898220138,-0.14823486671451747,-0.18461296740008493,2.94584729550985,0.8260554484999147,0.8222690667608958,0.5043192154471399,1.7998877384393381,0.17279473669799472,2.903074927027774,1.9146962868168202,2.203051751350017
2053,,-0.39232995290734607,-0.24972157980795373,2.6237985937547137,0.9135549410560202,2.762293759327804,1.1071930820526745,-0.1253841170208716,0.7784722044646628,-1.0674415019744288,-2.053106427690352,0.5576625903023,2.1358018490745394,0.6223294196844336,-0.25196344560475836,-0.14502315620768513,3.0257409504885118,0.7663596129524421,0.9480519600135722,0.6747708405850403,1.8030145702003324,0.328666101886256,-0.0018394647159993838,0.4603540062078082,2.4887249138941456,1.146120100395592,0.3880834881362034,0.7199100686645465,-0.999824742735484,-2.1732026907286013,0.7589331886023842,2.0702408511545514,0.6977584045052936,-0.3232339528469197,-0.1881075129684291,3.0039720601158137,0.7727143278622748,0.7634262017758715,0.7369061395379504,1.796850205626754,-0.016238544149757672,3.1868553101600128,2.2406010797355407,2.5277572877612897
2054,,0.08353606054657803,0.11153232498406851,2.6724449230079017,1.3342979440651561,2.7510326397498375,1.1073437090323068,-0.051058065286611054,0.8163364792599168,-1.1007599702960533,-1.880097650483151,0.2578859981320534,2.1174386693026577,0.6726566030570211,-0.22052376059627932,-0.21612110693502018,2.9420600521089,0.8134921042861265,0.8044971167723816,0.6415065418597692,1.711786172104155,0.23094637552208042,-0.35893695139424153,0.42705526902136626,2.1905252966483886,1.4587455728622558,-0.09450753701509029,1.0105149137251033,-1.1316700074837627,-1.857294877667016,0.19524784938704443,2.085635757062221,0.6580731371697084,-0.3349272752930119,-0.155730396547483,2.9431341684538097,0.8705051066394276,0.7314157906124024,0.6946173610228357,1.8282127864534345,0.24839190189521787,2.8379439703161893,2.3547590190818255,1.857733345846782
2055,,-0.31945131782725866,0.18174451262672164,2.6372031169848356,1.1226225936110268,2.7871539741166202,1.2868779329047015,-0.22874308071857286,0.6070914063724899,-0.9677422913335931,-2.110580629426636,0.5666475141262026,2.094754012404053,0.7312638354943033,-0.2771530035533374,-0.11405450577632337,2.9531250458427962,0.8444026403206522,1.0043179547043906,0.6499632014118788,1.867571399695862,0.20037316362765978,0.23598811987585577,0.28940847907847456,2.5393049937356977,1.4923019385071825,-0.13625490342263902,1.1086588435019848,-1.119731289246431,-1.7666489022331007,0.44234125258708445,2.057961707700258,0.6385226135756739,-0.14707703518865856,-0.15866084023190297,2.9279933548424424,0.8165048425294685,0.8324663918858732,0.6743747209895901,1.7849516465342958,0.28887073730032853,3.104539540723522,1.8180903018692902,2.1630878582171817
2056,,-0.28519170101793634,0.5930591764118276,2.474176628651378,0.5345822818508168,2.593693054759342,1.1064441672733665,0.12316812533464372,0.4730239496613535,-1.1321057173535678,-2.0236056917796645,0.377103450737593,2.102266855279595,0.5854096964177415,-0.32365836460428454,-0.16786606131393,2.9494077189161203,0.7591922957486759,0.8596772995634296,0.5844456057205321,1.7966722913594708,-0.0160336492327815,0.2676043284049001,0.515768089044343,2.6449140266020663,0.45241442805149745,0.3772046161981848,0.7406744916656862,-1.083938301497028,-1.8252903275642325,0.5176893585991138,2.090789641140759,0.6817048128193619,-0.2034525586850009,-0.1707396450452734,2.9759727433951753,0.7916556687894172,0.8451093992163692,0.5742096056889636,1.7860762629365468,0.07520795870050279,2.9057250737270124,2.032541749104041,2.545867317993327
2057,,0.06283423570062041,0.9820515723328072,2.540255391517121,0.8508648375971006,2.638957514615811,1.0889247802141426,0.48146844537450306,0.6784861049183064,-1.0283148338929777,-1.9327805070183217,0.6070733106365651,2.045712554209615,0.6789735758492839,-0.14017049585771701,-0.17628477061680314,2.9944141286248964,0.6805504104651163,0.8924652659873118,0.7437119514369215,1.7937720547528784,0.1061455707352934,-0.1657928536578197,0.11200267948373721,2.6314386664878953,0.8781806252492856,-0.150414736699247,0.9631054678725377,-0.9664850866331562,-2.0084086730639683,0.512490387974367,2.1594770027251116,0.7075050294466223,-0.43642452398358955,-0.2506788976876919,2.9000070357934646,0.8245468716691562,0.8212082756822952,0.5900656388398033,1.661978001556804,0.16560678738704837,3.097029021662877,2.0438961971587446,2.4333662460696246
2058,,0.41847830573800593,0.5640550618052771,2.1193526669336507,1.0688296567277575,2.6922876961453994,1.2290897365994624,0.25649663108868026,0.9932173647616196,-0.7815637906762163,-1.821054681434532,0.36515418636253116,2.079848006944644,0.7648811959774662,-0.24236475398623725,-0.10041469586781204,2.908190361420793,0.7258819962682992,0.8933044064559112,0.6585824225219881,1.7772730854173346,0.1583220562552583,0.2533839918887111,-0.08677684520546336,2.661328611032161,0.9707054488899303,-0.2744009333879376,0.8714880209408875,-1.0409030776708619,-1.5120540232964572,1.0126485982665372,2.0878642255898967,0.6970584872452719,-0.22983051395914345,-0.16968386832013493,2.953645876642213,0.8760769912225896,0.8238497043548705,0.7273263518050044,1.860495774207152,0.1669997840011206,3.184760356483082,2.429484476570849,2.2124830219390788
2059,,0.2725724196438364,0.6095201494406979,2.8179252812994378,1.0196543753635297,2.7070401360347205,1.2844245408418828,0.1279533505913264,1.0033330307232404,-1.0191972120016999,-1.9104739845845415,1.164729007167466,2.0719632748222807,0.6601450784783651,-0.08892401083255663,-0.3033907900637587,2.9131158420869383,0.8494752665844771,1.0750529265080218,0.6821053905059102,1.818099216703331,0.17437255826746423,0.134336061477768,0.3485673251410617,2.733219586693849,1.0310741468570086,0.01303912149739972,0.9406681133592087,-1.0392429933465337,-1.718125424883965,0.49020430284070926,2.027729769309701,0.712154768259154,-0.3167883599508059,-0.22546018407672364,2.9803028840528896,0.752225837925323,0.8354473926714263,0.6001137478551755,1.866603981378546,0.11778993617997457,3.115898760555581,2.3034340945806093,2.0570604759877256
2060,,0.42403405257044824,-0.10299084109448131,2.795772508440905,0.5000813132998019,2.7691288389454485,1.0220999568513207,-0.2427758912427862,0.8969533775792229,-1.1221005624786926,-2.1943001790021412,0.8305969494293208,2.0768103340724338,0.6551550211138988,-0.23600202201765796,-0.15394034102376963,2.8415986968846028,0.8858166734314636,1.188269876178822,0.7339071907204584,1.742368377005107,0.22629474411922956,-0.09489648935112882,0.46604543009993904,2.634478940951567,0.7079463358448947,0.06107102484901361,0.7342431176207924,-1.0878352924821684,-1.951747475567572,0.7189836361965831,2.086962883785475,0.6870629234131798,-0.10300136188101305,-0.3294795412303415,3.02185595166668,0.7943789717196523,0.8959920038595328,0.6193395781497202,1.7463073432365377,0.0020091554090981845,2.9459930086541704,2.144357605507821,2.2014240406839463
2061,,-0.0077088187748017845,0.3763249000036808,2.881667452919885,0.5874005158335649,2.699971044480037,0.9775000909482969,-0.33283566195171943,0.8532252452445164,-0.9956662012974107,-1.7106854904852185,1.2410490615104663,2.064331965397571,0.5467084755621272,-0.29935133190917895,-0.13807622877862968,2.8711349372903214,0.7577023953213597,0.9032598891177486,0.6856041682618752,1.8149993058901828,0.19802479101974768,0.3245089069059759,0.06074024097904385,2.2203072245588373,1.0077840578909445,0.1264274608369078,0.8089276972041262,-1.117139807294393,-1.9507375580038229,0.28578699350896386,2.090988617549101,0.6445881487771885,-0.1748020314361156,-0.19098267598502616,2.941491304784847,0.6988779407270158,0.8388133911332147,0.5655086600228856,1.846389513288841,0.3303114515649668,3.1474556394587694,1.8382109089668006,2.255373444980819
2062,,0.5342268162605137,0.6219119923617313,2.409829385105297,1.0660523419540482,2.742603499687789,1.2559463481134117,0.14163077652881384,1.2046348726637461,-0.8937000260099808,-1.9750876118017118,0.7178409354202131,2.071006335673019,0.7167866129669278,-0.17427851236550396,-0.09821284794736584,2.830162287993801,0.7138136678234446,0.8453117471808014,0.542916404156756,1.7791611754353767,0.39383617488078926,-0.15116841811777704,0.10467321676190977,2.421576760681944,1.3366295550998757,-0.04692212403222129,1.2106066389379748,-0.9510279737813221,-2.127465321768625,0.45425060977549947,2.086725938340294,0.6913718911339402,-0.19340183543334888,-0.22276394556530477,2.994453224401127,0.6684017751664442,0.8500557372898925,0.6198169540029426,1.7492406992016072,0.4336081367263773,3.3771741792403986,1.642829456880179,2.406539861329918
2063,,0.17158297579550208,0.42999771589745706,2.4843428540889363,1.929127316585209,2.6735167281273675,1.3170443024048382,0.13224041024625421,1.5281756213437916,-0.948190562977004,-1.74130174965984,0.6520756674960921,2.0123198835159997,0.7387561837311978,-0.21269878259232655,-0.17075066209798706,2.963833350084485,0.7398954757617844,0.8824394300559675,0.5978576200501493,1.6455174747059687,0.17406199840263525,0.4266599498691903,0.3864027201105955,2.64534249314039,1.4908796202176973,-0.26962175269176214,1.4505061603345553,-0.8367846582646621,-2.127627120256818,0.8087344425168226,2.0958760299534447,0.7449420464184868,-0.23247608997706948,-0.20556343701264268,2.947728032138059,0.8468800091969229,0.8602670613057057,0.7746310774074345,1.6842220836591082,0.41752259302984385,3.2058091160094477,2.001778160921674,2.8351920828434913
2064,,0.4705486519128499,0.7906427896272703,2.594938315330694,1.0446299823295249,2.7350948813704576,1.2844463417682164,0.3172086515556316,1.121658680851965,-1.1384985690266944,-1.8576912919814959,0.5422063116258755,2.0439750380022588,0.7125464215768034,-0.1831178175030459,-0.1979274961757369,2.9372222458491706,0.7490324693516754,0.7934886932845302,0.6486460375423349,1.7848012906544,0.21773752610096153,0.7550127958967323,0.8667606620408606,2.4380569964602046,0.6522406419966842,-0.008655411827703574,0.8724179713705666,-1.035538369857079,-2.107188225438108,0.4323932592394044,2.0337115228390417,0.7258009745107188,-0.2372612011055253,-0.20644195352457473,2.907318523233698,0.7150474351614662,0.765340804334528,0.6747896145213303,1.7851104108724485,0.37715270192069283,3.094439832968021,2.164195338648426,2.0960205869475317
2065,,0.4131053833089595,0.6829623364862982,2.291352256566597,0.6755647485683767,2.7931216532148255,1.140214471953641,0.09281530395884374,0.6618919276308475,-1.03114059521846,-1.766484571482124,0.47787099917428577,2.080137760517914,0.7064837444166301,-0.3406966179516644,-0.24790247819305478,2.9301875844420806,0.8059799322984986,0.8747188314392247,0.6487764781726924,1.805037307238365,0.17352447558607764,-0.0760463916647609,1.1002957788161893,2.5338986896567235,0.7369441536243926,0.45011934199379766,0.9874928403169747,-1.0099265162666597,-1.6283938045468176,0.5376587784662092,2.1009517576345047,0.6765250565972565,-0.17209310244510334,-0.21878788879962485,2.916209928950707,0.7549141409309073,0.8711671952013944,0.7149794503233124,1.8353060315431549,0.24583142368544486,3.154897885454659,2.1529971414331612,2.207727752315236
2066,,-0.024329816731210485,0.33943225411127287,3.0483956450590313,0.91254667903263,2.754069576864481,1.2006224197921824,-0.032587714273063284,1.1484649714342368,-0.9103231494409556,-2.1335296064201543,0.961067471749459,2.1073842538986582,0.7046863486846746,-0.14258585084496644,-0.28888274270974534,2.9066123066081104,0.7743247156233224,1.0711480715989978,0.7165774409703545,1.9140079163708492,0.29296668868460074,0.6679770302152406,0.9098235779590595,2.9501631312447785,0.5129599925279535,0.33868492337091993,0.9756667905232348,-0.8178776987253968,-1.8812607972441242,0.5056504766997705,2.0289679799599867,0.7537878717523085,-0.34001095463008824,-0.2522841884207878,2.8897876203122337,0.7400695543065581,0.8967037792265842,0.5990425695530917,1.8740576886077633,0.33840341476411595,3.5172212817304285,2.5430846804545126,2.6029288770934613
2067,,0.12673038791655244,0.4412053273662764,2.6723488366678225,0.790948134327607,2.781806332280155,0.9847390101768383,-0.07660632213134022,0.988358735150257,-0.812878881414349,-1.7455286954915437,0.7208615506108913,2.053787897434347,0.6662858890526309,-0.20049344177562034,-0.1294112480221088,2.9089032170151654,0.8249141817676104,0.9006869155567756,0.6117852784930733,1.7233146842956444,0.14142421645874492,0.6213707613023303,0.9413471165821079,2.7688283807169114,0.795093317079477,0.3966636909855197,1.0595555488045534,-0.8851158576839566,-2.2196283941006527,0.4873995868191514,2.1246653924529255,0.6923081846127843,-0.13113914655355075,-0.13734020517068757,2.8977017975670947,0.7247018552198483,0.8243935437073446,0.654896250488207,1.7130304390146307,0.3783911430084004,3.161330642129144,2.1973147954445267,2.3695828940445836
2068,,0.013885662408597454,0.7600161018524432,3.175776717951692,1.0896672389659443,2.6889722774891993,1.3036711141206752,-0.1527527024842925,0.6292892520459077,-0.9380667888648873,-2.1771153675112487,1.1556294738545034,2.0664149915384087,0.6423709754628248,-0.1787084987364551,-0.24249562318601647,2.9166275335545606,0.6930105562343556,1.1060447018455193,0.6826124840733314,1.8177722716404219,0.2616766128065251,0.2882460168498824,0.5697055375702575,2.376784481644961,1.4071342351487601,0.2211643420126279,1.179310970387803,-0.8176443299188918,-2.176691590513542,0.4721243997607303,2.0548851963876587,0.6605422038707047,-0.2144029138170822,-0.33348279009192083,2.893955364226258,0.7065632211797492,0.8105353491855567,0.6690424750721604,1.8438979173742496,0.33315800278114693,3.3556176643937192,2.0064326521301155,2.4130891505568
2069,,0.43441814589908745,0.18764805420624953,2.742487952710178,1.5239874758688643,2.756022582156561,1.220389459412047,-0.24931853314791397,1.4458186594058589,-1.0944538259003593,-1.9601953933858454,1.1099585801535454,2.0366871805752,0.7499173766060494,-0.332623565994993,-0.26534683087828626,2.950050665132892,0.7958292869108163,1.080170097953328,0.6744985669852213,1.8359632587406054,0.3159101012423662,0.3230023639145543,0.43620024712765826,2.836656296503463,1.8873302738826965,0.06457387935847692,1.168837600423842,-0.867978887861625,-2.0986523041250393,0.6710013979724749,2.070771695846929,0.6193960092430189,-0.15495868546929614,-0.22287706562934773,2.8999791362118685,0.764206807406083,0.878850025118993,0.7840658068030848,1.8283422716186237,0.5305953857364898,3.1084712744245735,2.06255325137937,2.9434539816465417
2070,,-0.3127534712099873,0.45433993371545967,2.640433318670148,1.1845484274113574,2.814467789797675,1.3587953346041672,0.0565852466233423,1.2768493503612035,-0.9628764446675291,-2.04418624195182,1.0439262713808262,2.204856037521836,0.677050199407006,-0.23542164245969843,-0.1240138000386537,2.866147845742148,0.8281789196888099,0.9314275760912096,0.701511936998827,1.8459490376434928,0.4432557302037594,0.021509342415072297,0.15696327681212097,2.8083180688121843,1.2505548812225697,0.004404539276151809,0.941026228199803,-0.8476211341973112,-1.8510320142438559,0.6216829894149782,2.047889115281066,0.6312435233512588,-0.17213744375538909,-0.3717429539921113,2.8782476909041748,0.7965954693398771,0.7685031064149257,0.7202921412695105,1.8649890718082816,0.5246360135536179,3.347941984769136,1.8356232766728908,2.517205041465786
2071,,0.16920417653000186,0.10595653740432454,3.0656685358181903,0.07729704817444372,2.6565611637861934,0.8417853342545527,-0.18547065809633523,0.5353260898465351,-0.9872917399206358,-1.9262046596865616,1.1897719823456896,2.2238211485013153,0.6622273577557962,-0.28078448957188584,-0.22695863848446152,2.8456927768846185,0.830010680973885,1.1370913881888782,0.6185526976196343,1.7367940019670414,0.4107145574394053,0.7310522840134581,0.5658280232944435,2.646189097366687,1.1445148103401834,-0.04552352504009605,1.1852104568920936,-0.8073681807902631,-1.8020313265821528,0.7794794973775652,2.117168137961812,0.6680925315966988,-0.3316515832770506,-0.17319421473479224,2.9075202211215014,0.8338482697203062,0.8804378422049126,0.7195418449485942,1.7387117316303602,0.41972722440044663,3.0181613101629523,2.345929165409302,2.3451975104621283
2072,,0.35138580984119017,0.6628762008102171,2.6047476518214694,0.3033287000696987,2.7482124995374875,0.8111962854226817,0.05451686603470307,0.3277185027310452,-1.053921305088295,-1.69585595882711,1.0080699290671191,2.114416919713392,0.6755674669316818,-0.2638679541973943,-0.17791954918027386,2.8942094054792165,0.7911321081549545,0.9406113896815214,0.6002737364281074,1.9248522525349472,0.12094040021713681,0.6787671539288453,0.3224824772310626,2.7703984070796537,1.4109996367470217,0.062248996572122905,1.1358208527617535,-0.8695522675436109,-1.7778192325610007,0.7100853983297384,2.0849328394432405,0.7040043735269137,-0.21461558752247356,-0.057936885942581284,2.8608972442482354,0.782912765610206,0.8579060996387966,0.7485598183495767,1.8095066655188816,0.3148757283782402,3.030921010921304,2.2674150269406823,2.3734490299289064
2073,,0.1852642076585198,0.7892222902434582,2.6356883597728142,0.9304267425679882,2.750070340918967,1.2420443330519788,0.035544297503236066,0.4399341432424535,-0.8360871470292182,-1.7662142642345202,0.8414381486501838,2.068641631474975,0.6049986414877253,-0.2671537222636857,-0.11546427585682295,2.936803688027851,0.8210333717272533,0.9602030873016361,0.5707235854433748,1.8873214480721572,0.37778676663054966,0.32374396638982716,1.16234080647979,2.907461541767077,1.7560843337164442,0.4365258642064873,1.3942622169986976,-0.8897359502999507,-2.0210111891892666,0.5532128314204101,2.0162928313632165,0.693773469042128,-0.2813706576275763,-0.10443777267744281,2.8259818852725402,0.8628807366204683,0.8649044901835623,0.8447819218833388,1.9117130273391467,0.38818196708098185,2.7764210627484545,1.8155796604880265,2.634859171106484
2074,,0.35011476915332196,-0.12358925153080236,2.913771080888864,1.4103294329683536,2.7740077954310323,1.4280662316261896,-0.14405019141543107,0.8745037070878539,-0.9205976517413319,-2.0079546904182735,1.0838389327379332,2.084930083423785,0.7142883947762471,-0.21160615124097149,-0.2414105168213041,2.904504572676558,0.7335615089406815,0.8877498581150576,0.7370851776173026,1.6477186753235742,0.34384253720844526,0.8225959704844286,0.8142089020613525,2.802401376754915,1.2115066135100392,0.06443307477502458,0.9560996103197681,-0.9962572295933114,-1.9383210942015126,0.7858829438758903,2.0375437225470137,0.7074977996215353,-0.2000862880835257,-0.12060423297407397,2.8706212025149966,0.7403716678888941,0.9155136376902533,0.7066892276021122,1.748503676934888,0.24571832411930927,3.1719707372027415,1.908893560684021,2.9012597418937958
2075,,0.5913765266693645,0.3412502604364249,2.3576004263136383,0.9761567040438877,2.666857822824454,1.216429975883159,0.21722259106445563,0.936957947746464,-0.9167474749488633,-1.8260544441087632,0.6590206301328863,2.1272161176353848,0.6814455117626608,-0.21948198681604936,-0.15448312471596637,2.9432554733900247,0.7850819411009411,0.9056319132528756,0.595414985071784,1.7763954431339357,0.08487571738641009,0.13494850870938535,1.0663103678762127,2.7314057087909305,1.4465714599769512,0.4561015584048391,1.4417351654893764,-0.8807940454145751,-1.6475310518884498,0.5634341430309178,2.046276150515723,0.5622812364503602,-0.3344093464577327,-0.10292263966397286,2.816475156785259,0.8123007970329468,0.9208650152703513,0.8434786775056295,1.7699737710576073,0.3810650824023014,3.2219273282399286,2.3064886971074543,2.506622296548983
2076,,0.5300923360590559,0.462914702927435,2.708236260316255,0.8864326808549663,2.7556540915282426,1.1159121169138189,0.05858401893414111,1.0370147462148793,-1.121966857966811,-2.3206895084883286,0.4722274244520577,2.0481984139044016,0.6836708943011445,-0.34536816853477603,-0.3033145391189578,2.8624981564749987,0.8368103043145538,0.9423006996585173,0.5954318980984112,1.8029329029204177,0.09823934445728355,0.6529191056778245,0.5250565682927686,2.9446648099265644,1.6941505173163023,0.33303790558977653,1.2459666314369997,-0.8248387503891763,-1.7189433848683962,0.7857277117764738,2.037348700013922,0.6895998212432914,-0.14791604013180404,-0.08436492066459778,2.80205443483527,0.9203653882830167,0.9262813892636359,0.662622365146035,1.7862627519492094,0.41883647910003674,3.6497563439990017,2.9174699306266234,2.6446367620613955
2077,,0.48838499302883065,0.7238148299396698,2.6224038985341735,0.8577507939915563,2.8363917494703514,1.0457648324614297,0.23220408231338752,0.7850100390131729,-0.843497081037583,-2.361633869679679,0.43995786153141125,2.069310764011675,0.641846334629463,-0.2388015761054021,-0.1740842840487744,2.8356653590686847,0.862853055957089,0.9012739006363972,0.57627657301515,1.858496151873851,0.2855542536057669,0.2728037481853107,0.8977532942898847,2.818266701022992,1.4453396100449254,0.40091792487640987,1.287490698628062,-0.8821939238893606,-1.8512214126108688,0.62661222802069,1.9828485389008392,0.7120791331618079,-0.1576803665405464,-0.22942176153867422,2.935172665350592,0.8357727606061189,0.8179109405087388,0.756485272186012,1.7772615429865937,0.43309914535103644,3.348808230182783,2.2109742140575577,2.7098088281687183
2078,,0.7668381149894685,0.14493939815082513,2.611270027539206,1.1021549000168989,2.784724242176253,1.2244829726948865,0.2210715913188892,1.2315945643842952,-0.933199352219674,-2.0737935851511793,0.9217227533173968,2.0717652293270135,0.6936321806587671,-0.22167286501212402,-0.2128145468036564,2.8726280972142604,0.7285781991785143,0.8798141071077339,0.7064418465320159,1.7777720642319537,0.2930546636801523,0.3154188119921173,0.9348783403006564,2.5741155163214557,2.040544587024044,0.4156968620512771,1.611028794910169,-0.7242238673701422,-1.8250377549256314,0.3541093296610711,2.000567704619641,0.6817168792488246,-0.19634225570138142,-0.1378228923284155,2.8858416479191646,0.8104006060971756,0.844688996810703,0.8006879533283495,1.7217226541960144,0.3147727895291723,3.0852813081547197,2.07375779850031,2.4358390403202748
2079,,0.40705110390393884,0.5737257052163613,2.9211453097390176,1.2022915140037185,2.7471336261530155,1.2062213501891392,0.237743305595302,1.3416098995758148,-0.9517091122231136,-1.843179686289318,0.879766596428226,2.0818107160669683,0.714697997960684,-0.28993641845022466,-0.2693418285359144,2.918337083925053,0.6857072535585189,1.0325115361768553,0.6374942318318517,1.7904894567006977,0.24419089347242107,0.9323323575410427,0.7949841906049073,2.6574205105550277,1.136603449596521,0.6159760142513733,1.1575095926773429,-0.9970054555576553,-2.0359332618781423,0.637384744877977,2.0040122655896084,0.6440484423370094,-0.18674499045067705,-0.1869696564878609,2.769056500401348,0.7385928808125755,0.8893568570690604,0.7187819547721688,1.7629652164069967,0.2708181120644326,3.530981547824126,1.6742491012855112,2.251389608486818
2080,,0.3304884162139956,1.0967236121709334,3.066420643434583,1.7988693252009966,2.8113144822689833,1.4697992261485524,0.36210085500772493,1.3484804676351132,-0.8093342698836636,-2.0171464219275776,1.0403145587598033,2.026321531910355,0.6825944259543348,-0.23253852319459156,-0.19730176795877696,2.8649752509332984,0.800553349335587,0.9000667706946501,0.8607968651147644,1.6662391288065805,0.1178636134802673,0.4634873671627133,1.181440076987542,2.9687324068013368,0.8701033858328628,0.7079528317815971,0.8190981985183043,-0.8152572979383876,-1.917236692536278,1.039364475317825,2.0290699591781163,0.692234720781471,-0.18732768614978568,-0.18432570959589611,2.803229747855653,0.8018375986665092,0.9304365480454635,0.6712573766156424,1.7653115919794118,0.3259282347776207,3.054024944417165,1.9677189723281003,2.533767151730842
2081,,-0.4499713030081125,0.4312063005461937,3.0440065261109908,1.593469923143914,2.738994847907975,1.3175638335775375,0.35425297249832965,1.2881073941090904,-0.8942444708081894,-2.2520837308791783,0.9143985363294291,2.0293837496703873,0.5708621455434013,-0.3003116489365425,-0.20080735597707644,2.7062434068154175,0.8629405271934161,0.9538358420420536,0.6400267829669133,1.8081126475346423,0.22443745890404898,0.30869149976797416,0.8626911397026333,3.1661554178908204,1.3067275953481499,0.4849916609933871,1.2853106460818253,-1.2077202560731735,-1.9124173025658138,0.7249900083771195,2.029476468232815,0.7397245467819289,-0.18209502275624345,-0.3156489284924078,2.786239875371507,0.7544769814929282,0.9546992189139587,0.7629060921774453,1.866578905907943,0.3266511973402544,3.4315604464466674,2.3883183029772113,2.7802905525653614
2082,,-0.2503477422997662,0.3600171489094919,2.6889593882443137,0.4804251451319601,2.6805881872972463,1.1228110600881678,-0.08834415599164913,0.7531033932795026,-0.9475736584430479,-2.068200081017096,1.1061386906482085,2.0551739418704074,0.7010628640127834,-0.19942739811602905,-0.20515770160460534,2.891023108495176,0.7728432405593821,0.9668919709988586,0.6065804780795929,1.7624700143458085,0.224750081348418,0.876446386947805,0.48995310376471934,2.807555226799707,1.5276186049684384,0.07074933782365633,1.2035970666511275,-1.1186465872051485,-1.7993040221845717,0.6376695262657108,2.050732014879202,0.714138847624497,-0.20630866357680588,-0.18242967670175858,2.7947355906773055,0.7449241821356054,0.854558278629213,0.7653545829393806,1.7561532933448802,0.38342851357811014,3.368700315668889,2.391821661307347,2.7740755289850085
2083,,0.4488711027510135,0.9667787918913291,2.681161695978119,0.7911236749269506,2.7426751909869154,0.9662682413816697,0.15151225551079506,0.6403976557438682,-0.8623849549807687,-1.9449911656184327,0.7173631308882022,2.1508950172275263,0.7548185684536861,-0.20328583921309473,-0.19837722024254845,2.909199929149281,0.803318587831086,0.8796858740469702,0.5295194665021654,1.7975015983406024,0.3131282910375148,0.5656935241166252,1.0824113449793344,2.7109727472735017,1.6971814714872835,0.47059414988592607,1.2962657307196537,-0.9817065678265067,-1.9599927558541026,0.85151429807064,2.0644736965996344,0.6715962560878665,-0.12822984092963452,-0.25305540772018276,2.8141031553570883,0.8933407811921938,0.8426163404239446,0.7055939666039421,1.8671812120239792,0.31352390053450563,3.7701404553187103,2.267717583852175,2.6355179082718223
2084,,0.04561105167539381,0.9663614359283201,2.6071741401281088,1.0224513104300854,2.7663066580502687,1.0780079762389505,0.4288666483023462,0.8520694020085671,-0.9513999914493638,-2.083300260588942,0.48711718248455327,2.0077549997731694,0.6503050339168794,-0.2806939199260228,-0.16889279402261081,2.8183944549888906,0.8422036007563065,0.9998394282732761,0.568168411540455,1.9058151175213993,0.12688864917549836,0.5516597672303192,0.795383852676764,2.7144646334090794,1.8742306716207509,0.6715333283702876,1.5738416169443212,-0.7049557124640842,-1.689931229200056,0.8567551161401639,1.948369519310802,0.6500328706068785,-0.13491137703726963,-0.1836239730903344,2.8244519268408794,0.7561171944059879,0.9162886254517275,0.7276528804715099,1.592929026918739,0.39108463736261,3.539766480524122,2.2952771629614404,2.286759951757233
2085,,0.11212720879728977,0.8375158284184749,2.7675780793874196,1.1326630380242477,2.8365444334930316,1.173589225444971,-0.08199273384087746,1.2519179769848847,-0.9937548778420933,-1.592394955600355,0.9533439430255726,2.17276331988802,0.6960822524640662,-0.32416445893363743,-0.2638428772665975,2.8576366796559114,0.820205042038765,0.8911743150197822,0.7080558748851331,1.7645020441435122,0.2790785119893826,0.2896143602482084,0.7247718368845426,3.1113188603414415,1.4775836259235575,0.4302918454575888,1.509745007531535,-0.7721341472741869,-1.9406620918015278,0.9895353871328325,1.9870088537292077,0.6216575476350386,-0.13343997031893196,-0.15782966652705,2.8210519108857284,0.7523006134565549,0.9076201258656056,0.751493617248741,1.77011370390386,0.35100512016452967,3.631480076369371,1.9717277117289314,3.103165081151758
2086,,0.5828646434634379,0.008699356267470648,2.4269819314235406,1.3556320922566556,2.723498343662186,1.347113932030993,-0.1348511586207337,1.198694886526539,-1.0576828395624034,-2.2754986971464177,0.3766969451587556,2.014016674003301,0.7074692089489645,-0.2784506701695477,-0.258846860073902,2.797632312537985,0.7821723597843402,0.8957565252783866,0.7531788797943477,1.7294696940748508,0.3028070365359099,1.0039639889272394,0.45979806072568863,3.3041776916989534,1.6626993609056058,0.31924518225395104,1.344735141884314,-0.8150256927371515,-1.6337803788769634,1.1390053905072364,1.9687147276132464,0.7529636964901556,-0.31752072160730904,-0.2017784369779747,2.7694688499565245,0.8887246317320319,0.7880976723895401,0.6935969249237246,1.8729742452071605,0.36944023302305595,3.5235903594503952,2.3680714196869417,2.9175161438075747
2087,,0.22747316028653586,0.009473336405278587,2.696342737755799,1.4906619675221577,2.7597659145594093,1.2658786275324019,-0.024865673897920715,1.0150218700038067,-0.7744493343703311,-1.9027379336598074,1.0544468034082115,2.1339447636285627,0.7048263334787634,-0.22180234141052324,-0.2706635047292707,2.8598063518945764,0.7950570543842446,0.8983551520756805,0.6616640474314295,1.7730049431204407,0.14949639624450128,0.8549060082415281,0.917782242535452,2.9721746656774144,1.9223323820119163,0.2583151660701901,1.647621769466582,-0.8696240470916337,-1.6732189902675145,0.8072772160474528,1.9826546768032358,0.7027165549021674,-0.2729449342130579,-0.21771030929483004,2.6447859968333205,0.7654130506168144,0.8681994612996391,0.835658634170727,1.8081869944149958,0.4556025178492291,3.569085746377084,2.737228083331331,2.7894288842736614
2088,,0.04719439281376481,-0.2982341817374845,2.708815134586928,0.9028489518842662,2.7565907968636907,1.1817478706330462,-0.12811718825940943,0.8954392506425961,-0.8763131182039956,-1.934492325992494,0.8054456492687905,2.12769920576568,0.6535960818542321,-0.16690714636678194,-0.33932809537139974,2.805939088554908,0.7588066343282094,0.9239253302129669,0.6749903074086205,1.872362780109711,0.022942782124005134,0.540184989096872,1.0717352273563847,3.0999412724611943,2.141531729285475,0.6096898475997818,1.815596879155919,-0.6711448995594651,-1.626204068538641,1.0144996887450475,1.991303569338129,0.6206812103003472,-0.31740339403927464,-0.2663980499905847,2.8081595395489103,0.8731165239844358,0.9355298062195061,0.7356574775058107,1.6366991700686526,0.23100627646698513,3.561339569892141,2.4604097253260306,3.142944588435739
2089,,0.11948450419453138,0.6407914136482873,2.4442814076722357,1.094913072225097,2.679516214494015,1.3026180461777699,0.20229537643916728,0.8452158052683671,-1.0551110624585363,-1.9286138789246934,0.47202451615936525,2.032561372179771,0.7103449006804112,-0.28305963240529763,-0.2721270187794289,2.904656680571236,0.8391642488394382,0.7105185866080888,0.6607200220328195,1.845367229640999,0.5117640786186826,0.49864905913074153,0.7348512421037867,3.1956880881004395,1.795715578701163,0.6708791631568829,1.8469803742111708,-0.6717279989739495,-1.992937538128217,1.2574165982821341,1.895960130318258,0.6933768502828457,-0.26837509519236846,-0.2220964345201537,2.7630296173790043,0.8258536900684703,0.993938153232989,0.8149304437941964,1.720103217778444,0.3205802612223465,3.4366210230131173,1.9626956713926234,3.2477112987261307
2090,,0.6770891504758083,0.7936407848565636,2.8117897113327786,1.3793963152409674,2.737628511553339,1.2693337517237637,0.0920860398429113,1.0745129816506847,-1.102699907486226,-2.0769272333557183,0.7451198193122082,2.0681717168362184,0.7664325134459204,-0.31879808492954,-0.21070913508452804,2.777149549499029,0.8892087273863467,0.9174981016703896,0.6043939657729993,1.8017406371770903,0.14327075770830788,0.9055284504112819,0.4671480364034437,3.2393694313240644,1.657872906320165,0.6561054026257693,1.5929642223536575,-0.7800798087275211,-1.8409057239093727,0.6013250044598522,1.973799237541698,0.7498815071537592,-0.25852184721549065,-0.21979135818708073,2.644595167994737,0.8343793707572331,0.8574582324260973,0.8091845487725209,1.7327723559899368,0.33688462092277405,3.5588531626207214,1.9953581577558452,3.173394456844676
