year,ref,CCLM4_AFR-44_CNRM-CERFACS-CNRM-CM5_rcp45,CCLM4_AFR-44_CNRM-CERFACS-CNRM-CM5_rcp85,CCLM4_AFR-44_ICHEC-EC-EARTH_rcp45,CCLM4_AFR-44_ICHEC-EC-EARTH_rcp85,CCLM4_AFR-44_MOHC-HadGEM2-ES_rcp45,CCLM4_AFR-44_MOHC-HadGEM2-ES_rcp85,CCLM4_AFR-44_MPI-M-MPI-ESM-LR_rcp45,CCLM4_AFR-44_MPI-M-MPI-ESM-LR_rcp85,CSC_AFR-44_ICHEC-EC-EARTH_rcp26,CSC_AFR-44_ICHEC-EC-EARTH_rcp45,CSC_AFR-44_ICHEC-EC-EARTH_rcp85,CSC_AFR-44_MPI-M-MPI-ESM-LR_rcp26,CSC_AFR-44_MPI-M-MPI-ESM-LR_rcp45,CSC_AFR-44_MPI-M-MPI-ESM-LR_rcp85,HIRHAM5_AFR-44_ICHEC-EC-EARTH_rcp45,HIRHAM5_AFR-44_ICHEC-EC-EARTH_rcp85,RACMO22T_AFR-44_ICHEC-EC-EARTH_rcp26,RACMO22T_AFR-44_ICHEC-EC-EARTH_rcp45,RACMO22T_AFR-44_ICHEC-EC-EARTH_rcp85,RACMO22T_AFR-44_MOHC-HadGEM2-ES_rcp26,RACMO22T_AFR-44_MOHC-HadGEM2-ES_rcp45,RACMO22T_AFR-44_MOHC-HadGEM2-ES_rcp85,RCA4_AFR-44_CCCma-CanESM2_rcp45,RCA4_AFR-44_CCCma-CanESM2_rcp85,RCA4_AFR-44_CNRM-CERFACS-CNRM-CM5_rcp45,RCA4_AFR-44_CNRM-CERFACS-CNRM-CM5_rcp85,RCA4_AFR-44_CSIRO-QCCCE-CSIRO-Mk3-6-0_rcp45,RCA4_AFR-44_CSIRO-QCCCE-CSIRO-Mk3-6-0_rcp85,RCA4_AFR-44_ICHEC-EC-EARTH_rcp26,RCA4_AFR-44_ICHEC-EC-EARTH_rcp45,RCA4_AFR-44_ICHEC-EC-EARTH_rcp85,RCA4_AFR-44_IPSL-IPSL-CM5A-MR_rcp45,RCA4_AFR-44_IPSL-IPSL-CM5A-MR_rcp85,RCA4_AFR-44_MIROC-MIROC5_rcp26,RCA4_AFR-44_MIROC-MIROC5_rcp45,RCA4_AFR-44_MIROC-MIROC5_rcp85,RCA4_AFR-44_MOHC-HadGEM2-ES_rcp26,RCA4_AFR-44_MOHC-HadGEM2-ES_rcp45,RCA4_AFR-44_MOHC-HadGEM2-ES_rcp85,RCA4_AFR-44_MPI-M-MPI-ESM-LR_rcp26,RCA4_AFR-44_MPI-M-MPI-ESM-LR_rcp45,RCA4_AFR-44_MPI-M-MPI-ESM-LR_rcp85,RCA4_AFR-44_NCC-NorESM1-M_rcp26,RCA4_AFR-44_NCC-NorESM1-M_rcp45,RCA4_AFR-44_NCC-NorESM1-M_rcp85,RCA4_AFR-44_NOAA-GFDL-GFDL-ESM2M_rcp45,RCA4_AFR-44_NOAA-GFDL-GFDL-ESM2M_rcp85,REMO2009_AFR-44_IPSL-IPSL-CM5A-LR_rcp26,REMO2009_AFR-44_IPSL-IPSL-CM5A-LR_rcp85,REMO2009_AFR-44_MIROC-MIROC5_rcp26,REMO2009_AFR-44_MIROC-MIROC5_rcp85,REMO2009_AFR-44_MOHC-HadGEM2-ES_rcp26,REMO2009_AFR-44_MOHC-HadGEM2-ES_rcp85,REMO2009_AFR-44_NOAA-GFDL-GFDL-ESM2G_rcp26
1991,0.0,425.7892685678918,406.08979842359463,426.5699999722582,406.6371154965004,336.2708821467306,320.9405539349277,309.59551989648014,310.410966537685,75.1528910839861,35.38704275525174,52.69924820069605,77.85268054495327,65.37996486723057,101.45057423780372,144.58125271864503,123.12507113183801,119.66826836014206,113.6681431920382,113.11196500760809,249.7815858316476,276.52076859596286,237.79398336588645,39.08522415792265,33.1536661557509,76.77140002768056,69.80665315929468,73.55275913034245,92.24946740634402,-2.5907147588733324,7.381798615996331,0.8199010617129261,58.98149895490394,49.49202768371947,-13.003731060650125,-18.963560022034585,-24.634054364123017,48.68683735661625,53.90963916149883,43.77644507131811,-21.590133860023343,-30.68337086843144,-27.021160842156178,113.86384570327925,88.60389418437,116.0172524579375,63.75909917806666,71.28103271486623,183.10853413096504,220.27274525944244,103.09417514906374,109.4667310267539,224.96646892889476,226.3164657564937,-20.1893834167289
1992,0.0,433.0223482288352,414.4087482313492,390.27017232198745,374.6814428247033,382.64736631557946,360.92331220457567,343.8042938986365,347.16267131229455,30.475875592200964,13.820442302033257,36.09729162757003,40.803901942739344,30.443170409256027,47.836282068596915,114.71640506669326,111.07530296341736,144.47581973335446,103.98762802021326,114.87174653877037,326.2907003287812,368.3558533523001,316.0693774085919,42.63057836058749,37.31982027812717,106.51657153223721,101.6397180999719,112.88821056153733,110.93188207329388,56.3724971397462,42.37901133639389,42.04046946285064,26.781288073656242,19.800627900459403,19.880732376022138,6.373963594832048,3.653986967800961,43.56295612849044,56.68838203462781,38.37229015068351,23.506353360419325,16.05890745843351,18.470335304123637,106.78066605976142,90.3885680983011,100.19134803421355,27.712052923463148,31.012209760883138,164.91321266863906,202.59580214240293,84.61963937299583,99.4895086644658,190.61500496633948,186.49011930189988,-36.431148335655735
1993,0.0,329.59227588663697,322.0167341532718,384.3954949585517,364.40784367882856,353.6588334345249,335.979458016746,402.83835527020585,409.36585194481677,16.522403958025052,4.343976333971341,29.268887306962142,40.98168811212577,31.34180430172296,71.41371677021698,126.56759724064784,121.80091152994169,117.0540494979025,153.45746018612772,160.34055236001666,378.8179987846198,400.9288187719307,359.05614495113633,43.99364323731686,26.490068440846926,88.84212447158416,82.490564934134,96.98229731594836,96.49507478379007,21.438827267732222,24.85725463200913,21.529855052143716,51.08139474992208,42.180068492707164,26.39399831001731,17.9139777840262,8.90044293158644,60.378946338180754,83.72817232911427,60.85459672050024,36.12097916412256,9.597617189271546,24.635524688180453,93.52150368133448,78.43495811753405,94.44884790035235,21.517615111945588,21.881228506215166,185.96051690806348,226.56218135844904,63.92735047955648,71.87826784673757,260.5588300855667,270.09615044691884,14.532213742906265
1994,0.0,419.2847687019403,407.3527644870552,356.9957431227868,340.90213690099586,317.1310269886425,294.1579819011751,434.12956805504183,441.5076345554245,52.937454694141024,35.014340974865945,57.65422143756825,58.43300599768702,47.85138599004142,82.97283249254451,108.53184354128268,108.4080549948693,104.66648069574194,147.24711363939423,154.56134796815934,295.18541049045353,300.6853682238998,283.4147811234073,10.086577080114125,-2.237756994092706,60.91917841327893,57.15397406375769,59.53298678634883,63.066170606664855,81.50997040163509,85.49710269159584,78.09878589160257,32.806785846068806,25.506411022921384,-9.36275556678811,-15.063643938966266,-25.339423251147423,63.11046519114586,79.76827974003038,61.031588652818755,24.412079553583567,7.098836026082154,12.233292509346825,124.73483578727075,105.08584366073342,126.36885052262903,42.332085358320114,44.32192755074982,127.60327981838316,167.11322752232468,76.080641621626,89.79063092445381,293.3507265051368,281.4911385416592,-14.208961329130489
1995,0.0,347.4832088486441,331.7920569530772,406.20529206302473,388.4803381521211,369.73652537879616,349.9972133243641,370.53457239808597,373.92609204831297,94.84177228365945,52.428973106572585,72.50244355131099,11.233755933493512,6.610308344894747,24.59763072362557,123.03104768744947,118.94966980944037,143.81825187523782,104.96912305483886,122.31510743706235,236.09554733424102,267.47236252856146,231.75644396373457,2.6265014546969496,-11.872599235722646,75.98853146759052,65.0184848433122,94.83398703531907,95.54093722993343,62.857219453117864,63.43865452210616,58.02460762241617,9.297853598216307,3.8103498735472385,1.9411520794842545,-3.9445749106232597,-9.490327578947927,34.74377168511421,53.420431366200546,36.28967262903723,14.390426810850158,-5.383832585514142,4.793901943288233,87.61935922793623,66.70558275525934,90.86058278551695,42.784149627665556,44.57350030297641,170.8025842792464,194.71056852021673,128.7847098731894,151.5705944029487,290.8086906011615,283.04299807575876,-61.39143565368158
1996,0.0,364.6270808367665,352.9697672933505,382.36842665319483,364.38906355735423,274.4219884081736,256.97872465810747,397.19878615828077,407.55086593948533,108.15348456160507,63.79115872399632,73.72104331439493,14.751545703607917,9.606886892221837,31.178208461416716,105.10655773172653,105.58535645829147,100.61062857972729,119.06939361342825,121.34689595249745,382.77917466334463,398.552201567087,330.43071271449196,71.73823189515258,51.08731600490216,98.9320402122313,100.32517656131529,21.456543403824412,22.885175263343285,10.599961018570639,16.328339614502283,10.876591398679352,80.26042944312576,68.89174722155678,-11.235486903349397,-20.246204684544523,-29.552666835993705,99.99456526780887,99.87639419822722,87.94381640154188,-12.08307912437192,-28.92899912230746,-21.55481733079057,46.74221315766374,13.800496885166808,33.56527264735519,18.07409143984512,13.769484920120135,201.0084317701577,239.88004301935996,112.37019657470239,138.58281620476941,342.0085428106853,304.69401340139586,-10.526279931882755
1997,0.0,455.8079370515237,443.03343710282246,400.07741051233756,380.15106510472765,330.4758475132447,311.91246496191917,453.21734703044325,459.13185126233236,55.44901000122718,30.097373599496223,51.837530460314724,19.845091890829735,18.698595378932623,32.438316215157556,123.52740650870999,112.89641329599931,117.33826308800269,146.44543045034925,146.47643387343453,268.1834775133541,299.164418500435,263.1057230893231,10.817063980674448,0.16007893747382695,57.80884327114245,52.84848476468369,33.11808250174772,30.51850511182829,-6.366925234571795,-0.018670402535462927,-2.4646157338422654,39.48676526040242,33.38506303374777,-26.181292443012694,-41.65757314929954,-44.333185070681225,67.64620614132934,92.01395210380622,70.84405031299661,3.3554435365343807,-6.679647873674639,-2.5752531622681545,138.17245550830182,124.08546425915836,141.63109939062645,27.453961833775452,25.240094646766238,143.63877282594115,178.59787181821082,93.9819048408981,107.71553930490632,227.30456508905218,221.5065372154496,-30.786850318501365
1998,0.0,389.11844430832707,377.03492738128796,409.45638182625976,386.6749643800291,367.518634710379,352.5408793325155,370.4381394567995,359.34884958228423,58.62501261728187,29.983030041371535,52.52199166404762,38.225395823296594,37.5220664412235,45.89204921373016,151.22818071086442,129.83643682350305,106.2848244955544,113.57577147170991,124.5357438988957,370.8162371996011,419.1304525152425,341.491820611369,69.69896389961082,45.6934633629902,87.86709387802227,81.46215466849549,50.44025146886372,63.21342591242899,51.451321223441596,57.68525820232651,48.1921022046663,62.07426331230283,50.393259440112615,-29.944896800402375,-40.466554457962275,-50.294913864162254,50.83805404242992,76.04686231203914,60.13416041729704,88.34919897908014,78.26064123526942,79.94435845911437,75.22130906747577,55.2323750756309,89.89679072531487,51.25399693488714,56.05435329404111,197.35040357561786,228.7832128996597,88.95558596443402,112.32328300762924,241.12114116684893,214.17043133733307,-44.40527329206964
1999,0.0,434.1522266298827,419.2950600905841,320.0120338044797,293.6571970085311,311.22281091922804,292.4063935436109,291.3933651506823,290.92561254209414,3.645258927827399,-21.59193106449652,2.049042676625504,10.87047541250331,4.821095901257195,38.45363591604871,149.17927047812407,127.88717899635503,109.03210805817343,156.58532879362463,174.1685751411361,332.6012539123634,389.1184301577671,326.6006199871309,-10.291204408029103,-17.641809103101423,58.85084736302531,51.54213868561294,43.3047867153723,50.071532159597496,64.64248975166026,47.785904293823705,47.586745842330174,9.104980103285357,-2.4685688842787386,-15.921066830924474,-23.77130983884649,-26.235429637599168,52.02320197497056,63.13467492592417,50.096641671664315,9.027699667252932,-5.6415004815323755,-2.2255516716913917,95.43158223324292,80.06364837414947,91.16069590298207,70.97248439163275,69.23567944897104,152.42227863195615,175.6367608190011,105.91755681652364,130.35735647158697,251.46383300257526,233.87147722521854,-35.083430767847176
2000,0.0,372.8903609575451,359.9443241645442,308.45911868828205,294.47098648652207,311.86228499342974,297.1583765662173,379.3057931379326,385.56789768795136,100.71702424542173,52.62927640883652,67.90915971978393,37.29825767787884,29.28146589000403,57.070101682446875,121.60341129521225,112.17884185827847,74.50329991293779,143.94606621084858,147.46360822704082,383.30685916881055,422.7071326158467,356.970660881915,6.3531962440418965,1.4766310361554815,88.3224972625419,83.41259701793263,42.64731738296268,49.109298085687556,7.715561768858606,8.388461142981441,5.671550231417541,64.91968770011715,56.45156390855141,-9.495931990306076,-21.981020069866986,-25.75574409290209,121.71780144085858,114.09101362297451,101.02382777774085,34.89330246234681,9.17332294633286,16.40733899703787,127.13842686480189,107.336047034167,130.52972112732346,45.41361339945718,47.80693163323656,145.60320479024404,168.9550128865253,103.840142575291,126.62330175455259,289.6017240980408,269.19215261917213,-10.119374747935808
2001,0.0,412.9511628043337,401.43918063765506,439.2273238732123,421.6666689859083,283.6911345769209,268.5401598233479,394.42278789863076,393.6211077951836,-6.04935059780496,-17.837212916960425,8.019614131242406,41.50076694346694,35.0865867148475,50.35132616355156,160.4745616608368,135.35468160467587,109.79273096572115,151.62717954091238,148.12046861367196,294.76247155540034,299.9172746942085,265.00616997375266,76.92487547516419,52.29948002303456,78.25842076487402,77.95378495902196,118.48365845674334,126.7075186145471,-41.923914710193344,-40.25997186174459,-47.40463688615171,22.201961662588246,17.230590762026054,29.568857099813613,24.49122222111214,21.233361722231507,71.96256858152515,96.0718131187624,77.18706215366649,19.601082714868653,9.182330935522828,9.815507623894973,112.98447637321681,77.62113195206803,96.85154018556227,47.756668966846064,50.53103382536915,177.5025648240536,207.41698480028742,137.05211398092843,165.2122217258227,255.20916686879775,251.31157572750135,-32.04332791898514
2002,0.0,328.48326604081706,320.44471401358356,458.10841200897335,445.6993132647842,355.82648671663276,337.0817237221682,357.4853545143856,362.3637906061174,2.6616869022736864,-4.203127679786348,13.821023964889264,32.93238925204423,26.926817769961872,41.358130538221644,165.65937160569865,144.33578284391592,116.33503051474293,114.5177483711434,114.16348240480886,247.16143784563337,278.4009420691407,246.23287030550478,50.71811404586413,42.350671707790184,96.28777247171524,93.12538396159584,76.97616834293376,83.80178527930957,20.341292453113056,22.23190249465381,17.404288582917957,61.050432842624446,50.2640868730025,-55.318333998719595,-68.00053457853517,-71.28377562591311,92.80009346247778,109.45372068169127,94.63629030852337,31.638280941651715,12.611336454252296,16.54961287328956,88.48729903192464,69.3084307115978,100.33795953790548,35.833708784550026,38.64873412223392,170.7339919095457,200.0315677630805,111.24680478345613,141.40402885126275,254.69008038947663,227.69209498836415,-27.51809529397667
2003,0.0,414.8338864329474,395.45507552537015,407.82716367248145,393.3141697679681,282.5611805136766,272.9116413582789,398.7494248442572,406.31785311931185,41.65439716987419,32.69969089131473,51.763519423505045,19.114932901366387,18.26057686934007,30.97554717363255,160.97819823753707,138.08580177282147,136.5886328375866,119.00608903850514,125.47656019627595,414.777899495852,442.6198454339826,384.4862425576158,42.58380232773379,33.57484360025876,60.224172033635,54.19427842493997,40.92320642841412,34.88550631818464,39.43806484708841,46.5128850282365,36.773797881586006,59.199119933500924,51.45298835924132,25.83684260432983,23.662301658909882,13.017174348327671,139.8495937848288,132.86897222997925,117.74283743633839,2.9588789440133496,-15.613423062424545,-11.55324058983399,109.53714606181859,78.88360113235058,94.18901944668482,10.00511936372368,12.072030053427738,174.98813148405407,205.43479637670998,96.75533431941619,121.18244098126434,287.1478152472688,257.13281943116647,-45.51195661013503
2004,0.0,381.8117585245703,364.52631801275794,421.208134304413,401.333390391927,278.76071424604413,254.8819106752985,384.32289181473345,391.3607999632809,23.596485463232057,7.990611348776611,34.66087281879322,34.553468372674274,31.415109962171414,41.82197336646698,152.57173408256403,135.00446081408472,142.06604975106916,110.11014777154242,113.76926432706568,296.90257100794076,302.0849593255342,267.02107180820394,72.42099629528127,48.103501485345646,72.81603434570809,70.47405558775688,43.913173392721774,41.677073854645414,-19.097383943989826,-17.28227929661182,-19.664081249232595,45.792045585514984,36.40299971481397,22.908922371165204,14.236339777415651,9.007008260934299,46.6042938711837,62.69196412880456,44.60100384102782,45.21291596416768,29.548107832367464,34.384117392456915,105.85584674776157,89.69116590108354,101.82713040226838,26.76594689559124,24.947907973004476,171.5178859229967,198.80214202004322,91.23423506358802,114.99709207425303,291.52037296515334,278.7743537807015,-34.69152934003682
2005,0.0,364.86915101530155,350.691390511218,334.5960378732419,319.16451868716086,346.6928010026742,328.66362949415156,458.7831398292541,472.3698797819652,38.26751316547768,20.22077210571831,37.70234300265008,18.420226341683247,12.915736700257867,24.69426078647416,129.70109645009052,120.82024829301258,163.39713419706254,134.71591474493425,140.37030362800897,334.3373471172255,332.34703045843696,287.9304456695505,73.68525916286512,60.12920878577029,85.89462525921908,82.29628662138452,131.37874292670347,140.93554472037022,111.70870370066359,99.15820974236738,101.72139770346485,41.616429505414885,36.11661222823841,-22.58452164227458,-39.24548618063386,-38.04208109263766,70.26929205553438,69.77458312087606,58.75413905530161,6.411558879009704,-18.653362420262056,-3.5637705456856565,150.38672994625745,123.40732122862369,142.00052551345118,72.05402103641279,70.82903628323811,163.4066917343763,192.4307092310579,113.2619567494869,136.95794609591042,247.80888407875295,235.5828914184017,-11.508775374929655
2006,0.0,373.141383253963,325.8107229706028,372.17357897955543,357.1631980838461,353.62999530570954,343.89530337345457,408.5701250342679,439.2761995100833,89.21104385481601,52.74196882607657,59.13125064640758,7.0653905231276894,21.853467955985025,15.299283254066268,118.32226510812177,110.4572006868043,118.09945915669493,159.02146019147858,142.50078824358252,278.2001409376728,309.5032302877704,257.20361853107113,62.25075542281354,53.391519136866805,75.87318102714187,48.75869684632892,109.13727824500961,82.01270907415403,76.43290995252971,11.054738154284223,30.476722163804197,47.1188417322503,1.7608404128761777,2.949342398401768,49.83160877610419,-42.98747204362928,17.478254793709766,71.28858837550342,58.622755764277144,-41.09980149929686,47.55220331983685,-31.777411460468215,80.36032329815816,110.44300231073339,87.90105931023118,25.937330290269983,71.97176291676703,166.8761436257182,228.2386972334076,80.90947309387627,252.4198922463081,203.86507345649568,198.33753900518468,-49.506506221280006
2007,0.0,344.2395250590034,342.4644893012402,299.5572335478537,357.37735495400386,382.00178644152265,309.7209215993993,391.93503091030163,400.68506694404863,109.98176892749711,16.60232044068016,27.33345657203222,59.75943718607732,42.44691666417464,30.029960723605427,145.08783178785018,111.81491544938967,180.8942406722258,110.94233534135594,144.29487371920868,367.03348829977097,355.99334934357336,337.8633344356816,25.045306000177106,30.748675842679177,70.33875328504087,51.20002817181387,123.404067391681,26.240364417025262,102.05606279441974,58.90372234823076,24.38546011280971,64.03577499794199,4.945185603181699,20.08920420935567,9.9014965794928,8.228256917451063,60.39628727906165,87.6733059957744,28.555814712926917,18.452170638707003,-10.370284512409853,16.65325453684045,130.39741039516923,74.61847182184204,122.13048498807734,58.976736438043304,36.696285473159264,175.59703585427997,175.43577202901224,126.28854511064719,160.5912737873507,350.55592276292236,260.1622600418631,-15.09743199774266
2008,0.0,306.2233821554188,371.18445247994566,330.9092782456992,418.15368206525955,322.0059406028154,293.4641301139902,422.254473747832,372.30164737599256,112.14395741341718,-12.311523762237584,26.886751311514104,-0.6551566380212535,-0.6366677792893825,31.297723953342256,161.55311546040207,117.43356802255516,160.9647193770552,123.10336988785593,125.43160291304036,220.4008157008842,252.6778055833749,297.0912726654582,27.216466062712357,22.32599953777742,52.65332958242902,94.10097092660055,10.812007045806467,-46.78997796684757,48.36163852513482,58.75448999223829,70.97550235664482,5.878720350867752,10.75453420006454,28.5202775435763,33.501778949215804,-52.37173912228559,37.09627710101313,82.34370759113744,57.74547205040221,44.2216956915978,-20.995793412301623,37.39361601454243,135.51502920321275,87.15272998021896,70.94092785943008,2.6267836006625203,40.01327829186778,175.51050363097318,180.71919549729137,100.23725110237842,124.99840446622136,200.3269400526873,300.62526929066576,-33.39773834906896
2009,0.0,344.5106152615422,431.717069327025,344.3419171963143,326.66743649540257,227.90542953956327,279.8625594685988,394.61278088248815,327.50802487304816,5.866759704221295,21.125352214564828,33.66093861727427,4.548051237954496,22.599120552071327,72.46340588694227,150.0184375498717,125.23425824612491,110.21741437499168,171.34144248283394,144.4823446074637,352.99918164637586,302.4289420339815,307.43498738285314,48.33912393233118,30.166761638346543,85.71867011827601,105.03093180419319,80.78381980717359,89.43709539793133,38.156266489841755,66.93744593695862,40.55275679092722,39.46831718776389,38.89211256762235,70.00408088420272,8.53446427780682,-83.31643029218276,96.13912312129219,114.48715022137117,30.938853175963118,-37.28325880910302,18.865611518420906,-17.716041223393177,97.13090034660786,61.151601637932686,75.6743101613356,35.52987801361655,31.495570587414477,175.99864209016107,195.52876595269595,79.8521798101923,124.78412744021944,235.9886199605179,197.24635589657726,-16.283795053163203
2010,0.0,372.7268263098833,340.0272655764305,353.224975196406,305.4516923616108,136.86994815806943,221.45621547943074,351.4511168147902,402.3727935633497,41.04986047584737,21.466556968922532,49.17104178144996,20.54464277020338,17.717232805274193,30.00837085979424,133.73105506396257,131.08633236227809,150.85592689996793,128.78094112799363,160.81362501649005,350.98413687491336,256.8457316691403,353.05891061592746,103.43297360309316,28.883954895356965,85.22455765437144,87.52650341738433,46.248273666464684,91.64156056047739,101.43008243700467,36.04468506442572,60.122590920829566,48.21896720392556,37.287135324825954,14.544001797289411,-11.832801447618408,-116.33413686441031,66.52781403524887,107.96861046940626,80.5104461639728,10.34115250429943,8.217102184253804,-58.08490715378889,83.3442068534963,129.0591444043663,79.87454472662648,51.710607047774374,90.30824765768239,171.56497838234225,263.7339468553786,112.59349352961215,102.22285149111212,256.4487110957706,276.97092512953026,-32.44686403320475
2011,0.0,396.56640356452965,332.824570802518,299.309115515184,327.2875985573105,228.70176391845644,290.137900532955,370.2306789526349,318.55292336834844,14.473764560177642,2.2213275771282497,62.46030861490635,32.124466115033556,28.44219051060645,41.13726197538199,162.45341297026948,130.22172844631018,96.40371968186184,93.24590700769659,119.96118817087745,368.6557577288337,286.7875791799798,254.19536800491335,73.67991729289406,61.06290738729865,86.8264450954565,53.73455408234213,83.82966299164025,58.514467738050826,17.614018217938224,42.818732622187326,12.25553551939879,62.44385376508501,22.085958304048177,36.862140550969,18.297694677816366,18.12671466269296,66.4664075673819,115.10502881543289,49.651297715397845,71.57838747847154,64.34012214860343,-13.7375519811078,85.0440737293884,71.53304918065464,109.91672810660589,34.32271768179021,24.16043600077853,143.07861116815377,163.51534966133215,97.65553299556859,162.51436384995395,164.70610757870145,237.4970439426628,-20.36442791497575
2012,0.0,386.56216827488447,394.12824702865464,279.7300027246651,262.1610603824897,270.9922757611931,289.09754887445337,301.09116593400574,377.20115762591337,33.74104082703764,143.48535202174764,23.8086957877199,39.99518987363956,36.22848678458354,41.21039720673048,157.8062240145738,117.62122448950538,138.42033144519723,141.51585528239923,146.80721368028378,351.6122215137567,298.5439927561894,258.4449868813907,42.50779825525285,51.40950273226531,76.65897042705183,67.06475293632388,48.500477622357835,-20.23730324030555,76.4640068299957,75.08600352665223,98.35870016529407,18.982072973641493,31.218413090931108,86.53518707148078,8.775913341255887,10.31675466931938,80.92624219967388,92.16762036574869,65.95891123571607,-1.7222442817894716,-17.48040981234135,42.31544409865569,124.64721045137014,100.96465960941589,73.72708559850935,15.610218286999043,1.6488823835335324,196.42124337201426,218.56121957912706,93.95347097541867,180.9902279514829,199.7383387931709,309.0313243417569,-40.43483860539732
2013,0.0,384.5122015382753,435.43724124549567,360.41135952328034,269.74200605196995,308.21405608314217,217.32210698157797,335.63558700340656,365.38850605798837,35.25415572890097,83.12055458223699,127.13779967525409,31.59028428558554,23.885645594836888,90.60973757732506,121.02869127751205,132.25743610708832,157.58649002821403,126.54786970949385,113.76108402149396,322.639170792271,272.22560153526456,367.4589533636264,21.114982762841237,-19.20159701540024,95.29259093711096,102.80066900410304,89.58993823368257,51.981789782335795,64.75634590317077,9.47691852889102,96.12928577775745,43.82792427608672,81.59277469951269,50.473945045978326,1.3679206444787724,-1.5770062963515556,-3.272125841794832,99.56836274770353,88.68565655850136,20.457057338720574,-48.02544669295651,33.95485014543772,96.88296402019989,107.01357339394576,76.71710076963143,-3.185449115580809,-1.4644677161277286,139.82945515086192,207.0586465792196,69.4005067634289,129.5757510989273,254.5183429631295,331.19959834767053,-30.277408318247012
2014,0.0,366.6487951300564,314.61416889407207,313.78324205093577,317.3095172376174,83.38239991819734,270.2469462629177,391.51083616570793,306.05151665937706,14.621082960140939,-2.3669074947054014,55.2465283524175,20.947407235926903,3.442490654201947,77.64571176719585,155.8862177295341,107.8296800431417,104.1777375923607,125.4410322546778,112.10820219644188,394.14533515051255,277.71622948627936,269.75894374316874,19.63631498903169,15.777117884443328,95.61476984953663,59.890364210643384,29.533434601183444,22.849197957238175,-32.687048588524135,-12.954016075556638,24.592865291499947,63.5558654420837,20.99147738812576,17.095072007897784,-3.3691882120089076,3.5430264656686177,69.84456778444462,148.03157210593724,62.05329923832619,55.87680090444928,21.183622030673632,75.09117217205426,121.82290724478639,72.53996640816172,79.21364779891314,51.72533328213524,68.42668485561569,183.02483399253867,171.40734493060097,84.69875331111098,110.88993768594344,187.65490880650714,203.89629497365286,-26.811434133571538
2015,0.0,288.58458836827333,388.5365023144544,358.026262548571,366.1137240510044,252.48486014159397,296.394837883748,383.80265859492505,304.11965221605607,24.62427894059681,25.885436007002568,69.17988016351171,18.613861054473432,33.22785635868979,64.67878486790232,132.64664802829986,118.14589577004335,151.07653339298918,162.15878663535455,141.4975753996905,372.7363659319036,240.54482777817043,315.66447431755944,66.910936486261,53.53931173265039,62.51304908686552,59.116178226845136,64.02148359045066,86.8707747294128,44.490734771395296,75.0578085409195,25.098159150032416,23.96094215874723,-3.0660716504156653,19.264625849751383,-37.002073670847494,-5.69945576511077,65.751021184867,19.01745668118531,71.09360854129113,86.3259073909145,21.08740323228085,-20.3693377837011,93.5935431859358,54.31721129167693,44.786892063167215,114.09396849283121,27.310190301489797,188.83124061726744,234.3390589159892,88.93853914186434,124.46161577935754,258.8076125130666,219.18837354799018,-10.160921800029428
2016,0.0,338.2337051327686,413.1301035813718,391.96646949078115,326.1452066734783,288.2598706629751,277.0674173073935,386.66997213667497,313.3083579336203,22.6282767485377,22.79393418804591,36.352122492976946,50.95877824167428,13.7506438030764,77.23328138167938,101.32442934481014,132.2846072334778,142.96806271139246,125.6081741269171,133.97865217312335,298.0283784441376,325.61839765411946,294.71796502539905,36.05623894309588,57.23196519459543,100.06924816334458,82.85505801721877,54.60326936609931,61.93737383942516,32.251941447161016,74.90241775494485,24.102878653305083,61.25811981001209,96.14971724802695,50.018502879117364,20.4345119037971,-72.80712147585916,130.0200493139048,72.56100802825938,61.978140080325375,23.32542589416971,26.977672741560923,41.41286278903419,76.8610236754688,95.79426435059372,107.38835837038607,91.3117593287177,-14.587047742904815,144.903982096321,203.9306589813906,117.50074741368269,87.47970250356434,246.41187965055497,344.5203595383754,-8.483512087175768
2017,0.0,328.92852140486616,360.34560722147256,367.59602774954436,362.69943927771016,290.6418020371625,226.8017465398034,386.57454007358467,298.5740734304842,52.72566367057232,-24.55245047565768,57.24901212710813,12.803414872709709,37.00741368016622,85.75871576122813,139.37901874610122,145.8659738168193,130.19139012981532,142.73390169947083,123.3028115043038,355.3023548176202,327.6569885570018,264.76482720759395,52.11030371032382,24.57128807723234,63.161610617773704,99.77706755270344,82.25908944795412,77.31458490083298,55.39450266729523,-17.199319093436316,90.1790898959747,55.56397373854884,6.0736209471722304,-30.1831758287326,-17.028022079034713,36.881175114364396,63.00215421585506,77.87686915336917,86.75850869806118,26.710642249983152,-62.68878754937998,45.37384473836141,99.21040374171332,19.8921080410787,131.1452577230076,-1.9472383064899077,-25.520616367331286,157.2173182320023,246.4727213900669,110.84947771091765,122.6315935827106,305.2078095932494,247.59683577895385,-5.667728468065434
2018,0.0,467.53325122700846,380.20725281299076,426.86453236517036,273.3663885066038,271.05240346257574,285.3424020704047,456.79793793872136,345.37341269524745,118.70152566096226,-14.51863873207185,80.8377983428594,43.283688894428565,21.94764242791655,47.582493743069904,162.95264584014444,143.84992806222522,142.82839968799397,147.7883857421075,121.36801796308828,176.9971148445352,348.83665216669283,244.23708595042154,60.369790182082056,48.24034182647176,67.90361335779744,60.76152907323501,26.47083283571567,44.91104132240889,37.64128584629498,-8.966583686369631,1.6439917584012846,63.73511976086536,29.73067734678648,-1.092691320174822,-21.34653229912726,-23.680258417581626,130.65681920413192,80.26815981488596,77.9511587833914,30.22749396122913,-27.09165536964906,0.4236952612210416,90.19795166017047,42.82738308541968,100.47246730585516,68.38357886031713,59.92617687218558,164.22327700001597,192.69219952078026,108.81890242324266,98.5532762412613,344.65617688822977,187.88109511864968,-34.36063288792752
2019,0.0,351.4422363220792,352.3815529731934,392.0544777989251,329.0752150293379,192.0774152439048,273.028130290866,376.31806392439705,307.67775596419125,80.40264960609295,8.019970139703446,46.67405924250352,41.867609776983954,57.157063977596636,69.06632137039412,148.45916476765865,128.7128570780377,174.80413133406626,162.16054805459407,106.99107801840319,227.7658574414544,249.42383347413164,260.67092590973556,34.85214273777581,14.635332477412135,89.26784378235902,54.47084287291375,-10.498947105560546,102.02469072483814,77.46975879614081,14.609458005767806,57.765559083270205,35.96008040622246,19.073853034905028,1.7737013763152163,-42.96414422719397,-0.4856272668349675,13.594781307204357,107.49657792090636,68.3222334526107,-16.26837437847064,6.8931739564438885,2.3402373520823403,79.57138833190766,103.28770164385458,141.31594930220115,-19.634446980751136,-13.600332191351185,171.17866819221376,245.00318263592249,104.8395249535165,147.55951202334973,273.1365195685462,204.99228492374948,-3.259371469966595
2020,0.0,359.36182623803415,356.87581675380966,346.33566771047447,321.9447150523748,266.80269626814044,223.04850550994985,340.52162934586903,431.1099862871289,88.89608126108317,28.303442131348675,58.06269192134528,47.48177363479306,15.712391518450772,49.70333147718259,143.9445745462242,126.45899527124732,89.06918771845824,136.92731680072768,179.84441778734174,349.22388113847444,228.98648560587333,241.4505690006946,68.34641837605602,20.164972619171863,91.84729997474483,85.47451547758953,8.597580468718547,-19.51885704264987,2.7237712371625094,26.455149997932608,45.26392699088626,37.855840415119246,43.10027401869479,-23.073749156857843,-17.233266968476528,6.200566845549247,73.87369333913136,79.37191313326775,73.81376643944657,46.1169447467222,-76.59366278901643,-16.234480998189042,88.15412363448115,57.81583808500113,98.0570991643201,10.792943740286205,36.52714866755116,153.8606424236467,128.52597144175093,79.99860113940167,144.84733210874913,265.83876133528133,304.83831612249116,-26.321783359144547
2021,,354.64517369574224,367.4490361919829,328.5284678201274,330.53648022852275,269.3466170030827,266.6067292491447,452.2056015158672,348.6788530246956,18.39074899103707,68.37498821872168,42.57176446554615,53.318853681712085,0.30722023167470525,26.07990134103693,135.68206500419876,125.5555848597603,126.68133194805796,128.34089928249853,106.09819682036459,364.01201289873893,238.80229023505763,211.094041061334,33.47153926150952,24.007950533750773,110.00801702357342,54.58174473178224,3.543250451989252,50.711151489919416,-9.518536968314379,49.96371896869289,14.64564565226101,47.79312288120843,3.4331917543800046,-41.70177070740283,-8.835613194025541,-66.60772883540756,66.3588717966486,54.9983244093703,54.10931929686046,42.775825591111015,-0.14862318593554846,28.193713495797965,71.82105825307724,107.63174052978536,94.07579801364307,84.34930156256337,92.63685237247319,197.2423462267517,238.9669222306735,69.10958207160797,228.28290151673275,211.39391513066244,263.3061838035826,-26.418091675343362
2022,,375.4758594932073,280.73929651538674,342.7141722657277,306.63187063584417,286.22505603289653,257.42168217258916,343.1239885341752,386.2962324913619,5.717961461688446,83.30622264446731,32.8183285305272,21.654856798840342,18.231611905135992,92.14680360817579,130.18800703660838,127.07958246805867,108.45154761713411,209.95007804956072,103.56538147273193,357.6249164491038,403.6912128427699,300.4306406796487,34.10661874562243,33.35882828769172,96.55128594002406,83.01235816890164,-30.869205336266077,66.26073901302243,42.978185771505196,13.300462058949279,8.540896384887674,48.758104530443575,35.23503487470134,-43.332189768062676,-65.30955148279168,-30.43542513021987,67.45336665795662,44.4808821691704,69.18329112757169,28.321511687201905,0.42018605849693813,27.59901042100978,83.05354420019853,102.12967914556555,162.81844725223164,13.849549702140166,35.29877756136261,144.10538122682306,234.3654020977491,90.08915220212907,147.46793474062451,277.7931903183486,247.39584126231318,-8.481760427540848
2023,,422.620269427351,368.25483117481605,391.4990658682358,414.2780444521276,283.34206557804174,77.62198791662466,378.79116916637577,356.53528584042897,56.54441891477336,67.70042994551682,30.408289484080115,37.6146763977423,30.93026297477968,49.101051688030566,153.16203982614752,136.1990589442023,135.84338111687248,123.99875010725987,161.79393323818408,301.3749578521231,387.1300040571358,188.56091616326825,35.883103919354994,33.5957246594794,80.9832727161272,77.58820072185836,81.6485814502297,90.35984329877317,71.38764480032717,1.528783643369593,7.47755870242122,58.17905711839376,72.56067324264063,9.950970778007786,-62.04974820440816,19.737260329164087,85.70688619844452,121.05786183700627,104.05215380581615,-14.420615044717806,3.811969326956728,-13.11305351906367,152.58287170864207,100.5175003171139,101.86554182796738,1.1622932717532422,78.76610931977882,127.68925442133695,188.6587817047323,99.17722898120803,112.31887745323058,245.7430843737376,280.35150460921363,-2.0913804645012988
2024,,382.8221228208215,445.9014766578504,314.7955073626107,317.6390373089219,209.48641394773318,273.26723329521366,418.6686844583836,457.99011096351717,27.617184902082272,57.11486556907312,24.896974930363285,26.99804786322079,22.403665359995784,60.00057684480305,176.116272246525,115.55928569747482,99.53697708421998,191.36425477161617,158.05764596067172,295.89359426898454,318.9349280050165,210.99696440600303,59.25875024736797,65.54954621735533,77.34675571668481,103.78242668486348,113.54265905442378,61.86510890569582,-68.0622155085772,9.793991926369017,30.576931662151992,9.204222859959827,37.71323889694622,-20.535759427485914,-17.893374389890027,38.90412920523272,85.76443382180287,113.40006740561273,55.97965026112081,41.28365170852601,-59.71374883724161,-28.89349495858005,141.41195899278205,122.24709116990823,129.7652812088337,58.43645413248419,103.73067511881516,145.05928028863957,225.1144807997416,121.6536962358507,93.57544112845176,249.2143863930571,213.58391240442756,-13.223671892982566
2025,,278.3438771594001,450.6024501630629,363.56814614576865,340.9502282042982,281.1132892485137,286.84920229102886,387.8876730221696,391.78046822211365,-1.1242429669646299,44.826096287454334,64.9725617134743,23.80178807285165,41.43350804383806,82.54757818798214,128.77986242984343,124.64756339010091,94.28791394149368,107.9722588192351,121.85922564066811,339.7187468021875,286.69043831701896,312.12372325991464,36.89996772164818,29.02819838077187,97.05390378890718,87.09548633088593,33.306233103089426,15.740810993877176,99.35939011648429,69.33697384386824,18.396847825100508,67.61470181043035,27.799544634786912,19.5105710482037,-26.093188658120198,-23.923311221138192,35.29289693098565,61.694474232420816,62.51350101705975,65.63977021430424,-26.125577765797743,-30.187287085297157,126.46096514699843,99.13332711613043,117.59261857527872,107.85608255401507,9.163398486130177,175.5091248271716,197.66255570607336,124.11321981543938,102.61452008544893,264.5135980588731,210.89275565496985,-23.290537106398688
2026,,329.63826326835687,401.1558244913656,337.9451704562964,324.8346999095628,256.8440873457414,227.48065500170077,351.8535097397596,368.80825321179975,62.212097328316304,74.61953405669806,49.37347423202118,53.76041509986794,71.58892798100999,39.82904418080375,151.41728214597458,145.9903867571204,125.59723830095163,152.02634006760093,138.59746480110448,324.8604679783573,311.6074817320716,290.9657270764285,60.8546849744198,32.280352526776596,107.5919640268744,100.16825325683533,22.29743536575927,64.1166008289739,65.18108622198861,36.426440070532294,9.011648008312818,0.9293589233672037,64.88291035180202,11.512830761091777,-39.022152425217996,-17.4053509858569,65.97812621626042,81.21737964772569,64.37253197913583,-10.085254044891826,17.999128752843035,40.083403021672666,120.8967956843303,99.13023036963034,130.1070902861063,77.12876528823745,36.436207494700966,167.34272339606366,197.08631605200594,138.34972539305545,98.83636819550725,165.25330991879582,251.49906486503846,-41.19111862536079
2027,,371.7602712302545,352.865000285978,344.74444082553515,378.066290108841,234.4652315895872,298.072984554391,374.87711234103085,371.84257316426067,57.68604174099596,39.67201945694126,26.959385425137953,-11.9454517540687,40.8834781129043,50.34752335401254,160.98595196469762,140.7325666749498,93.16700254480224,83.95261015982987,141.4405899819492,320.67829745431436,228.3861389008946,244.57220703267933,60.160468148297014,21.585878011952445,72.17607213896065,77.47784863179209,104.57143083837855,102.69714488174111,-5.365762951472789,37.32463332828206,77.9413592527768,71.30419558863161,44.06035191868341,11.97340361406259,19.93272878300047,-52.542005128024016,67.6927615848117,88.87925012597145,52.48231816416933,-25.11777295150398,75.01882258392004,19.54686300079561,121.32759983293329,69.0041754460317,115.86688190924565,39.8216399574078,45.05534029505975,134.00868320129564,204.70479418596506,107.71629373707879,123.73442367293,184.0221959952196,252.38834977887427,-31.4822199027617
2028,,499.17414021788943,320.4276709472161,321.90317849078974,389.2102536307787,273.5714133250115,308.2979606993392,345.6906220620583,476.63576711771043,14.625877810384281,48.85567438428393,73.8174754506606,41.19440742020754,24.64418580065353,68.9195286063266,139.48324681349618,137.77623541550008,99.18473684595529,94.2272529051562,99.4779455168433,349.591875221652,300.86942365011487,347.67824067784363,72.47122686003604,43.82008059679788,94.21330431164938,49.19221680759074,94.4196631197184,47.096435915402935,49.616132135690464,34.994422366284425,46.932052053034454,33.246920774813816,47.257569494023755,17.547416316792123,-8.431468605924351,38.78959234000354,54.083053743554274,94.4748021987781,58.254700895159544,-15.059922733487383,-11.550411744912253,-39.655024910481416,94.79031748227112,74.57502326493511,121.15157864663206,21.832653389410098,13.979388598029118,177.05102518757838,195.78071113356316,100.27602129866807,134.55130798380105,221.9782757980778,273.60529732522866,-6.720527412900992
2029,,394.0608902285632,331.83002569190086,279.2729882043152,299.6576469843909,284.60458847176534,317.5198321067698,387.7260060348535,413.897572121625,20.42562234799982,-15.009496228396301,33.08157379830027,38.53966779046391,18.128285617238134,24.700730412771918,145.03540190148738,136.21879803532465,128.4935129855519,122.88376437570594,147.46346153248498,393.5214656112206,327.6379059256494,285.9531384112611,72.96879911906319,34.27825142645554,75.78228824333564,97.97491967942256,84.10852668862549,39.99781376599026,-8.765812721869452,66.76495286469401,-0.7159408316872486,41.00179046160861,25.292140894184286,27.370589201156122,-4.790267471429388,-1.5753819495939752,63.31202705185558,48.27736346843301,45.99687153815307,11.213409323273027,-34.623218087968326,-13.494260523197681,126.67709013936383,91.24313427983077,84.90719005674146,-12.723260868326179,109.33166830008872,151.5187195373221,223.82548934781482,71.29337471426061,253.74360311088185,234.43254612167016,248.60752054421857,-6.773483328235329
2030,,340.9649231061743,331.38719401143055,321.6388039712641,271.2771579127559,274.3927074562296,333.2420703637648,335.18334322386556,407.67274301989585,60.12278213914169,12.899233675583673,49.84022782975967,12.20858128246391,29.48395225216302,24.53819111348571,130.1704044765828,130.82150316675154,161.56225629912592,156.68982065878959,133.9236996951987,307.6752251637755,401.0543161074802,275.9814430509099,49.23725768271947,62.303375314950245,63.07743559553933,84.45359503545535,51.57017528383517,75.08408926850632,34.16358863727601,44.844074287264675,7.368577817336472,51.07529950598939,9.394250994886193,31.632497136058305,-0.7100575533429492,32.29046247506017,111.92481598839231,81.2447400539985,44.210557968821036,4.764621234490164,-49.38823888144452,3.076960814288668,92.11522629060289,125.61844633371356,128.37051070846837,73.51140896017546,42.609826983682524,231.7165416664568,174.64969665364458,88.82752591066253,140.02437821528724,236.40413492996515,171.04608812058405,-21.0376204008312
2031,,361.8716833438305,329.6820786828131,345.42493017694204,317.3344254892738,303.73787371637525,284.0914573754697,413.19680923999215,412.3966042749476,18.987565847327005,16.254379538326816,59.13574596025467,39.66275071378618,24.203642263523875,51.180114129965204,142.41024352990212,128.19981808857733,97.30230821138662,142.9495446597682,137.77458376967581,309.49720757729676,430.8733007813763,348.03443548686266,52.538247084751674,8.916967998724544,89.23296600233596,99.28470732957794,64.34799719877901,-33.644915460777725,30.19443353696363,-7.473182491677221,42.1254474484582,66.00576794649112,21.04291037808639,-2.6498211290987683,-5.482174186401153,18.236443217618557,64.20916841452288,58.17128671985688,82.4789507108477,-53.767250912300824,1.9957216911227533,-39.21717841543773,86.5916911947703,94.28444028015974,101.63316596874881,76.53734895914647,21.248839145394868,171.66766107192757,202.89419542731628,126.61646746997008,98.8261125079789,278.2945398639788,225.0098227944968,-21.531696857001407
2032,,395.180216008829,260.01153849442943,472.1784248523577,313.3004908774337,300.73664101867337,250.10784241070985,338.72079951536955,410.61541942162876,35.226397268248206,12.657084406102058,50.05743282121409,17.181064886020863,29.03404203631942,35.92610470141847,158.72940618578423,142.59295047926344,126.95296053758216,167.83129607414276,143.24302480780602,225.6392613025264,397.324422600151,298.757676278448,48.76761011632493,23.016455162966395,68.94576026715663,90.03165928457986,37.48186523259301,81.23170617849655,62.18766191539453,-20.538109144864507,-8.54422442215116,39.38346748785716,73.92949227458075,-26.26409480933603,13.282219876011823,9.537924892373326,80.56040102956615,105.91007501019544,85.80695739022963,4.987095613110341,-7.216120856426869,-35.16615630367403,123.79777357222929,70.84398960006229,109.48163307543041,86.66217955044806,26.076184995629887,160.88717661214946,252.97172394145514,102.9980882518322,203.14782442235207,364.6992733330568,230.16028172288532,-13.304926064406914
2033,,322.8706132159392,339.81702973749975,427.31840514229197,342.2629885698842,333.8619242509532,276.6643175714943,273.2560602549274,372.6124101768401,48.82681995826431,-12.629422667090239,21.26535117280082,40.20089000732901,12.778940524224708,24.362347148859385,158.56132979841118,129.6750903187459,120.47770449003883,125.23956640853748,113.42203887872756,153.93679794681938,306.53465132975793,213.89324396143923,31.373355452936607,64.02899388640049,70.50089548431458,99.49777330256973,53.084031030930646,11.582214015866612,54.86348691670139,58.6811397777883,30.206747657555184,25.734901820061282,65.91279282321955,33.819143543115956,-38.134721428728426,-21.373950524028828,132.67537007300086,63.08762300048443,65.50627471478253,-35.06233442322855,78.18648332417604,78.26129077346286,137.783603548437,109.46147320012437,44.222159986195265,-18.211355958915533,-20.200492793510875,174.8393640148471,174.1683209956318,95.0171568782032,242.99015318189413,192.02406722727937,190.25279899561087,-10.37488907016757
2034,,398.12777308824553,443.36812921666547,399.1140736101824,283.1343399822905,345.75108168099365,264.03092143759136,351.5863712876701,292.727142056439,54.00971399951129,19.53302824824027,41.943726107896055,15.834358184502207,16.93981606414809,72.43148039930963,151.77637342987816,140.49822151533863,124.38337561678225,174.50929899544656,133.68688531333316,195.54605549842017,339.76486766255346,296.7655361933769,31.891574469571992,26.811449491086023,98.19517200034716,92.13719547581798,7.362278681586872,84.30780069743912,43.960266626407815,103.97748095269935,83.21918808775445,77.41485476261846,88.46890239823438,19.818808022166422,-29.568338761561677,24.068981471110874,48.736804109687,66.74675699079296,70.36002814279652,-67.69327715658892,26.50626843734244,17.165607930311467,167.35996910835388,136.98105515750615,119.77118067579784,48.871107899052845,68.36362260774581,148.4928623048969,179.7181992113094,71.79529665645657,98.85969710684367,226.6939166331082,228.82154223871748,-24.082119415040097
2035,,310.1362635046331,433.0503241229456,357.2583306639614,284.2269786297126,463.41534872293954,311.2425361295002,340.6147427927051,327.23480668358434,34.45563699482216,16.909218096502514,67.67934834383004,36.6469699865213,47.36087497460119,34.39156550670532,134.8742036216745,124.91649947618703,134.27622832240127,130.5628770107253,106.038085384326,385.3537902940195,425.06053751484285,274.1263314394473,-2.984327215815597,80.47784325934958,116.92770846796088,94.21975885497625,131.68848304388428,49.83174788451561,32.10424414356953,-20.57958714939923,51.12875459913619,92.88569960832353,29.396907206236165,-28.90484376883262,4.969190185266825,-36.29223714054274,89.16309497603038,42.35061655643699,39.484112263522434,-16.16058985557379,20.437242772555237,27.11252277548806,83.8414153001147,98.91258402812934,120.89938203491397,52.645562502601024,42.29922287473039,157.790393540707,224.2043269776741,81.47721673885076,107.78660160319237,295.2563746641149,230.86113952379003,-21.261339346082195
2036,,380.9209905356821,405.3259555006898,362.21222275734414,322.1674205318931,407.7766432865014,382.63919854885273,352.9362139743837,379.1073299955318,84.73713013088661,19.864985258530737,70.94593697261075,40.57508711590776,41.89380787655125,57.96649207012433,115.08897024568114,113.36520392246484,125.33858847263662,146.03759322156736,105.01259569096453,245.59164018229944,416.29406018055636,339.2480227014264,79.78195070486402,79.75794055210747,90.7514145459503,69.67685061903876,17.222473271216927,18.2572694480682,34.95432661233815,-13.235864378704719,44.03513216894817,50.33434561159356,62.30882656507208,-55.49445653529813,-53.24455803127944,-67.75780045533872,91.42458716209433,48.524431368960904,31.520618151432927,42.459295552447315,-1.401333238838106,68.37044161078552,117.84272888043779,73.0501241019532,114.42976948453986,75.6908219545046,3.2187426497915794,169.5178339708442,188.5197525776979,101.24399359014342,95.80900128627013,194.3891184432931,231.17611165275707,-10.387804016457721
2037,,410.2242529631143,373.72264905710557,282.14788884803556,351.47041194097727,317.75234092396056,361.75985258908923,308.33310959112083,430.69083269472776,21.409913091709313,7.441273819294679,3.0670520907317496,49.09787582108822,20.440724219979415,41.56712392561053,153.8387687860627,122.02722992930262,82.61950158007664,149.4189010329053,109.58873165597072,296.23634016023595,412.00477216162335,349.5362019776105,22.17116894510957,38.99255743866979,95.64220950853417,79.33660606273077,144.91969457268453,93.85411744030603,-49.66778970367909,85.27056005243014,-18.663238654972815,59.55632006272924,52.23902128178872,88.40301641485485,19.09704908299875,-40.066412207235544,38.07044725984599,59.23182236010268,23.164926580146584,10.679844684877025,32.19533583108034,-15.097510450330674,69.84661682960245,53.11923569616306,84.84038587360828,110.41762698186437,48.21044561608289,195.55256325894857,172.2032591339231,103.14801862881518,199.26417565532802,193.05218931452112,249.65310699768088,-9.726068888584905
2038,,354.3590292926752,342.0283386951805,321.9620012010497,350.0286449365251,334.9769427841909,298.68404122990194,313.5201607418306,339.81211033374575,4.510184109506099,29.349880287583346,56.17469164714146,1.8115500643543783,23.597167848072104,74.9617600271689,151.12308086069322,151.28052026084208,145.77354155828812,120.89015302260634,104.31584009334222,310.37003354719354,418.93871875101115,350.16234242384064,52.004328002993816,26.443025699703185,105.6108509460671,89.31380963128049,27.667893661213498,21.297921520707177,45.64881844163324,101.36797185651926,-11.430900446922124,69.60282402020334,23.526279127878638,73.82477306379542,-6.500213868350443,17.687415730519433,108.06959263155136,39.51583545670621,46.3020130388162,-30.388075307077884,-2.8911605754655056,-3.2073625490968425,113.0980587577285,129.11727703946895,105.15330911014632,8.007549891640792,82.21378267530804,180.75707101183946,163.0412883428544,72.30389217514539,121.20386099530697,206.67087105046357,200.34874992317964,-48.49724778200846
2039,,353.5416758817493,449.75610768205075,354.26545968147184,316.63667234303193,348.05907955220914,212.351079483483,354.958204708174,302.1367434200022,-1.91194498285995,44.72995669511624,44.49355693628604,13.12437357773831,38.701913274647495,30.110918555313447,133.76515999687172,144.84373853754494,111.13592787449386,112.91077534207022,149.67588183737428,360.06769634490433,434.22867938781656,266.0458989399276,29.121078720021274,64.30185896881778,120.49267256401777,75.26393940673483,98.4205744533308,48.00607340705369,31.12790750525062,12.709582586455781,74.47581134769189,34.93072272170377,53.243433422704584,66.40543534825144,-3.703643996337405,61.5335483883656,96.41905149175022,45.62626513762223,76.24284882460711,-78.47659621529237,-51.7578486267621,76.24842729563215,142.30653901034498,97.24285915064218,95.67854652797416,17.707686907970356,47.21941236680641,178.65342441079906,194.2528245740441,85.21285961558146,121.55905579770672,296.14080232526237,314.5444838020144,11.72913126967785
2040,,409.06748201070354,493.24529019176134,372.9801755080954,305.45756147798727,381.48235433993756,265.1729549081401,366.7352719238919,330.146439840678,107.34019002683328,7.565288408716015,49.43924284116201,35.22799342032238,22.117917358874365,66.60026961708422,139.75809981439727,100.04356718394058,148.9023531446212,168.291986955928,148.4289961154583,223.64728320807433,413.38752981716755,282.0159783828344,61.138906167838854,27.79896488076497,75.59400444585276,55.130815997411105,58.12274269962893,66.95258589512332,55.62744510316031,-18.94507347862816,6.899539971454033,86.19424688943911,67.56641313272848,32.92273900969417,-38.55067645646875,-11.506478145205051,48.705947900804176,57.29445956982704,61.465052764362554,4.428439684404907,-25.51410417363047,-15.402353090376437,72.69966792194828,110.27915588876556,107.49685275447905,22.571134898118544,-1.3375344172703763,153.76263652583884,205.63354736065412,154.16068059090117,142.31351720074963,288.998000354473,230.1663980933156,-4.9980970722293705
2041,,429.52448284861305,385.34187067280556,349.9649624630231,419.87288708874337,347.3229073551314,257.2221677688173,378.26567304477425,344.89244579960825,64.46405542028992,8.25132129734584,45.69838279082569,6.747291043952146,38.61217721300818,44.52985181481881,132.3268280892703,124.23875125009295,98.01636531702184,121.8042072466867,173.29611264373102,334.56472400412474,400.4881656817828,341.4756925984602,34.026716211935764,23.345420884489272,70.42659029488686,89.83935132832983,15.74903975500331,11.316341893292247,27.93688057527254,58.7803858417368,-14.714343593302829,54.944813060995784,58.305132807947984,38.72232386718895,-51.61232489661518,-73.27585147435946,80.04405854442075,78.7179799496646,64.14631699396773,27.30322026618967,12.8446742852027,11.923293247136712,88.79212030959332,77.19819856380866,108.49386166837849,73.12980715511344,24.649751961537277,167.02097449970756,164.0743490484807,64.58156272001065,170.36274586194565,243.69374938075896,224.9150464400168,-13.838419854186668
2042,,304.6612398022032,349.6697132187135,309.58277101159445,440.86976209416474,362.0213475622628,225.08857387893573,385.44290740296077,279.45372160565563,87.50566081743966,10.413444031625204,46.117965188073754,7.227521881262533,47.41306659354325,92.96117919535573,172.08176671063052,127.58046864776418,107.8361726060416,164.0857875790191,164.50663625661582,310.6095381351332,454.0128961430057,300.21115267676066,61.107505272621324,81.75883956036967,96.83993089692262,71.15883340138498,56.466606650460335,21.903919419300905,79.77815203771661,31.63521734626613,-1.3496668785569454,77.70068165141208,35.214567816279555,6.062505365439506,-37.23101527194797,-7.570771701429408,50.02932917622593,73.01729301361979,64.8308553886659,7.328517330946056,9.46945887450363,18.130474546404457,77.45118871138845,67.86671500041416,89.29303529911147,27.913630876317143,50.42835143463094,159.71433849045889,179.16012939830273,107.17740697647616,152.21172625037923,276.6577820736453,282.8681908180521,-19.505457911642907
2043,,377.01679060394355,460.3842082015277,383.06852128824784,286.51989400922065,358.2880553791995,233.55997583322738,415.67550355649024,281.1110073316951,12.170316280965835,25.631355572404686,41.73033125355619,55.14076426008944,16.694184543136544,21.50312938895081,145.8335299674718,137.71196412611062,126.98264582108925,160.0835678009778,123.7171623576869,346.46789111343264,333.0196836696682,240.50602954705437,65.54562394378183,45.22830442448242,90.14176138481173,36.19453693777723,69.66230499783603,87.80088630372632,20.34099975429615,92.80934812372584,23.500040116636455,57.45186229992407,25.502610496418356,-30.294280340697014,20.685503347780127,21.172452564018727,18.322643075722453,63.43234363907948,45.460213061964396,3.0151094487994214,43.62648835410005,66.2370333825188,92.44163720674851,96.68688932940472,69.97791124597506,95.05612066197125,5.671558603999188,187.4104364073487,186.20488049779,90.3817530488102,158.01600810826983,146.65571100437933,219.11826940864466,-24.006243824070452
2044,,421.44801805143504,363.1768400202976,336.8285498728429,329.6310325197811,272.98622842531927,244.3193632569612,361.90318623410997,296.74044473226917,39.487949600486445,41.94878509879618,59.541757308896194,34.55932921987994,43.17820964814132,87.72322959587257,113.43566803591045,139.08537345788034,142.2184739788638,123.6799409828269,181.55478433978033,377.1448242780066,331.4388543001552,232.08394864610818,85.36254390280135,56.24035078036775,95.4726937971468,87.71778263644353,86.22331762202953,58.27703119824969,82.74976301994059,62.979443251768316,42.542984218372794,78.34993431292344,82.0499525801506,26.922415226384487,-18.005829810062664,26.5021814442332,73.7179761948413,42.99920370884536,48.726054229563374,78.46793537809435,58.304826761830896,-47.88940421629218,119.8582734397072,55.1243036520616,115.71924915855209,17.652359087637024,76.13870146094621,158.09168252698328,224.66157709309834,150.7483051779585,116.99961076170143,189.4610763086347,221.0199367024204,-8.695509623771613
2045,,429.4227171929442,347.60290359532576,308.2573582596228,328.09595586443936,310.59224409132787,238.60076691346376,315.23490789425085,415.4844768281321,68.15509078806087,57.52400905692366,36.78303345100653,23.078343952956857,23.10815250514395,40.592565341697764,118.35065086692248,137.17825175305381,109.89128172955907,167.61524667751667,151.55868526127097,396.78600227817856,392.411626366433,284.85679470371747,69.31230378305679,17.55009429896222,54.955592175472134,83.0425365278943,-2.7346107619223403,99.23023170708052,8.853326887348885,101.70274775778864,54.75404543630691,59.35925432969975,25.941364101731438,0.8012577802425085,10.906205393677055,-5.731681439254089,51.6752105312662,48.22481559940809,58.80210009621089,-1.027489083935052,6.444701098892665,-39.33567900109597,81.481580188782,122.12122987527914,157.68543000908926,18.408653237409226,25.174369569484725,163.77091829779738,199.28635295809727,104.96137719666467,145.12333300358682,273.64751128691,237.82742142598875,-40.823814316614744
2046,,412.0574028272614,364.57293246221434,371.61893710147945,346.96778410382535,339.01939827557993,272.4392752341111,407.2978401002599,438.7358045252763,110.56208890044468,32.30186915048273,72.07165015291355,21.281315517727876,23.80739947549148,30.936456241046017,147.13348800339895,114.56983895869223,125.71255779978583,154.59143876983853,143.0986289215183,257.71084731658414,431.84579539474487,268.11707078825145,17.975559195447886,56.655230227591005,81.97315116856612,69.38225256949568,41.55618998683849,59.93814361717409,40.53642829407056,76.35078322872391,5.195304643055465,61.70957817975511,41.199488171644134,32.46369706248015,-26.987353693806654,-26.98186785276289,79.54224477994296,135.567778096501,59.865671907526576,-6.111506006267746,-13.67399842054408,-9.278259408805184,126.51543095482862,75.8540028410224,84.53911218959342,64.0716156632667,-9.121287537702642,124.77563874017835,186.29934654172894,133.49202401767843,121.28294859523749,273.20368126944345,234.9311739721211,-41.05035688885005
2047,,376.8618455230601,418.61598233185964,364.74023318263784,315.62078912829907,255.7623073711192,316.7042898287358,356.4615355883193,417.3653227670442,47.221997569954965,16.476920338365062,41.69403759119302,43.00437195696986,13.917739022933347,23.214493428580226,158.16289561669305,166.86415526261737,126.27351321118726,132.24914370795727,159.38920559029782,254.83739929543913,291.7585878092657,307.89068679504453,21.877772391486587,69.27455614991368,88.40158260413614,65.88392191233231,67.93711330661449,75.38295524147782,11.30892989933875,78.26964627234952,-3.5637644642537225,78.65188752495328,40.8431979125271,3.7933146274864384,-2.879262014184633,14.462905504445644,58.229424457933874,84.35835721889237,57.49287745680499,74.38340586393338,-57.02999283100428,-14.648888992401453,59.308472065204114,74.06797416617803,137.34881548960766,59.30014124401032,66.87845690386393,149.25862993209273,214.6515069189793,82.37193455346323,109.10800920526799,298.56593832587805,222.80849685186377,-25.68246301573822
2048,,445.92071278162507,377.31837818808424,350.2707846723739,251.61134181105575,261.7038364139721,280.14220784844025,360.1541931961568,370.5212907175727,90.6486654747124,76.9945261592377,79.67401169882169,40.31950760102495,47.907890942259314,71.01401179030086,120.46163211216049,100.73162274336374,144.29035969433403,124.52223936393784,97.82582556594821,343.57592889720604,243.58990584513288,315.0109399223412,63.136404074659595,69.47014847050389,98.22841348629743,72.29170737795698,27.374078321461525,15.898957102470717,-41.20168239556767,108.4107126132742,122.69541598283581,102.41349336018527,36.77825690678549,-1.0387134642754745,28.66382293555432,23.302839338522176,48.81799508489928,86.82704579500728,53.920508800165635,5.12431520131031,-43.294900863553266,-65.81261178035788,163.14628514377398,60.36935479645069,107.38595998156597,40.472739421414644,84.56737854032906,189.68754986494048,194.6457472190623,88.41762827640798,123.82341177097885,243.99443668523838,209.46945700192305,-1.865841958576425
2049,,405.73993346508064,326.75106066771053,369.3973030971524,288.29538885609014,238.66510374663437,261.91938097696163,372.3348843703185,384.8332969685407,31.42782086036391,66.00263572454139,76.87563084684643,8.73647386047844,22.985748549929554,22.266037403387372,174.48234315412378,118.10053727419654,87.1909342449901,147.39227614018694,165.34090949076813,370.22329988371155,262.6492298973344,284.6330539238213,67.96760884254263,68.53317767090493,128.5234883120536,57.558987041495016,58.05843845966422,40.01919719647776,-40.71558804995766,0.5696788238058161,40.39613239748621,55.69926403817999,52.972061055641234,13.837445656437922,-23.989953679200084,5.0266119228283515,87.1584365488593,40.819310552575985,67.23106522168757,8.091633424981637,-60.788423988528166,-4.147388377049651,106.29217772592392,128.28762968384865,97.79145259998745,21.055113848881547,-42.82764874012662,164.31062604160525,176.74117564692892,82.19066865949105,89.49858491714383,226.04196436723294,264.4952992876848,-28.689706676410196
2050,,359.84300446730555,384.7461204114906,317.114411358878,349.68126803740125,227.4194049500811,223.05224711772186,289.3614036063151,415.02500590880203,28.63597146909524,78.90506540568254,47.74390241205401,7.589239420020249,66.61326497351854,30.342841856459472,158.02129230435162,111.69643023234084,175.9421059761006,173.95745328881753,146.17725961777853,316.76924238403274,327.65094199697205,236.3600490313862,58.66003810239863,73.99337166679163,86.7717908009347,68.8253135864685,12.919232688540887,-32.79176858522146,68.65123398503954,51.92400078222238,-31.73922165129443,112.60977441242244,75.49727488745441,23.44506011741896,-8.399223055486232,-41.97302274901244,49.71295543258327,71.15219422703683,49.5105402961733,21.138316887545216,26.356801484376206,-0.8088390153041018,125.65142395883458,90.07197286067799,62.21796036112892,25.2539401259138,47.95896920301834,148.27128190106987,238.8079442847776,96.4625609471226,89.09259979091325,269.7768478655412,260.26235647378076,-2.7637448208988644
2051,,338.3426236216595,446.01179064106975,330.58141110490317,349.9128036789117,243.3095341616928,234.50849903346491,281.000387978852,406.89582417696266,4.911743322247048,73.1272005968541,28.24429070976953,49.5353276566766,49.33244468548946,21.73127427297095,108.2835406562333,151.00386342098318,128.89362777081226,182.875818995636,127.07911186016668,332.7801224514111,319.6999715315271,254.00461732214774,68.27215224077099,56.24046321823198,98.42072477989495,111.15356564444096,113.92248349845693,98.13686384691914,7.614536636924868,58.445353194219706,56.02981676820093,21.336926902153095,8.290386720489892,-30.999893917324925,2.451187527377215,-53.880444349361596,72.37485974855588,127.36157799606372,59.71059235876896,76.75023144477905,-33.20913679889304,-26.233205629015174,84.6570476162949,106.3616667616842,133.36252780938946,57.40954190938385,63.03297110051062,155.4729482036746,143.11414876253502,124.3504434394547,105.59976076157773,271.0456636381771,281.66750053289593,-36.30950950464262
2052,,388.3716891971409,434.92943744404477,349.3868283868484,191.11164605310378,186.75020810053047,242.20026938549313,278.021391159525,360.996549506708,78.3006885317335,23.49255728976641,44.8899994770552,65.85999069833349,46.19166846161454,34.1501291746398,172.85420849651842,143.55757767114062,157.96409052134322,122.32798679912639,141.85359829422714,280.5821422869169,274.3159777626788,238.74682053524305,62.617921695179916,32.708074681718244,76.12779553400958,100.72370637841993,71.94602439196831,38.906629007344236,-14.825077697681309,75.1630650218865,36.653003934900426,88.75121742088743,68.47231074002605,21.874145012463373,-64.297424375133,-70.19118033640507,1.1796331834623288,44.046299919499916,41.451423805250215,-8.447839502030547,54.36396452413783,29.08691834581373,147.07005044979212,77.21092934558806,78.58446775828702,-2.0328489418330946,41.011569799524295,157.394218177678,287.0183431176187,108.74796603917434,96.65044194410939,258.6376277725328,220.0542471103273,-18.80509774226698
2053,,322.70072529789877,363.67545456634264,373.781841507057,178.2527724752317,227.57002756575412,213.73686710077575,279.59357799400095,316.3961292636194,16.00914685381167,5.234818172967721,94.51195826777257,35.26449530683408,11.45114426988107,37.1423189228675,100.17212192088846,146.34375554075257,113.60273251739625,133.43682683407349,116.53037034195722,392.8480857208102,240.9970893449788,283.4869582256349,60.963181619663374,44.85896799343084,90.30516231585273,71.46059353812063,99.29243838395291,4.10149319029756,58.64574035181363,2.0430773386848387,79.40083110616149,69.33474629374348,59.54285852713633,67.22238469565093,38.68549698089646,-27.412766258114857,74.5849637559503,97.71388507985046,58.948254814646816,54.25844602366351,-6.432474114459524,-0.6348113543484715,148.09303243640522,119.59633068496464,70.04571252126038,57.77088822641633,38.035516390336625,153.08280877407685,155.40770443150768,137.84051480048993,172.2309105976044,245.24024769682967,328.77335894248296,-48.992149133528756
2054,,480.4818312143606,410.9466321241133,400.18757079999017,276.67885181761574,209.73963460964535,269.23336677308873,310.8719159986878,288.67723995431334,48.00673972566028,22.781767212518844,70.07981259776898,37.90130433984257,8.820060438734345,16.252040604384092,141.257061544282,142.27755342508988,95.94564640444639,165.98339837591027,182.9948636542017,315.70339222014684,264.3203185320549,224.81451887329956,76.04651106523727,59.83884369928114,112.68610187070499,87.61858745182212,45.643533834907316,-14.975287835731251,53.78259437009024,-1.1760591451688924,30.05062962651516,68.5162696733887,60.7967667374985,-6.038405660290891,3.274296976323285,44.880252609602735,79.6199929046827,43.96754753510834,17.499673572149163,-20.41672284507058,15.289692000333389,21.671109116473986,148.9603418729315,61.20308254732356,105.39525529682135,4.141038618960124,-32.02667188530279,185.41601897389523,172.82878001860718,134.37269788488777,144.31701191126604,235.68465809042516,187.08789221008135,2.4642708180576847
2055,,365.35774852604277,457.5032923125446,372.22856977374084,219.34573702210827,267.4589372715695,244.80378744638685,284.459111054504,278.24427310069393,104.36935321125463,26.675247501677063,46.77228387308344,14.238558088056152,41.28558663885758,48.9316021401894,165.61541131518618,134.68974045111838,132.02263910826116,147.1722700610601,175.67096534512348,364.5318310063128,397.9898839344986,353.3521197478424,47.916034774447326,61.722587356804866,99.87312406833053,103.01982892850344,-24.33100705979541,61.21302375143978,116.84497149537549,75.04526174994487,61.80585398537687,83.06888482418901,58.33423045813197,-3.0898203147817185,-32.183745915515146,-23.135608830520482,72.88693784464897,55.362985589115056,86.35664969740674,28.909469911589213,-2.8646719734132375,44.38046893833632,118.19991129184154,130.04656011096426,178.5150934833531,53.66958880274569,59.02745014004029,155.41595419851092,170.41094276914453,102.37554554741394,115.61745072885253,231.63542479905072,225.78953364535982,-7.021672430045896
2056,,496.6868397125579,316.5873443378282,334.26082932713564,198.60652378903586,286.101414615153,207.24750858686522,307.52300870569786,259.59240102847343,78.11318946293716,-8.8924337896417,75.32713397201587,15.768213890280549,28.881748919648544,62.22961212616838,151.48654834282308,107.54873333705109,106.46892473001344,129.04250348230744,174.23425324366735,333.5099761942305,320.9307090580718,278.1214530304277,88.78190968004571,42.461123602134535,52.02360448357649,83.52134902897012,73.71492053914199,107.55416866644396,9.820204819618311,67.65871029410789,92.31145431812638,93.68114047696486,39.32775705193069,35.23525887806318,41.5088334280905,-37.146178927381925,51.019592058502894,40.971412889823455,19.025232962334826,-37.86650387220584,23.807477395188357,9.47364025156594,114.21023948389882,94.94118831763387,128.18080926765606,32.428533253589535,14.140322470099704,167.48391811251133,201.62823959725597,102.48785202004501,83.60119089573766,180.5285972325346,335.6225896268461,-14.163106257762365
2057,,409.9378421152742,335.8972348917823,335.5590550410926,243.5345261298371,262.85140508403623,220.76249780494743,303.6413690999084,368.9635822333362,10.025218696136562,62.030816925394106,90.98891480947805,29.796973251339068,21.801369938105154,78.80610329684191,159.28147417190928,124.25858391887675,135.88124091203133,169.59592465695755,133.95537241050476,341.17496696160833,365.2007958583695,298.8865295070184,56.12617937149355,45.818716725194804,75.0054767030706,75.43166708591036,61.06148014257349,-37.6118639309891,14.830319780910031,62.235161236438444,25.590320759552014,42.902426638842826,71.37647993875134,6.248575545100607,14.558324895230953,-13.799851921939762,70.25016673251446,49.34188143399251,67.60334555844327,-47.40645479912223,-32.98253740751261,-11.53581854562617,87.32612461835686,81.11891373987214,64.0123226614113,-7.538003686101092,56.32021664042202,204.96482315505477,208.3605728969021,75.65656524962901,101.74800506056874,244.54659591566792,287.3133331979093,-7.592604627853234
2058,,324.98116834319876,427.78299761096673,326.5109558425911,366.8772756846844,308.5879223217598,178.23527648542213,338.70964185150854,354.0306198707577,35.05333540097331,40.445988735873016,20.058087631284707,50.96884982612289,16.9344662969238,15.360428585531281,139.64253420158514,131.0640523588354,112.41366921919757,149.71029856873417,154.7300028047639,290.7534412611084,321.5792772745539,210.29080045740142,16.16837348517413,47.53320541535129,95.12276661291844,80.18549406912575,57.454840636172776,-24.519253102761922,71.57125583850632,14.863643881204098,10.884964766241865,81.4060670865232,62.59054990487232,103.62256438413806,15.47710434610292,3.503899855715872,44.245469352838654,40.10481959772005,60.085114940893845,20.846634104535497,-15.306627370596175,-7.962772311452682,128.90370597450112,82.73574741866207,106.30701830436101,10.90206449611344,40.47585212127933,168.02007602665753,216.78147136942454,87.11409160886615,166.35728926932586,220.4902333618992,242.33097659853127,-0.11394135304635711
2059,,317.4813642444436,394.6609325007663,353.4048646510111,320.806778933042,227.35356644319012,201.4055888876537,326.31243282831923,334.03087581585845,24.20906992257744,19.017790533384073,34.81347909441547,38.74657638900908,22.31782623331617,55.71802928915338,136.83176167643603,113.09813957930965,149.03025442511648,88.08380345797093,150.5871132839717,323.90974452921307,337.5162136090493,199.20876565602555,106.24640678890489,85.40468974021769,56.96662813243415,75.11999088308494,97.36757811537939,50.605304828396584,8.771293239627312,-70.01644460653097,-2.9027692159116896,45.888892759370606,66.35771677924527,-22.440421886172544,12.944035048145224,8.343718392231267,32.453165834592824,124.0620765893118,36.74963733942002,-9.648068471290799,30.930695386625302,-24.193379222093768,93.56876402144337,70.38967754982832,100.29648734763305,27.78857586748336,11.14055751738374,161.33191545899638,229.92417562008097,101.68565270955344,161.44754099497504,245.46830918576234,207.73182591227157,-4.223817142093139
2060,,306.22759409588446,352.159828837013,357.83491814792694,269.69049691526016,226.15177516661032,238.999276461452,337.1945415858657,329.69743173889935,90.5952563015602,3.6926102522854762,58.016440221612925,20.52342842147482,29.60560526110828,64.1096028976076,118.31309991518503,132.57534033796173,181.9033645574067,106.10720899564808,162.3666193003345,338.1232930080288,222.34292108511033,267.004288655476,69.9753618676832,69.0019840877161,97.995282787978,75.59473949328697,61.741491411166294,105.15746874708964,55.87128788469931,32.410914844440185,16.267797458253085,37.54276666078226,24.60863587101005,-25.955414489896043,45.88265732865841,-64.70360095921728,29.616841813852375,109.18025540259441,82.80769826128562,61.24287513917511,-22.904104268995752,55.90799608943337,121.64113797759717,96.1755283325025,91.7498122474343,39.33779443255992,-63.25403458259109,103.22686184813574,166.5033194540789,108.35384342188172,142.21935446852035,147.15842256174324,205.17864194528977,-8.695356941936666
2061,,338.17120364027596,391.221640542499,431.3603697020962,278.23706859774177,123.96079595332918,307.16886932452036,368.78507452594016,399.29968180398265,1.6568933235062104,29.293144474881274,74.02595199077393,31.628559653945672,30.306711246464943,48.753087368790375,158.5346889423322,119.27090202300406,131.07481910455215,182.29558421473882,156.03641166375962,350.74504563537016,192.82742282192407,248.21997477893285,91.76112390761432,68.44290488117292,85.30170294169193,92.63455133503737,6.911298207812706,79.39722068751178,57.9871400484559,-1.6009426313598851,74.78512203826006,44.83943752987375,36.10900745322317,13.259519112146108,29.140720799451174,-61.60216039273166,32.31433524156887,84.4915881851316,-4.29689355589619,102.29437643409221,2.3720415390583867,-38.835923175442645,89.7348324156286,102.58495624898569,111.09339340526628,50.450658713395114,52.73920165728589,193.59095970530916,189.4111879492384,84.19369319884345,139.2920820515601,175.8432545605715,178.2857875215509,-7.156205603798412
2062,,331.55247761348755,375.3815990146954,316.6820572851825,295.0016832267481,293.4874795330428,280.90150445786,323.8785379957455,254.44991950321946,35.99768631914333,13.507047353282587,52.10576785497324,16.892617948751308,49.50489873413858,32.04793252237903,160.25565530613562,114.85230600153955,140.08890337688104,118.65380145243262,104.51656215454727,370.83112967386876,212.30360014178143,318.4710019286914,57.07265144536859,120.36482568574093,92.56616037561196,91.62235953457844,58.80729478684793,83.21817770060193,35.275354738498436,71.33146593859772,39.138209287612085,98.16227292346025,15.399344074397959,73.79762837171825,-85.37866707035607,50.91219029606134,112.2540974822947,72.94738737623595,58.060807457732835,-12.12250637669888,30.11929138686412,19.29358031143056,71.69344003752485,50.79855061313765,105.21638389234818,139.0206378024052,64.82678152394624,120.00686791318401,276.49773787177776,99.33754290142792,152.57653320249983,236.88072076335925,187.11080524155852,11.713528810988464
2063,,303.2594317759,386.4191989203269,268.6949742767779,221.828906669581,271.1949423302375,210.9782655858384,283.03084157652887,268.40948487601577,25.63809692804648,38.86732962967915,39.244733201511394,15.910809123387025,84.76931494447683,69.46311226272849,123.61318296060062,152.73059679578898,112.57513127178481,184.5699229614205,120.14785696645276,354.9322624649544,303.73617554785596,330.7475219058921,65.8080035467741,84.23412376100543,104.4185725328141,93.63983146012117,57.95125896049183,-9.871736576158582,69.72431354867967,6.070810771734386,87.53010220934027,73.24595517971602,49.30699270916682,18.664066297102863,41.27099645098451,2.478226399428195,73.63948591537314,60.57744355871944,96.54547627422323,70.02546627748416,58.24800397124932,10.322008726326771,79.30543876460706,100.23145948519505,97.83895669637013,70.82305672655025,35.01886413216084,248.7032995622326,218.2651401806674,91.47682593581942,140.64086458724853,253.89350778640858,286.885259779697,-41.035552826253934
2064,,406.5043143900382,343.17535888779634,256.3771400854456,214.5349064072653,245.85009313230876,286.29361176871384,280.59194802322133,296.05514864326346,54.14288339652876,155.77360644821908,53.21830887503427,15.390920363125588,30.594237447533487,77.78340940492183,164.12043919419193,110.52610151101601,121.25177799045616,138.93716939493743,134.33453595681192,335.12933001961426,287.27182264813825,241.31560077058248,49.115542225535364,70.07294795023165,95.53593910810025,104.16513436603714,102.6465533028628,47.86128505839508,16.764401866962203,73.03786867523138,27.956721497234184,105.80148583462483,80.02550075019315,9.986421315849839,17.15557685009344,2.836688250861812,38.909968793413555,60.59193980189616,27.7176223387155,-13.467781564148709,-18.048495928390707,-38.429180515274766,107.63330920871044,44.460527162381254,66.08127241040393,57.14621683989901,-8.800546033446608,177.56900939482898,128.19470977856145,81.96189712657758,152.83821428983993,284.027316279675,234.94787619166607,-11.965454250214634
2065,,322.7797040062376,338.7155066497912,281.3054507477292,123.86177302674713,289.9901791067638,245.37340957551254,323.4268376598364,347.64860577717207,5.009942281498752,67.2118489440337,67.75864912127304,22.370992437530504,54.37311369137774,38.74879890397483,154.44531112298887,115.71480002997134,103.21016872151472,160.69452170057434,176.12734389050945,315.9823644620144,313.9551778321712,309.6577621503915,46.43122035299507,63.5733794729706,84.48883314679733,78.63034399255059,-20.934421868161508,81.28710190532388,11.377260679592382,40.014728473429614,122.91871208856503,56.49600652101549,48.97279997934481,-14.726613989450925,-42.926409156562386,-31.723897789692955,60.46281330766101,71.44791357826807,51.21971095364768,-49.840394259384425,37.97691255136908,13.19007572683006,106.42000058252347,96.52534640970248,146.75743256529336,3.2446847149451514,-26.069737304878117,139.71790546770615,227.1063413668934,66.49164792147315,114.14340313120431,247.10426973346614,157.46344810326752,-8.543833621171188
2066,,345.36507291340257,397.8454111596735,276.69044142898406,199.9666875359763,113.8204534758261,145.93642657127998,308.8899212341804,388.5359317017369,106.90327481370582,29.31328908453952,52.49288107055554,12.87486595246446,70.41447851782095,67.05606635422112,170.23417515045446,143.4394346865115,142.24195534066064,137.520435310984,138.93621966716978,291.0896012041952,303.0826623430629,263.20480944544227,42.42848115873926,62.77062457207387,74.2389525816385,102.84487172159493,41.86919871512009,31.662266462771527,42.009205454164885,4.965707485087023,-34.06240843781336,86.37080064166764,60.99042456934785,-2.3281166229191967,32.68888287429456,-29.44795899519636,135.2450326081148,79.971889318134,54.12322075503653,84.47274200231891,18.943726803052414,8.126891906074206,121.66848428187609,64.47431134189912,144.18093601234193,65.94775839919578,54.51385177532859,151.3854063516901,216.3726665880422,85.81830746462185,183.0464696341827,340.05458997464,287.3465494564168,-30.559333563876407
2067,,334.3777788336766,317.5218062632555,434.9364704246737,124.4248564598947,205.11439620379156,235.51986216899698,313.1035913705742,407.8897535480006,69.179730824859,39.90268077399196,17.888990408582117,47.24283629208708,20.0899830335386,30.09261770285525,169.84390322547563,128.68561383637018,128.6443284910339,128.5456151054334,142.70184985313267,245.66548343572327,246.08363874495353,326.5173506984669,70.36600447444494,-6.632320186649508,87.49010747505292,70.83293807979533,116.47389878729837,132.54810906567764,37.63753091518208,51.21631172104105,50.48238855137129,118.39860038080485,104.35228084881896,-8.18253469656031,20.66393566402803,-30.631022925438515,107.16908391986544,164.49166821066683,13.945337933948053,55.74215974005631,33.30342638592538,2.7003008733832985,123.20814849706517,72.36496301291209,91.43630610779599,19.80022163034505,86.54695986722174,209.9503608334519,212.40345110986937,112.1620454046489,166.70505403976586,213.36092504389558,178.24503706763312,-27.925354187999574
2068,,337.0364809206952,373.06696282910957,278.53407965946286,248.9184189270963,84.3395179473855,274.22455312536306,340.1667982555018,323.80959517991613,40.41167305677391,18.20335348712524,68.34584063735315,21.64456795107526,-2.6391038493827637,88.24163274490093,170.05264399341092,146.0745849276368,138.17347387517748,91.72109991757281,110.91095667078775,220.45724536045532,230.95023014450993,247.88688002510764,59.72306347939309,36.66961714588729,74.88257938402228,66.57250829124735,55.09069860058332,17.72186553604365,96.90028735814792,24.90199731682901,-39.91039268860072,100.57289316193021,67.07345994040315,6.088299321496834,-31.290703513300855,-61.05075525575933,35.292663540627245,127.86730783085136,64.17200244336777,70.98949203473398,6.74529964949852,26.9407289126907,68.10988234355659,59.430639740954916,100.4826672589736,40.32718751313689,26.42894220040455,104.1006904600606,214.46557336652722,110.09758438077392,143.51545963008823,233.53364654789073,259.3160309530308,-37.15133817280275
2069,,394.63631678074023,337.2866622917366,286.6575104448656,280.0036933394637,202.3669980509752,226.74131943275927,275.8492569768059,301.9147415035691,41.51544986106717,4.481867851691959,71.08187021871765,57.38738077140431,85.86618428328154,12.970261916770028,126.19757887476499,93.83375927264842,162.4663819389291,145.97298870925556,118.60040991340452,343.62528786416146,248.01320471170203,261.12128313803714,28.324749210598952,41.76379122595904,70.32061484433996,95.26132478292061,15.766432396477398,88.45037296743317,32.95733866841806,13.90760078961489,12.361502275667362,84.5689488582849,51.05801313475854,29.381006604303366,-29.29375720166604,28.01878966318236,94.91432266004676,108.69698893254929,56.26347023597634,10.681902775877234,87.41588053946373,67.48099469658098,140.9766093419198,116.02136157053144,123.60362458924328,42.9847162046392,74.29015123544923,136.65403987453078,155.0445656356046,108.52012660938885,127.61699127918621,163.15590971941447,299.81330491961194,-5.068393635607208
2070,,332.01283808460073,422.34494021224265,308.2141824961783,354.5400113833832,257.00110517379466,226.9434887178785,257.5913748432369,234.74368310715954,42.911352069459326,-4.023263187714747,7.1419537386241245,14.348264132366012,30.445642035070364,68.00862853304852,124.59156777612748,145.80994509941593,117.98399828439801,137.75788761199897,160.81898523340783,349.68803483614465,230.61537058673173,243.7940616124032,36.4093761744374,67.60949678250722,82.68951141139655,63.86299141663085,66.49066595749468,52.939165161888695,50.8861627617855,58.064903077118856,-21.484502945282884,79.38946316538988,71.59920256575731,84.33974341612407,-18.569506346166463,-108.97495601936998,49.12262981583626,92.51177584192294,41.68462011117958,30.093666059335874,31.75989154589024,62.69359760033353,111.09758030779244,98.58178516150849,110.1645101736068,30.451760839376107,23.23195488200497,156.05356601923518,199.074412252225,84.16968452653191,106.19510952465612,181.53586455921948,192.068844961904,-13.772331438679203
2071,,407.3725900318342,440.2072681867463,428.3418441423766,274.13407463453683,170.50701267497405,268.49433060998354,305.5180642193631,261.52944689897106,72.87428214878082,13.275742089539222,47.015359072099386,20.055754286397587,24.388546431465898,79.58208287145544,129.43911861030506,140.41070557242801,114.09188163156455,115.30043898569397,150.29942833220355,324.2667574315344,196.2783161937699,252.2188159884513,19.56822296640496,90.53886173793683,94.72102884347305,69.94724588695726,53.017118683569834,-56.5690809947273,94.29827354235738,-52.186956468601124,47.75109541916095,65.9589763445531,9.447952276184083,-41.7433417534653,21.837698937088817,-37.69314223351307,19.476036555863857,118.51855591938374,38.40226925941931,65.5299762919932,41.74802847589058,34.79803294593489,77.10313561051248,100.03762354723517,85.27099077974924,10.588472108744782,31.593229155203403,208.4467333346139,171.38684934196692,95.62171101816136,141.70664988971976,160.67016524132464,219.2269248839482,-42.005493365798884
2072,,327.6098008539878,291.12245589003487,328.7424633971222,287.7062090773669,233.33561029400104,195.3499537937168,427.1476276413854,251.50103587577644,59.83358325328652,37.821111140264975,51.29669037786596,4.692488901176375,14.440992367135323,41.94028077567748,162.07024400182524,132.93605099249226,161.90821335630847,148.0167131825117,152.6071297039474,354.2823980600524,166.22193205755087,257.209530125682,61.74665608082216,92.18270063397279,103.51458304039215,74.01941489580918,27.828603108214566,8.244583828493205,57.72654603610704,-3.942148713415577,79.35464404933816,60.354954788513055,93.85451033119091,-10.42948007170412,9.550897893095112,-32.64243340509461,29.919068088230915,70.71508583618424,50.10433972128112,26.515165566790074,15.655528530875017,-23.15962143948127,112.1976836921906,137.11615910851265,108.32810051378237,34.564149764622925,-6.349508459523918,148.74739432481965,174.2318584982836,97.79340783307134,139.7796292645712,151.97964754297368,197.69092054358873,26.612139886541172
2073,,366.4424871367349,335.81637014875463,296.80869565670093,176.84161233025537,204.8205286803941,159.51092506018,417.19657294574574,260.16436332363105,89.94907272823536,-3.572278376694726,24.136944342950414,40.30675736780654,18.377502281241732,26.528281303599556,158.95352605932362,128.78246959848695,107.43366605918288,129.17433866772308,142.5576724864668,330.9404146112689,217.0102153508626,221.3647871168955,52.78786320283348,84.90940166938344,55.11856873103761,71.84213845281522,38.66464289277167,65.76930621536485,48.961064001202544,63.80288240470384,52.79189622238323,22.544042804237733,101.20355073330757,-35.32732259752868,17.960408020675573,7.5457215938711215,58.579080526026814,97.51870594895229,57.158081695301235,47.078130573838166,-53.10585081775321,36.78041569872573,102.19062288081113,94.72422266989952,120.41611017021432,23.820135631485982,24.05723745187254,212.06518629083382,182.00580076117228,107.54764968846303,118.03639414071631,221.09982820967411,233.82660827394443,-19.55907691846801
2074,,354.5505732516857,284.76290389620925,394.5372039170639,201.77647821140837,191.79092131580876,156.8521104794129,350.4007416010419,266.22724091823494,35.66429111018999,34.957952254262636,64.90416078570388,45.579246219207675,8.563761134317701,50.27602950288133,121.62299039838922,127.28230294823936,125.99389261563408,120.71345774004465,157.96188237510205,351.2340538139963,201.93432464165528,298.4962616038092,11.638601250968577,54.35646178945956,60.99125952042641,86.84130435329268,6.780459401852454,33.05559988795312,55.89525145922255,-27.40392905275985,45.70172175037396,66.12021430526045,74.1956785602215,9.981907728071292,-87.92143065424625,-78.62302755471569,81.38718846522454,78.84984938980767,89.70795751799767,24.23260183077059,5.797272594445644,16.80626019839815,121.33909394300622,150.81378803104258,141.65376514647085,42.62649175174806,41.888417018292444,111.75506071173902,202.34551579711,154.09189195931378,136.52505079398657,227.87222325569064,308.1369770897646,-11.849414773016406
2075,,322.05548147818166,311.6771575729314,426.2212229906739,141.10000642253624,264.89590430971344,231.55190229168426,315.6470565619258,267.02737906875535,-6.769233155788015,28.419305422424486,78.89478943051836,39.02286886338027,21.542656765027118,50.05929412268824,140.5272946216419,138.1796805788763,120.28275459796419,168.58532723335918,167.316398581699,344.5251800853339,238.92334799344223,234.7862429041619,60.425548336480006,63.98990721180394,122.94159282203623,57.65005991278463,82.41079887328726,45.75221712965754,-1.5168293907786392,88.80056989413083,72.67889900374814,54.16741132709615,66.4278266958139,-15.94105959964395,-36.77704486187713,9.449843616306225,43.156359794047034,77.26393715560596,23.160306359405126,50.48702208609245,-15.349303304781643,33.195048018183115,88.52426215473338,67.29080284312442,91.92470668017222,-3.7732285987966634,29.38963309065798,169.50216841202905,180.9522861439782,154.77236456932542,139.54492686987976,228.26627374672182,193.70186719024423,-15.866877303175102
2076,,280.9767248044142,435.54419631402146,409.2016119581926,261.1513807313122,263.0745347030338,165.87997368058686,366.1908650419474,223.51226797658936,15.29060163657573,52.61896613234535,60.824268165292665,36.39995434490879,33.11656282719741,52.730284126489096,162.753442207038,137.76953941464376,161.4404986004214,128.14577593930755,153.63504613953683,359.92708419295695,375.01604214259726,277.7248654681625,45.27936238601217,73.95090636825319,97.60409101867856,63.137410927598125,1.4095739738507973,112.18939916774275,68.97816710609106,-26.74618288892293,25.818468240550942,69.61504533608525,87.53798334992791,35.33429076084826,-14.863712619648368,9.077350911942176,55.7920775525281,46.75880507296722,31.780287920052842,8.02426712925228,26.299202313865294,3.3909129324840706,142.00102719682945,102.97105089200875,122.6918900543784,-41.11107365496059,31.901809075529172,149.82845723962203,230.53033493234972,101.51203211852362,135.36377477860412,269.1736229442595,292.1098430545138,-27.128679980731704
2077,,320.59122144147636,325.21875623208143,275.43529951031877,240.53765452425776,286.98358768344946,230.37152530606045,314.8473540729885,232.93260178345395,4.869782825537641,52.65266423688092,27.53810136382367,1.773205497248,24.28318906553727,44.44069477520782,127.58693682680655,129.33494948546468,159.07201972051098,93.69853056146212,144.06881793447496,315.9544081642784,356.3461236324554,225.4946300044329,52.041885628318255,71.07494421662079,97.55068355453375,85.7496632946885,28.47802849609741,50.792963059759245,-16.018590025177218,17.223102520728162,9.718741783712858,113.32198105490352,-9.260168432908586,-0.8999584553369004,11.22895904560869,3.8243146359116054,105.9959067564597,47.196522700896935,54.09600206787093,39.940738028260625,31.147564920534023,55.84081345485072,97.62403167813056,78.92960560578842,120.77882668982863,81.71515139729456,-13.72245227977919,141.56834366115174,192.01611851579707,97.46033247623052,113.06503577348224,290.821848847287,210.04073450855753,11.322400207336045
2078,,344.5115149556399,413.7698957245316,317.9310400222908,226.1148343090473,217.6112149043364,261.204191030491,311.0544373037329,233.82278152543904,8.047247380772887,50.770357459263096,72.43765519428644,13.740895387938053,36.19540369008132,57.298044249206896,148.77263740778153,147.99988598567188,110.05077371908362,147.83921129681357,147.21128164072343,266.3221070207128,370.4506996963793,318.1790320207865,62.0989603958858,105.89475202991787,83.9120610742749,108.22214726005132,112.41110947483025,40.70369208979412,37.96118164662266,65.19018733499092,32.516208516221354,54.57020018389926,48.09039383570871,-31.71327705748729,-27.672613610418466,-11.777274561506147,34.62224254397074,58.23089398757065,-5.276434271309654,17.802058397627206,-15.286007066974548,-4.8854674138641485,91.12300975535436,86.86613223601364,87.04897511480681,19.706437354140576,63.85500932098387,149.43288614487847,177.9008952863428,111.28007880129007,89.08344456819964,221.86787984023476,188.61396507537847,-45.73719125078651
2079,,315.5971675813484,442.67338214875446,391.9350629258307,194.237126265919,233.56269446018285,277.1118994204361,342.64308940884746,230.30336744850666,45.77266709287244,56.27965324517754,60.79925640442218,11.191932982938852,30.78622024000299,65.0332785236501,155.8639751628973,118.06496161733173,153.04198858368045,161.84387778699283,168.092865541097,388.6705428110881,304.3031651457239,344.7999519803202,59.4553787035569,87.34780569427323,85.06367983651342,66.70327172083364,34.550302240616475,97.05021162178105,70.39633379056613,13.125234074667674,44.538976013832894,84.81977366783451,30.460183386537324,18.36304156200572,-54.523807590801084,-93.99847123868904,69.76868510426675,74.87580127850799,42.51723566706528,5.581969783445061,15.55399074516265,-20.559995709169357,117.9306161239673,105.80707806602459,100.15644713558459,53.547144105688176,44.37317657024016,172.0345590881126,218.71189769472676,81.54794686650985,124.5490358272724,193.11064326103747,202.25505575398233,-22.067081452433285
2080,,331.7470846242645,359.32200889197213,325.5362425717256,132.86137705799925,139.40329052319106,251.22536604477278,262.2768138429468,300.82426442922156,80.53236502142067,30.273563552037672,139.632389484422,27.9300630010124,24.357167569112562,47.713349699206674,162.8828326208037,116.44214528456075,159.71694637823873,95.42377447814397,123.18828236638683,354.2846411041411,229.62239697052985,324.36238618801394,37.794506104361744,75.19923206738417,58.88629398904277,111.81032354974946,22.002519678874023,58.847815113570846,60.98324687176171,-10.289274222959193,98.11673396150604,60.43483285437196,79.49161129616812,-2.024732213726111,-1.50510392870126,-60.829699973121365,38.81512181782148,111.31181780794884,46.47577289362687,13.700204986535141,11.971608173725713,-58.058697274434735,107.78781546995731,56.00887385559986,79.18851797748493,46.8954781387622,-0.018745627936596065,215.2069392784697,165.35412478706417,83.31119306517428,112.86165981279692,369.5784542889369,238.98242626514332,-24.62937717310035
