year,ref,CCLM4_AFR-44_CNRM-CERFACS-CNRM-CM5_rcp45,CCLM4_AFR-44_CNRM-CERFACS-CNRM-CM5_rcp85,CCLM4_AFR-44_ICHEC-EC-EARTH_rcp45,CCLM4_AFR-44_ICHEC-EC-EARTH_rcp85,CCLM4_AFR-44_MOHC-HadGEM2-ES_rcp45,CCLM4_AFR-44_MOHC-HadGEM2-ES_rcp85,CCLM4_AFR-44_MPI-M-MPI-ESM-LR_rcp45,CCLM4_AFR-44_MPI-M-MPI-ESM-LR_rcp85,CRCM5_AFR-44_CCCma-CanESM2_rcp45,CRCM5_AFR-44_MPI-M-MPI-ESM-LR_rcp45,CSC_AFR-44_ICHEC-EC-EARTH_rcp45,CSC_AFR-44_ICHEC-EC-EARTH_rcp85,CSC_AFR-44_MPI-M-MPI-ESM-LR_rcp45,CSC_AFR-44_MPI-M-MPI-ESM-LR_rcp85,HIRHAM5_AFR-44_ICHEC-EC-EARTH_rcp45,HIRHAM5_AFR-44_ICHEC-EC-EARTH_rcp85,RACMO22T_AFR-44_ICHEC-EC-EARTH_rcp45,RACMO22T_AFR-44_ICHEC-EC-EARTH_rcp85,RACMO22T_AFR-44_MOHC-HadGEM2-ES_rcp45,RACMO22T_AFR-44_MOHC-HadGEM2-ES_rcp85,RCA4_AFR-44_CCCma-CanESM2_rcp45,RCA4_AFR-44_CCCma-CanESM2_rcp85,RCA4_AFR-44_CNRM-CERFACS-CNRM-CM5_rcp45,RCA4_AFR-44_CNRM-CERFACS-CNRM-CM5_rcp85,RCA4_AFR-44_CSIRO-QCCCE-CSIRO-Mk3-6-0_rcp45,RCA4_AFR-44_CSIRO-QCCCE-CSIRO-Mk3-6-0_rcp85,RCA4_AFR-44_ICHEC-EC-EARTH_rcp45,RCA4_AFR-44_ICHEC-EC-EARTH_rcp85,RCA4_AFR-44_IPSL-IPSL-CM5A-MR_rcp45,RCA4_AFR-44_IPSL-IPSL-CM5A-MR_rcp85,RCA4_AFR-44_MIROC-MIROC5_rcp45,RCA4_AFR-44_MIROC-MIROC5_rcp85,RCA4_AFR-44_MOHC-HadGEM2-ES_rcp45,RCA4_AFR-44_MOHC-HadGEM2-ES_rcp85,RCA4_AFR-44_MPI-M-MPI-ESM-LR_rcp45,RCA4_AFR-44_MPI-M-MPI-ESM-LR_rcp85,RCA4_AFR-44_NCC-NorESM1-M_rcp45,RCA4_AFR-44_NCC-NorESM1-M_rcp85,RCA4_AFR-44_NOAA-GFDL-GFDL-ESM2M_rcp45,RCA4_AFR-44_NOAA-GFDL-GFDL-ESM2M_rcp85,REMO2009_AFR-44_IPSL-IPSL-CM5A-LR_rcp85,REMO2009_AFR-44_MIROC-MIROC5_rcp85,REMO2009_AFR-44_MOHC-HadGEM2-ES_rcp85
1981,30.5,47.0,47.0,44.25,42.5,53.0,53.0,23.25,18.0,32.25,37.0,29.0,29.0,41.0,41.0,38.0,29.0,43.75,31.75,50.5,49.5,30.75,30.0,28.5,27.25,39.0,40.0,48.0,51.25,70.0,70.0,32.0,32.0,37.5,38.5,36.75,37.25,41.5,42.25,29.25,28.5,49.0,30.0,41.5
1982,32.25,71.0,71.0,32.0,32.0,58.0,58.0,42.0,37.0,57.5,19.0,29.0,16.0,28.5,28.5,21.0,21.0,41.0,41.0,49.25,49.25,36.0,42.0,28.0,28.0,6.0,19.0,43.0,43.0,38.0,38.0,44.0,42.0,65.0,55.5,33.0,33.0,41.0,41.0,58.0,48.0,50.25,15.5,32.0
1983,26.0,41.0,41.0,92.75,93.0,55.0,55.0,59.5,57.25,41.0,40.5,69.25,64.0,20.5,28.0,63.5,64.0,19.5,15.0,51.0,51.0,44.5,44.0,41.75,39.0,51.5,46.0,54.0,48.75,12.75,14.25,30.0,30.5,30.0,30.0,27.0,27.0,13.0,9.75,52.0,51.5,51.0,34.5,34.0
1984,24.75,66.0,66.0,65.25,65.5,58.0,58.0,30.5,25.75,55.0,35.5,21.75,22.0,17.75,20.0,31.75,31.0,49.0,49.0,50.0,50.0,48.75,46.0,21.0,21.0,52.0,52.0,20.0,20.0,68.25,68.75,33.0,32.75,58.0,43.0,40.0,40.25,22.0,22.0,45.0,48.75,58.0,12.5,37.0
1985,57.0,44.0,44.0,46.0,46.0,64.0,64.0,41.0,41.0,45.25,19.0,43.0,43.0,29.0,29.25,20.0,20.0,44.0,41.0,67.0,67.0,32.25,32.5,50.0,50.0,40.0,38.75,46.0,46.0,45.0,47.25,36.5,42.0,29.0,29.0,30.0,30.0,60.0,60.0,24.0,27.25,40.5,31.5,43.0
1986,22.25,47.0,47.0,49.0,49.0,60.0,60.0,40.0,40.0,54.5,31.5,58.0,58.0,44.75,26.0,54.0,53.0,30.75,31.5,55.0,55.0,46.25,44.0,24.0,10.0,41.0,41.75,61.0,61.0,42.0,42.0,28.0,28.0,59.25,59.5,18.0,27.5,36.75,36.0,41.25,38.25,43.0,24.0,43.0
1987,36.5,39.0,39.0,59.75,59.75,46.5,46.5,35.25,36.0,33.0,44.0,45.0,45.0,32.0,32.0,18.25,19.0,45.0,45.0,23.0,23.0,10.0,10.0,44.25,44.25,34.75,36.0,46.25,46.0,17.0,17.0,31.0,33.25,36.0,36.0,49.5,45.0,31.0,40.75,40.0,42.0,30.0,48.0,29.0
1988,25.0,51.0,51.0,18.0,18.0,47.0,47.0,27.0,27.0,19.0,36.0,35.0,35.0,31.5,31.25,44.0,44.0,13.25,22.75,27.0,27.0,30.0,30.0,42.5,43.0,34.0,29.5,40.25,48.5,42.0,42.0,44.5,48.5,32.75,23.0,38.0,38.0,37.5,34.0,38.5,38.5,46.0,21.0,26.0
1989,36.0,49.0,49.0,41.0,41.0,65.0,65.0,46.0,46.0,43.0,26.0,24.25,24.5,23.0,23.0,11.0,0.0,21.75,20.75,41.0,41.0,38.0,38.0,30.25,26.5,52.5,53.25,38.0,45.75,37.0,37.25,22.0,26.5,33.5,33.5,41.0,40.75,14.25,10.25,36.0,36.0,43.0,35.0,57.0
1990,55.5,62.0,62.0,54.0,52.5,70.0,70.0,42.75,41.75,54.5,45.0,33.0,33.0,31.25,31.25,14.0,14.0,19.0,19.0,46.0,46.0,54.0,54.0,46.0,46.0,28.5,36.5,41.5,42.0,23.0,23.0,39.0,39.0,64.5,66.75,43.0,43.0,40.5,40.0,34.25,20.5,53.0,36.75,51.25
1991,58.75,49.0,49.0,14.25,17.0,47.5,47.5,42.0,36.5,34.0,33.75,42.0,38.25,7.75,8.0,26.0,26.5,47.75,35.0,54.75,54.0,31.25,30.5,29.0,29.0,37.0,37.0,25.0,22.75,25.75,26.0,36.75,39.5,46.0,42.25,38.5,39.0,49.5,63.5,41.0,37.0,33.0,19.0,43.5
1992,45.0,57.0,57.5,55.0,55.0,37.0,37.0,30.0,30.0,39.75,37.0,25.0,25.0,32.0,32.0,22.5,33.0,20.0,20.0,34.0,33.0,43.5,42.0,40.0,40.0,56.5,60.25,43.0,43.0,41.0,41.75,45.25,46.0,27.0,27.0,28.0,36.0,44.0,44.0,36.25,29.0,63.0,40.0,39.0
1993,54.5,61.5,61.5,41.0,42.0,59.0,59.0,46.0,46.0,49.75,36.5,47.75,52.25,24.0,24.0,52.0,51.0,38.0,38.0,46.5,42.0,41.5,40.0,44.0,43.0,29.75,32.0,31.5,31.75,20.0,34.0,25.5,18.0,19.5,15.0,25.0,42.0,41.0,41.0,34.5,35.0,54.0,38.0,29.0
1994,27.0,45.0,45.0,51.0,51.0,70.0,70.0,15.75,19.5,16.0,33.5,30.0,29.0,37.5,22.0,24.0,24.0,48.0,48.0,55.5,54.75,39.25,19.0,39.75,37.25,28.75,32.5,40.0,40.0,34.0,34.0,29.0,29.0,30.0,29.0,46.0,47.0,40.5,41.0,46.0,46.0,49.0,20.5,20.0
1995,44.0,65.0,66.25,46.0,43.25,49.0,49.0,43.75,44.0,37.0,28.0,47.0,46.0,44.75,45.0,25.0,25.0,16.0,29.0,40.25,40.0,13.25,14.0,36.25,37.0,50.0,50.0,37.75,37.25,40.25,41.75,49.5,47.5,36.5,31.0,22.0,22.0,34.25,29.5,46.75,53.0,30.0,37.0,29.0
1996,32.5,44.0,44.0,38.0,41.75,103.0,103.0,21.0,21.0,62.0,21.0,27.25,25.0,20.0,20.0,22.0,24.5,45.0,45.0,53.0,53.0,31.0,31.0,41.0,52.0,41.0,43.25,55.0,53.25,47.0,47.0,22.0,25.75,52.5,59.25,21.0,38.0,10.0,28.5,28.0,34.5,43.25,42.5,64.0
1997,17.25,23.0,23.0,50.0,50.0,51.0,51.0,45.0,40.0,26.75,37.0,24.0,24.0,56.0,56.0,14.5,13.0,31.0,31.0,38.25,38.0,40.0,40.0,34.0,34.0,44.75,43.0,20.5,19.25,41.5,31.25,19.0,23.0,37.0,37.25,26.0,25.75,54.0,59.25,66.25,72.0,45.0,16.0,36.0
1998,42.75,62.0,62.0,45.75,48.0,55.0,55.0,87.75,85.75,50.25,50.0,38.0,34.0,61.0,61.0,26.5,26.75,47.0,47.0,52.0,51.0,41.0,41.0,40.25,40.25,28.5,20.0,51.5,51.0,55.0,55.0,25.0,25.0,58.75,59.75,54.0,53.0,45.0,45.0,59.25,46.0,17.0,32.0,42.0
1999,34.25,51.0,51.25,54.0,50.75,52.0,52.0,37.0,37.0,27.0,45.0,27.0,22.0,36.0,35.25,38.0,38.0,47.0,43.0,9.0,11.0,18.0,18.0,24.0,24.0,35.0,35.0,42.75,43.0,9.0,21.0,20.0,20.0,36.0,36.0,21.0,27.5,42.0,42.0,37.0,38.0,57.0,21.0,26.25
2000,46.75,58.0,58.0,29.0,28.75,49.0,49.0,34.0,35.0,39.0,32.0,39.25,39.5,26.0,26.0,44.25,44.0,39.0,39.0,52.0,48.0,25.0,25.0,33.0,33.0,30.75,30.75,30.0,33.75,46.0,46.0,27.5,27.5,43.0,45.0,42.0,42.0,53.25,47.5,39.75,31.0,59.0,37.0,49.75
2001,38.0,29.25,29.25,0.0,0.0,56.75,56.75,50.25,34.0,58.5,35.5,18.5,18.25,37.0,36.0,39.0,39.0,32.5,31.0,29.0,29.0,59.25,50.25,46.25,46.75,48.25,48.0,11.0,16.75,29.0,29.0,31.0,29.0,34.25,34.5,39.0,39.0,45.0,46.75,33.25,29.25,36.0,34.0,27.0
2002,34.0,67.0,67.0,15.0,14.0,69.0,69.0,41.5,33.0,58.0,36.0,13.0,13.0,26.0,26.0,31.0,31.0,26.75,27.0,33.0,33.0,52.75,52.5,61.0,60.0,36.0,36.0,24.0,24.75,32.0,32.0,20.75,20.25,66.0,64.5,23.0,25.0,31.0,31.0,46.0,46.0,53.0,2.5,29.0
2003,36.0,50.25,50.5,31.0,31.0,74.0,74.0,43.0,43.0,36.0,48.5,46.5,46.0,37.0,38.0,28.0,28.0,29.0,29.0,59.0,59.0,43.0,43.0,25.0,25.0,28.0,24.0,36.5,34.75,24.0,24.0,43.0,43.0,58.25,58.5,32.0,33.0,35.5,37.5,23.5,40.0,57.0,44.0,43.25
2004,27.0,42.0,42.0,41.5,41.5,67.0,67.0,45.0,39.0,40.25,45.5,19.0,19.0,33.0,33.0,24.5,24.5,33.0,33.5,38.0,38.0,51.0,39.0,35.0,34.0,41.0,41.0,26.5,37.0,54.0,54.0,56.0,56.0,35.5,32.25,33.25,32.5,42.0,42.5,41.5,44.0,54.0,60.0,26.0
2005,44.0,89.0,90.5,52.0,52.0,51.0,51.0,40.0,40.0,58.5,29.0,46.75,48.5,40.75,39.75,24.0,24.0,36.0,36.0,49.0,43.75,43.0,41.5,45.0,44.75,50.0,50.0,48.0,49.5,46.25,30.75,18.25,18.0,49.0,46.0,24.0,24.0,55.0,55.0,47.75,48.0,48.0,57.5,35.0
2006,22.0,36.0,47.0,59.5,32.25,64.75,55.0,54.0,41.0,47.75,30.0,29.0,23.0,43.0,28.75,56.75,22.25,40.0,37.0,20.75,32.0,47.0,45.0,45.0,35.5,49.0,32.0,29.0,30.75,38.0,16.0,53.0,36.0,44.75,29.0,40.0,43.0,43.25,29.0,45.0,46.0,40.0,39.0,30.0
2007,45.25,64.0,45.0,54.75,45.0,73.25,67.5,17.25,43.0,35.0,32.75,21.75,28.5,18.0,39.0,33.0,23.0,35.0,27.0,45.0,40.0,39.75,26.0,37.5,23.75,51.0,36.5,32.5,13.0,34.0,25.0,35.0,66.0,55.0,37.0,33.0,45.75,39.0,53.75,39.0,37.0,59.0,32.5,39.0
2008,29.75,55.0,66.0,22.0,37.0,72.0,44.0,41.0,75.0,37.0,37.25,17.0,40.25,22.0,42.5,50.25,24.0,26.0,20.75,45.25,51.5,29.0,39.5,18.5,50.75,38.0,39.5,47.75,38.0,33.0,27.0,57.5,40.0,42.0,35.0,30.5,51.25,45.0,37.0,24.0,25.0,41.0,12.0,58.0
2009,47.0,41.5,59.0,41.0,56.25,61.0,66.25,58.0,50.75,49.5,46.25,42.0,26.5,33.0,29.75,22.25,33.0,56.75,30.0,44.25,31.0,49.25,21.0,42.0,42.5,41.0,43.5,53.75,34.0,34.0,55.0,36.5,33.5,47.0,17.75,48.0,39.0,29.0,24.0,50.0,57.0,43.25,26.75,44.0
2010,37.0,68.5,60.0,39.0,59.75,88.0,92.5,25.0,39.25,50.0,40.0,38.0,40.0,31.0,38.0,22.25,29.0,41.0,42.0,58.0,55.5,64.0,59.75,39.25,50.0,50.0,57.0,57.75,46.0,38.5,24.0,49.5,45.0,50.25,48.5,43.5,23.0,28.0,35.25,25.0,50.0,50.0,19.0,78.5
2011,,48.0,52.75,53.0,19.0,45.0,55.0,96.5,39.0,56.25,66.5,56.0,29.0,59.0,35.5,31.0,40.25,20.0,8.0,42.0,43.75,57.0,69.75,44.0,25.0,36.75,45.75,47.0,44.0,67.0,42.0,37.5,35.0,58.5,51.0,74.0,47.0,38.0,17.0,38.0,23.5,42.0,37.0,38.0
2012,,22.0,41.0,51.0,50.0,62.0,48.0,55.0,47.0,48.0,46.0,34.0,37.75,34.0,36.0,47.25,28.0,18.0,41.0,61.0,50.0,12.0,42.5,30.0,23.0,21.75,31.0,37.0,52.0,22.0,29.0,45.0,27.0,31.0,47.25,41.0,32.0,53.25,37.0,21.0,32.0,37.0,53.0,36.0
2013,,32.0,72.25,52.0,65.0,76.0,59.0,22.0,34.0,33.0,30.0,32.75,52.25,46.0,53.0,44.0,35.0,32.25,24.0,33.0,40.75,21.75,16.0,50.5,53.75,29.0,29.0,29.0,48.0,48.25,57.0,30.25,59.75,33.0,46.5,55.0,56.0,50.75,41.0,30.5,22.5,44.0,65.0,31.25
2014,,57.0,67.0,25.25,23.0,92.25,48.0,22.0,46.0,32.5,35.0,43.0,20.0,18.0,63.0,52.0,23.0,21.0,22.0,46.0,39.0,33.75,20.0,36.0,32.0,17.0,10.0,15.75,27.0,55.0,30.0,36.0,36.0,60.25,20.0,34.0,52.5,47.5,32.5,30.0,31.0,56.25,35.0,21.0
2015,,62.0,50.0,42.75,75.0,52.0,73.0,51.0,56.0,56.0,57.0,34.5,47.0,41.0,29.0,43.25,40.5,32.0,41.25,47.0,55.75,48.25,42.5,33.0,45.0,43.0,28.0,44.0,33.0,22.0,0.0,56.0,25.0,36.5,51.25,57.5,35.25,27.0,22.0,56.0,40.0,40.0,39.0,44.5
2016,,75.75,45.0,65.25,65.0,51.0,88.5,52.0,49.5,61.5,48.0,63.0,32.0,50.0,36.0,37.5,57.75,42.0,37.25,25.0,54.0,44.0,35.25,57.5,46.5,45.0,35.0,62.0,70.0,50.5,53.0,51.25,14.0,22.0,42.5,29.0,46.75,45.0,48.0,43.0,2.0,47.0,39.0,43.0
2017,,25.0,58.5,31.0,60.0,64.5,68.0,59.0,65.0,47.0,12.75,31.0,42.0,21.0,49.0,56.5,71.0,14.75,36.75,43.0,52.0,54.75,55.25,26.0,49.75,37.0,34.0,33.0,41.0,50.0,31.0,34.5,37.0,27.0,49.5,12.0,52.5,18.0,48.0,42.5,52.0,42.0,38.0,49.0
2018,,30.0,64.0,26.0,62.5,76.0,53.0,20.0,48.0,48.0,42.25,35.75,14.5,16.0,38.25,36.0,44.0,32.0,31.0,59.0,42.0,52.0,47.5,21.0,28.25,44.0,20.75,38.0,23.0,48.0,46.0,54.5,52.0,58.5,39.5,28.0,28.25,37.25,39.0,75.75,29.0,66.0,47.0,41.0
2019,,57.0,32.0,20.0,60.0,73.0,57.0,51.0,44.0,50.0,55.0,37.0,28.0,46.0,41.0,27.5,39.0,25.0,43.75,83.25,46.5,41.75,33.0,42.0,11.0,10.25,38.75,32.0,32.0,37.0,36.0,41.25,40.75,50.0,54.25,44.0,17.0,49.25,54.75,43.0,49.0,63.25,40.5,44.0
2020,,44.0,41.0,55.25,53.0,65.75,74.0,48.0,35.0,40.0,44.5,34.0,26.0,41.5,24.0,68.0,16.5,40.5,45.0,52.0,57.0,39.25,29.0,30.0,19.0,39.25,39.0,42.5,42.0,43.0,42.0,40.25,51.75,48.75,45.0,38.0,18.0,34.75,44.0,19.75,50.0,52.0,48.0,56.0
2021,,56.0,75.0,69.0,77.0,64.0,61.0,49.0,52.0,67.0,60.5,35.25,39.0,65.75,35.0,36.0,41.5,37.0,22.0,37.0,48.5,31.5,27.0,49.5,32.0,50.5,39.5,35.5,34.75,50.0,20.0,52.0,17.25,37.0,21.0,49.25,39.5,48.0,34.5,52.75,40.25,50.0,26.0,40.0
2022,,51.0,52.0,67.0,28.0,69.0,59.0,43.0,50.0,50.0,27.0,53.0,20.0,26.0,45.0,55.0,30.0,43.0,34.25,17.0,57.75,53.0,41.0,40.0,38.0,41.25,30.0,35.5,18.75,23.0,39.75,20.0,34.0,34.0,49.5,27.0,24.5,35.5,52.0,37.75,37.0,50.0,32.0,45.0
2023,,35.0,74.5,49.0,31.25,92.0,79.5,32.0,32.75,54.0,44.25,20.0,19.0,31.0,24.0,20.0,4.0,42.5,43.0,65.0,67.75,43.0,52.5,26.25,40.75,34.0,55.75,18.0,42.0,43.0,50.0,10.0,28.75,57.0,54.0,30.0,35.0,62.0,48.0,51.5,56.0,57.0,35.0,56.75
2024,,68.0,60.0,40.0,90.0,75.25,58.0,43.5,18.0,51.0,20.0,32.0,28.5,38.0,35.75,52.25,24.5,37.0,33.75,33.0,12.0,41.5,44.5,24.0,48.25,45.0,57.0,42.0,39.0,18.25,49.0,41.0,45.0,56.5,42.5,28.0,27.0,44.75,47.75,42.0,43.0,52.0,61.0,45.0
2025,,74.0,51.0,70.5,53.75,45.0,58.0,66.75,53.5,45.0,39.75,38.0,38.0,37.25,25.0,46.25,57.25,43.0,49.0,50.75,38.0,43.75,40.0,49.75,36.5,37.0,29.25,55.0,40.0,66.0,29.0,24.0,31.0,50.0,54.0,44.0,34.0,43.0,38.75,68.0,27.0,66.0,38.0,55.0
2026,,75.0,55.0,46.0,51.5,59.0,91.25,53.0,58.0,57.0,51.0,35.0,34.75,35.0,55.0,59.0,49.0,68.0,26.0,45.0,55.0,54.75,22.0,46.25,69.0,13.25,34.0,35.0,53.75,33.5,35.0,53.75,29.0,43.5,45.25,35.0,51.0,45.0,55.5,60.0,29.25,49.0,37.0,40.0
2027,,39.0,55.75,46.75,39.0,65.0,57.0,50.0,57.0,45.0,54.0,73.5,40.0,44.0,55.0,48.0,49.0,23.75,40.0,57.0,49.0,45.5,31.5,20.75,42.5,49.0,31.0,31.25,56.25,63.0,49.0,37.0,54.0,43.5,45.0,50.75,36.0,21.0,58.0,31.0,49.0,54.25,25.0,73.0
2028,,39.0,72.0,43.0,49.0,51.0,67.25,24.0,24.0,49.0,22.0,26.0,42.0,23.75,21.0,41.0,37.5,30.0,21.0,28.0,35.5,26.0,41.0,39.0,31.0,28.0,33.5,42.0,32.75,30.0,42.0,30.0,31.0,28.0,37.5,36.0,25.0,36.0,32.5,43.0,24.75,71.0,51.0,26.0
2029,,58.5,82.0,61.0,66.0,58.0,66.0,36.75,32.0,55.0,42.5,41.0,20.5,19.0,28.0,58.0,47.25,27.0,41.0,17.0,31.0,46.75,33.0,54.0,39.0,47.0,14.0,42.0,38.25,52.25,37.0,31.5,28.0,31.25,39.25,29.75,26.0,51.0,53.0,23.0,43.0,48.0,53.75,42.0
2030,,57.0,36.75,62.75,45.0,64.0,34.5,55.75,42.0,53.0,24.0,22.75,32.0,28.75,18.0,21.0,36.0,24.25,16.0,44.0,41.5,53.0,50.75,28.0,46.0,35.0,38.0,36.0,33.0,35.0,16.0,37.5,47.0,18.25,55.75,25.0,26.25,64.75,36.0,59.0,39.0,80.0,42.75,39.0
2031,,56.0,61.0,26.0,52.75,32.0,94.0,47.0,26.0,39.0,22.0,59.25,24.0,49.25,29.0,54.0,51.0,31.0,47.0,31.25,68.5,32.5,18.0,33.0,50.5,46.0,16.0,6.5,39.0,41.25,35.0,39.25,49.5,23.0,48.25,39.0,13.0,38.0,24.0,40.0,35.5,52.5,29.0,44.5
2032,,50.0,74.0,13.0,36.0,39.0,65.0,48.0,43.25,49.0,40.5,8.0,18.0,47.0,42.25,46.0,42.25,31.0,24.0,31.0,51.0,40.0,30.0,38.25,38.75,12.0,28.5,40.25,23.25,45.0,58.0,34.0,37.25,44.25,40.0,27.0,41.0,39.0,50.0,33.5,46.0,66.0,65.0,63.0
2033,,37.0,63.0,42.0,21.0,55.0,76.0,77.0,63.0,41.0,62.0,45.0,27.0,56.0,62.0,62.0,58.0,34.0,26.0,36.0,58.0,24.0,56.0,24.0,42.25,26.0,30.0,33.0,44.75,27.5,62.5,32.0,46.0,38.0,29.75,64.0,63.0,44.75,30.75,33.0,31.0,42.0,49.5,63.0
2034,,55.0,40.5,85.0,69.75,52.0,81.0,42.75,70.0,39.0,59.5,54.25,15.0,47.0,48.0,28.0,48.0,27.25,42.0,18.0,73.0,35.0,51.0,54.0,19.5,36.25,30.0,58.0,63.0,66.0,44.5,19.0,45.5,17.25,54.0,41.5,36.0,45.5,54.0,40.5,34.0,59.0,79.0,67.0
2035,,46.5,54.75,44.0,55.0,55.5,58.0,49.75,19.0,18.0,46.0,27.0,37.0,34.25,33.0,46.0,48.5,20.25,41.0,35.0,32.0,27.25,63.5,33.0,54.0,39.0,22.0,11.0,49.0,43.0,32.0,23.0,20.0,24.25,38.5,35.0,37.25,33.5,38.5,45.0,35.0,69.0,21.0,53.0
2036,,41.0,53.0,55.0,56.75,74.0,49.0,74.0,38.0,41.0,49.25,30.0,42.25,76.0,47.75,45.0,18.0,40.0,30.0,41.0,39.0,50.0,48.0,25.0,30.0,25.25,45.25,30.0,46.0,62.0,36.5,35.25,41.5,25.0,17.5,46.25,29.0,25.0,45.0,36.0,34.25,60.0,25.5,37.75
2037,,43.0,67.0,54.0,42.75,57.0,46.0,69.0,42.0,49.0,46.0,30.0,18.0,57.0,27.0,36.0,40.5,69.5,28.0,28.0,30.0,22.25,42.75,39.0,42.0,64.0,52.0,44.0,52.0,32.0,54.0,38.0,24.5,29.0,39.0,40.0,22.75,52.0,36.5,56.5,34.0,63.0,23.0,27.0
2038,,45.0,75.25,41.0,28.0,52.0,39.75,39.0,57.0,66.0,42.25,55.0,24.5,46.5,56.0,27.75,37.5,26.0,75.0,25.0,34.0,44.0,12.0,41.75,46.0,23.0,24.0,56.0,10.5,53.0,44.0,28.0,37.0,22.75,35.25,30.0,47.25,45.25,27.25,23.75,45.0,56.0,50.0,33.0
2039,,45.0,54.0,29.5,95.0,55.0,104.5,33.0,75.0,25.0,34.75,27.0,25.0,15.0,62.25,51.0,22.75,10.0,45.0,51.75,54.25,26.5,49.0,56.0,40.0,57.75,34.0,55.75,46.25,26.5,53.0,29.0,67.25,6.25,49.5,34.25,56.0,44.0,39.5,14.75,50.5,57.0,26.0,50.0
2040,,49.0,40.0,38.0,30.0,56.0,84.0,50.0,44.0,34.0,36.0,31.0,30.0,48.75,25.0,32.5,44.0,43.0,25.0,50.0,57.25,35.0,29.0,29.0,27.0,25.0,28.25,30.0,28.0,52.0,38.5,9.0,58.75,40.0,49.0,35.0,26.0,43.0,57.75,42.75,14.0,43.0,26.0,56.0
2041,,59.0,66.75,53.75,65.0,52.0,68.0,52.25,71.0,54.75,26.0,45.0,61.5,35.0,30.75,53.75,56.25,41.75,32.25,31.5,45.0,41.5,26.0,46.0,51.0,31.5,22.0,30.0,30.0,53.0,47.0,41.0,37.0,49.5,40.0,10.5,23.0,35.0,40.0,53.25,29.0,74.0,31.0,45.5
2042,,42.0,52.0,28.0,47.0,71.0,56.0,57.0,73.0,39.25,46.0,28.0,27.0,33.0,36.25,39.0,44.0,20.0,31.0,44.0,47.0,39.75,56.5,37.0,30.0,35.0,27.0,33.25,48.75,56.0,35.5,42.5,47.75,49.0,54.25,22.0,53.0,24.0,48.0,31.0,19.25,53.0,27.0,32.75
2043,,39.0,39.0,53.0,49.0,53.5,57.0,57.0,74.0,32.0,42.0,41.0,28.0,58.0,71.0,47.5,48.5,22.0,26.0,52.75,36.5,45.0,58.0,50.75,7.25,37.0,52.5,52.5,30.0,26.0,38.0,44.75,43.0,40.0,46.75,36.0,45.0,40.0,34.0,72.0,48.75,52.0,73.0,54.0
2044,,37.0,59.0,45.0,35.75,62.75,60.0,67.0,46.0,18.5,35.0,49.0,50.25,58.0,38.75,39.0,46.0,40.0,52.0,36.75,45.0,57.25,45.75,26.0,33.0,40.0,54.0,44.0,31.0,50.0,42.25,42.25,43.0,20.0,25.5,50.0,23.25,25.5,50.0,33.75,62.0,55.0,35.75,43.0
2045,,47.0,59.0,65.25,66.5,56.0,64.0,41.0,31.0,30.0,45.0,46.25,63.0,27.5,30.0,52.0,58.0,57.5,55.5,22.25,35.25,46.75,33.0,32.5,53.0,26.0,53.0,44.0,44.0,33.25,25.0,46.0,37.0,14.0,55.0,54.0,42.75,60.0,71.5,47.0,35.25,72.0,36.0,45.0
2046,,67.0,43.5,21.0,27.5,83.0,63.0,21.0,43.0,43.0,33.0,34.0,21.0,20.0,19.0,49.75,42.5,50.0,42.0,45.75,34.0,24.0,39.25,27.5,38.0,26.25,53.0,44.75,47.5,29.0,40.0,46.5,43.0,63.25,25.0,44.0,20.0,24.5,44.0,62.5,42.0,64.0,26.0,45.25
2047,,40.0,58.0,47.0,31.0,100.0,51.0,40.5,60.5,34.0,40.0,38.0,55.5,26.0,47.0,47.0,89.75,38.5,44.25,54.75,39.0,33.0,47.0,40.0,28.0,36.25,63.0,40.0,22.0,40.0,39.0,42.0,40.5,31.25,36.75,23.75,19.25,37.0,38.0,61.5,45.0,56.0,20.0,35.0
2048,,42.0,58.0,109.75,81.0,55.0,61.0,51.75,49.75,41.75,31.5,60.0,54.75,31.0,0.0,36.0,57.0,24.5,46.0,57.0,43.25,27.0,67.0,31.75,29.0,40.0,25.75,65.0,79.75,52.75,55.5,46.25,35.0,69.5,38.0,29.0,34.0,26.75,40.5,55.0,52.75,63.0,45.5,33.5
2049,,74.0,42.0,13.5,58.0,58.0,97.0,56.5,57.75,56.25,39.25,26.5,44.0,34.5,52.0,40.0,55.0,43.0,31.0,40.0,59.5,58.0,58.0,58.0,45.0,27.0,29.0,26.25,37.0,39.0,54.0,35.0,28.0,28.0,46.0,28.0,45.0,51.0,49.0,36.5,31.75,58.0,58.25,41.25
2050,,44.0,41.0,31.0,42.0,65.0,54.5,69.0,49.0,46.5,50.0,47.5,21.25,37.0,33.0,81.75,37.0,25.0,52.0,36.0,45.25,35.0,67.5,48.0,17.0,28.0,35.0,39.0,24.0,57.0,52.0,45.5,31.0,33.75,43.0,19.5,35.0,60.75,15.5,38.0,39.0,70.0,32.0,63.0
2051,,55.0,57.0,44.0,39.75,84.0,87.25,53.0,46.0,61.75,50.0,43.0,53.25,54.75,23.75,53.0,50.75,53.0,44.0,27.0,42.0,48.0,52.0,32.0,36.0,54.25,48.25,30.0,42.0,42.0,47.75,53.0,26.0,24.0,26.0,48.0,23.0,43.0,46.0,27.5,58.0,64.0,44.0,32.0
2052,,47.0,75.0,68.0,91.0,88.0,77.5,58.0,59.25,40.25,54.5,37.25,44.0,62.0,30.0,79.25,35.0,36.0,62.25,23.0,38.25,42.0,30.25,35.0,50.75,34.0,36.0,31.0,40.25,52.0,70.0,20.5,28.0,23.0,19.0,55.0,33.0,42.5,28.75,30.5,56.5,69.0,32.0,45.0
2053,,71.0,49.0,22.0,101.0,93.25,80.0,37.0,73.0,43.0,24.25,25.5,65.0,35.0,38.0,44.5,44.75,44.0,43.75,51.0,46.0,46.0,33.75,42.75,29.25,50.0,41.5,30.0,47.25,21.0,51.5,48.0,49.0,66.75,27.0,36.0,37.0,74.5,46.25,60.0,15.0,66.0,33.0,45.75
2054,,48.0,46.5,34.0,54.0,74.25,55.0,40.75,76.0,46.0,32.75,38.75,23.25,48.5,67.25,29.0,50.0,29.0,26.0,36.0,35.0,57.0,53.0,53.0,39.75,46.75,24.0,53.0,42.0,57.5,62.75,59.75,44.75,29.25,20.75,31.0,34.75,43.0,50.0,23.25,48.0,73.25,40.25,46.0
2055,,55.5,78.0,50.0,44.0,54.75,70.0,65.0,69.0,43.0,62.0,35.0,13.0,49.0,40.0,65.0,70.75,25.0,38.0,35.0,43.0,46.5,64.0,46.0,30.0,34.5,52.0,47.0,41.0,64.0,36.0,43.0,38.0,29.0,40.5,43.5,48.0,36.0,55.0,35.0,35.0,53.0,47.75,43.75
2056,,15.0,69.0,19.0,70.0,69.0,58.0,24.0,64.75,50.0,24.0,46.5,60.25,34.0,43.0,33.25,15.0,24.5,41.5,32.0,40.0,55.0,35.0,32.5,46.0,37.5,42.0,36.0,70.0,58.0,27.0,40.0,44.0,21.0,25.5,24.75,60.25,32.0,31.0,22.0,33.0,76.0,41.5,52.75
2057,,49.5,48.0,46.0,66.5,46.5,72.0,35.25,61.0,36.0,30.25,51.25,55.0,22.0,19.0,65.0,51.0,48.5,17.0,32.0,45.5,44.25,42.25,46.75,34.0,47.0,7.0,38.5,64.5,36.0,68.0,19.75,48.0,27.0,29.25,38.0,28.0,40.0,37.25,42.0,31.0,61.0,50.0,44.0
2058,,73.25,49.0,52.5,56.25,48.0,78.0,50.0,53.0,25.0,55.0,41.5,30.75,49.75,53.0,41.0,22.0,37.0,80.0,30.0,49.75,34.0,48.5,41.0,33.0,54.0,34.0,40.0,43.5,61.0,52.0,38.0,30.0,19.25,33.0,57.25,35.0,35.0,35.0,26.0,40.0,48.0,50.0,36.0
2059,,49.0,45.0,18.0,66.0,100.0,86.0,65.0,64.0,68.0,55.0,29.0,34.0,42.0,52.0,23.75,18.75,25.5,53.0,70.0,52.25,42.0,59.0,25.0,31.0,55.0,27.0,28.0,27.0,41.25,40.0,52.0,42.0,30.5,35.0,56.0,42.25,21.5,42.0,40.75,28.25,58.0,53.0,43.0
2060,,53.0,63.0,21.0,62.0,67.0,79.0,48.0,50.0,52.5,26.25,43.25,43.0,38.0,40.0,36.0,52.0,27.0,37.0,59.75,40.0,50.0,32.0,64.0,40.0,33.0,53.0,38.25,46.0,46.0,36.0,35.25,18.0,71.0,41.5,25.0,49.0,46.0,45.0,28.0,8.75,54.0,58.0,84.0
2061,,45.0,48.0,38.0,65.25,89.0,36.25,41.0,26.0,57.0,28.25,20.75,53.0,30.5,19.0,36.0,27.0,54.0,53.5,91.0,18.0,44.25,48.75,41.0,44.0,23.0,35.0,41.0,41.0,53.0,56.75,38.75,38.75,56.75,22.25,24.0,32.0,48.5,43.0,34.0,52.0,57.0,43.0,29.0
2062,,68.5,59.0,55.0,55.5,52.0,54.0,67.25,81.0,56.75,65.25,64.0,23.0,48.0,61.0,52.0,34.0,50.25,45.5,73.0,42.0,70.75,81.0,43.5,51.0,46.0,44.0,49.75,15.0,70.0,26.0,39.5,31.5,46.5,32.5,57.0,43.5,48.25,39.0,58.5,50.5,80.5,53.5,35.0
2063,,57.0,64.5,40.0,82.25,72.0,98.75,93.25,69.5,56.0,59.25,40.75,51.0,79.5,40.0,32.0,48.0,78.0,51.25,16.0,72.75,54.0,43.0,29.0,44.0,43.0,34.5,32.5,67.0,57.0,34.0,34.0,40.25,25.0,20.75,67.5,29.0,35.0,50.0,34.0,35.0,72.0,20.0,57.0
2064,,73.0,64.75,50.0,68.5,43.0,64.0,65.0,38.0,53.0,46.0,50.0,42.0,43.5,32.0,36.0,49.25,47.0,38.75,44.0,46.0,34.25,59.75,50.25,40.0,35.0,34.75,85.75,54.25,78.75,70.0,55.0,44.0,39.0,37.0,27.0,41.0,24.0,39.0,37.25,39.25,63.0,44.0,46.0
2065,,64.5,30.0,63.0,92.0,50.0,86.0,57.0,32.0,44.0,63.25,46.0,57.0,47.0,41.0,50.75,57.0,22.0,43.0,35.5,41.0,44.0,59.0,39.0,18.0,23.25,46.0,51.0,65.0,45.0,59.0,24.0,35.0,28.25,26.75,52.0,32.0,34.75,51.0,27.0,13.0,62.0,50.0,45.0
2066,,39.25,67.0,54.25,63.0,104.0,89.0,68.0,28.0,35.75,56.0,51.0,31.0,51.0,48.0,55.0,58.75,12.25,48.0,53.0,26.5,37.0,63.0,37.0,51.0,48.75,46.0,38.0,4.5,53.0,58.5,49.0,57.75,32.0,43.0,43.75,23.25,33.0,24.0,51.0,39.25,62.0,60.0,40.0
2067,,55.75,46.0,28.0,101.0,81.5,68.75,57.75,23.0,41.5,44.5,39.0,57.5,61.0,40.5,46.75,53.0,55.0,16.75,53.25,32.5,53.0,10.0,44.75,28.25,57.0,57.5,31.0,58.75,58.0,64.0,45.5,36.0,38.75,17.0,55.0,18.0,45.0,40.5,28.0,57.0,61.0,51.25,34.0
2068,,50.0,55.0,81.25,84.5,96.0,71.0,53.0,71.5,56.75,42.5,29.0,54.0,42.25,30.5,52.0,47.0,27.75,40.75,67.75,50.0,51.25,45.0,34.0,27.0,40.0,24.0,41.0,10.25,48.0,39.25,37.0,39.25,79.0,34.75,23.0,54.75,25.0,44.0,26.0,13.0,67.0,16.5,49.0
2069,,60.0,67.0,46.25,65.25,89.25,85.0,86.0,87.0,42.25,76.0,29.0,30.0,78.0,72.75,27.25,27.0,52.75,27.5,49.0,67.0,24.0,52.0,42.0,43.0,13.25,40.0,35.25,28.25,56.0,39.0,32.0,44.75,44.0,41.0,66.0,66.5,47.0,45.0,36.0,52.5,64.0,40.0,52.0
2070,,50.0,42.0,54.0,20.0,71.0,85.0,57.0,56.0,44.0,50.75,38.0,37.75,55.5,49.25,20.0,55.5,30.0,41.0,59.0,51.0,43.0,63.75,43.0,41.0,26.0,42.25,58.0,21.5,67.5,44.75,41.75,4.75,26.0,35.0,61.0,47.25,48.75,39.0,41.0,30.25,57.0,18.75,49.75
2071,,66.25,35.25,23.0,59.0,79.0,73.0,37.0,52.0,32.0,43.25,22.0,50.0,24.5,34.0,30.0,71.0,31.0,20.0,48.0,56.5,28.0,49.0,52.0,26.0,38.0,15.0,42.25,52.0,52.0,22.0,49.0,32.5,55.0,39.5,43.0,24.75,50.0,46.25,44.0,60.0,62.0,52.25,24.0
2072,,67.25,60.0,54.0,58.0,58.0,94.0,38.0,79.0,48.75,27.0,33.0,42.75,40.0,59.25,50.0,53.0,44.0,42.5,51.75,51.5,44.0,54.0,51.0,28.0,50.0,62.25,55.0,43.0,36.0,66.0,40.25,26.0,52.75,16.25,39.0,26.25,60.0,35.0,38.0,29.0,48.0,37.0,58.5
2073,,48.0,28.25,77.0,75.0,71.75,70.75,26.0,85.25,29.75,36.5,44.25,53.0,35.5,62.75,34.25,65.0,60.0,31.25,55.0,61.5,48.75,72.0,27.0,39.25,35.75,28.0,36.5,42.25,35.0,77.25,46.0,21.0,45.0,17.75,27.0,49.5,40.0,57.0,31.0,51.0,59.0,33.0,57.0
2074,,37.0,52.0,24.5,97.25,58.5,87.0,71.0,59.0,37.0,58.75,36.75,40.25,54.0,48.25,40.0,34.0,40.5,27.25,40.0,34.5,28.5,36.75,29.0,11.0,36.5,51.0,43.0,48.0,65.0,58.0,7.0,46.25,65.25,57.0,52.0,30.0,54.0,44.0,41.75,28.0,79.0,50.0,56.0
2075,,51.0,53.0,46.0,95.5,71.75,84.0,63.5,60.0,48.0,43.0,63.0,54.25,41.0,56.0,31.0,80.0,48.0,65.0,21.0,18.5,62.5,69.25,54.75,30.25,44.0,25.0,67.0,55.25,39.5,65.5,23.0,44.75,32.75,27.5,30.5,29.75,50.0,42.5,28.0,53.75,40.0,55.5,32.0
2076,,83.0,44.75,33.25,38.0,41.0,83.0,58.0,65.0,35.0,52.0,30.0,34.5,46.0,73.25,58.0,71.25,38.25,74.25,24.75,48.0,32.0,53.0,30.0,14.0,22.0,36.5,39.0,40.0,29.0,73.25,44.75,55.0,17.0,41.75,66.5,20.0,34.0,37.0,15.0,45.0,66.0,88.0,58.25
2077,,59.0,62.0,43.75,76.0,54.0,70.0,49.75,70.0,30.0,20.75,53.0,40.5,39.0,77.25,49.5,51.0,38.25,35.25,30.0,36.0,33.5,63.0,44.25,41.75,41.25,57.0,34.5,19.0,64.0,20.0,51.75,61.5,27.0,44.0,32.0,55.0,43.75,33.0,46.75,55.5,41.0,51.0,48.0
2078,,54.75,60.0,41.0,77.25,90.0,67.0,64.0,60.0,50.0,51.0,29.5,53.0,31.0,52.0,54.0,58.0,24.0,25.0,60.0,13.0,49.0,67.0,43.25,32.0,54.0,46.0,38.0,40.0,40.25,54.0,24.75,46.75,0.0,33.0,41.0,42.0,44.25,38.25,55.75,54.25,58.0,57.25,33.0
2079,,12.0,68.0,35.0,69.0,64.0,58.0,69.0,67.5,39.0,67.0,50.0,67.75,33.0,39.0,32.0,54.0,33.0,28.0,46.0,50.0,39.0,64.0,38.5,30.0,18.0,50.0,30.0,53.5,43.0,50.0,51.0,37.25,41.5,41.0,60.0,54.0,36.0,31.0,41.25,13.0,87.0,26.0,45.75
2080,,53.0,62.0,84.75,126.0,87.0,94.0,70.0,42.0,55.75,66.0,39.0,42.0,60.0,30.0,39.0,53.0,26.75,50.0,35.5,46.0,49.0,66.0,33.0,48.0,34.0,36.5,25.0,52.5,22.0,59.0,46.25,18.5,64.0,47.75,49.0,14.0,33.5,44.75,50.25,49.0,64.0,18.25,62.75
