,longitude,latitude,tasmin
0,-17.5,14.5,
1,-17.5,14.399999618530273,
2,-17.5,14.300000190734863,
3,-17.5,14.199999809265137,
4,-17.5,14.100000381469727,
5,-17.5,14.0,
6,-17.5,13.899999618530273,
7,-17.5,13.800000190734863,
8,-17.5,13.699999809265137,
9,-17.5,13.600000381469727,
10,-17.5,13.5,
11,-17.5,13.399999618530273,
12,-17.5,13.300000190734863,
13,-17.5,13.199999809265137,
14,-17.5,13.100000381469727,
15,-17.5,13.0,
16,-17.5,12.899999618530273,
17,-17.5,12.800000190734863,
18,-17.5,12.699999809265137,
19,-17.5,12.600000381469727,
20,-17.5,12.5,
21,-17.5,12.399999618530273,
22,-17.5,12.300000190734863,
23,-17.5,12.199999809265137,
24,-17.5,12.100000381469727,
25,-17.5,12.0,
26,-17.399999618530273,14.5,
27,-17.399999618530273,14.399999618530273,
28,-17.399999618530273,14.300000190734863,
29,-17.399999618530273,14.199999809265137,
30,-17.399999618530273,14.100000381469727,
31,-17.399999618530273,14.0,
32,-17.399999618530273,13.899999618530273,
33,-17.399999618530273,13.800000190734863,
34,-17.399999618530273,13.699999809265137,
35,-17.399999618530273,13.600000381469727,
36,-17.399999618530273,13.5,
37,-17.399999618530273,13.399999618530273,
38,-17.399999618530273,13.300000190734863,
39,-17.399999618530273,13.199999809265137,
40,-17.399999618530273,13.100000381469727,
41,-17.399999618530273,13.0,
42,-17.399999618530273,12.899999618530273,
43,-17.399999618530273,12.800000190734863,
44,-17.399999618530273,12.699999809265137,
45,-17.399999618530273,12.600000381469727,
46,-17.399999618530273,12.5,
47,-17.399999618530273,12.399999618530273,
48,-17.399999618530273,12.300000190734863,
49,-17.399999618530273,12.199999809265137,
50,-17.399999618530273,12.100000381469727,
51,-17.399999618530273,12.0,
52,-17.299999237060547,14.5,
53,-17.299999237060547,14.399999618530273,
54,-17.299999237060547,14.300000190734863,
55,-17.299999237060547,14.199999809265137,
56,-17.299999237060547,14.100000381469727,
57,-17.299999237060547,14.0,
58,-17.299999237060547,13.899999618530273,
59,-17.299999237060547,13.800000190734863,
60,-17.299999237060547,13.699999809265137,
61,-17.299999237060547,13.600000381469727,
62,-17.299999237060547,13.5,
63,-17.299999237060547,13.399999618530273,
64,-17.299999237060547,13.300000190734863,
65,-17.299999237060547,13.199999809265137,
66,-17.299999237060547,13.100000381469727,
67,-17.299999237060547,13.0,
68,-17.299999237060547,12.899999618530273,
69,-17.299999237060547,12.800000190734863,
70,-17.299999237060547,12.699999809265137,
71,-17.299999237060547,12.600000381469727,
72,-17.299999237060547,12.5,
73,-17.299999237060547,12.399999618530273,
74,-17.299999237060547,12.300000190734863,
75,-17.299999237060547,12.199999809265137,
76,-17.299999237060547,12.100000381469727,
77,-17.299999237060547,12.0,
78,-17.200000762939453,14.5,
79,-17.200000762939453,14.399999618530273,
80,-17.200000762939453,14.300000190734863,
81,-17.200000762939453,14.199999809265137,
82,-17.200000762939453,14.100000381469727,
83,-17.200000762939453,14.0,
84,-17.200000762939453,13.899999618530273,
85,-17.200000762939453,13.800000190734863,
86,-17.200000762939453,13.699999809265137,
87,-17.200000762939453,13.600000381469727,
88,-17.200000762939453,13.5,
89,-17.200000762939453,13.399999618530273,
90,-17.200000762939453,13.300000190734863,
91,-17.200000762939453,13.199999809265137,
92,-17.200000762939453,13.100000381469727,
93,-17.200000762939453,13.0,
94,-17.200000762939453,12.899999618530273,
95,-17.200000762939453,12.800000190734863,
96,-17.200000762939453,12.699999809265137,
97,-17.200000762939453,12.600000381469727,
98,-17.200000762939453,12.5,
99,-17.200000762939453,12.399999618530273,
100,-17.200000762939453,12.300000190734863,
101,-17.200000762939453,12.199999809265137,
102,-17.200000762939453,12.100000381469727,
103,-17.200000762939453,12.0,
104,-17.100000381469727,14.5,
105,-17.100000381469727,14.399999618530273,
106,-17.100000381469727,14.300000190734863,
107,-17.100000381469727,14.199999809265137,
108,-17.100000381469727,14.100000381469727,
109,-17.100000381469727,14.0,
110,-17.100000381469727,13.899999618530273,
111,-17.100000381469727,13.800000190734863,
112,-17.100000381469727,13.699999809265137,
113,-17.100000381469727,13.600000381469727,
114,-17.100000381469727,13.5,
115,-17.100000381469727,13.399999618530273,
116,-17.100000381469727,13.300000190734863,
117,-17.100000381469727,13.199999809265137,
118,-17.100000381469727,13.100000381469727,
119,-17.100000381469727,13.0,
120,-17.100000381469727,12.899999618530273,
121,-17.100000381469727,12.800000190734863,
122,-17.100000381469727,12.699999809265137,
123,-17.100000381469727,12.600000381469727,
124,-17.100000381469727,12.5,
125,-17.100000381469727,12.399999618530273,
126,-17.100000381469727,12.300000190734863,
127,-17.100000381469727,12.199999809265137,
128,-17.100000381469727,12.100000381469727,
129,-17.100000381469727,12.0,
130,-17.0,14.5,24.95768871068492
131,-17.0,14.399999618530273,
132,-17.0,14.300000190734863,
133,-17.0,14.199999809265137,
134,-17.0,14.100000381469727,
135,-17.0,14.0,
136,-17.0,13.899999618530273,
137,-17.0,13.800000190734863,
138,-17.0,13.699999809265137,
139,-17.0,13.600000381469727,
140,-17.0,13.5,
141,-17.0,13.399999618530273,
142,-17.0,13.300000190734863,
143,-17.0,13.199999809265137,
144,-17.0,13.100000381469727,
145,-17.0,13.0,
146,-17.0,12.899999618530273,
147,-17.0,12.800000190734863,
148,-17.0,12.699999809265137,
149,-17.0,12.600000381469727,
150,-17.0,12.5,
151,-17.0,12.399999618530273,
152,-17.0,12.300000190734863,
153,-17.0,12.199999809265137,
154,-17.0,12.100000381469727,
155,-17.0,12.0,
156,-16.899999618530273,14.5,24.58992829797478
157,-16.899999618530273,14.399999618530273,25.001557825248995
158,-16.899999618530273,14.300000190734863,25.37798332529212
159,-16.899999618530273,14.199999809265137,
160,-16.899999618530273,14.100000381469727,
161,-16.899999618530273,14.0,
162,-16.899999618530273,13.899999618530273,
163,-16.899999618530273,13.800000190734863,
164,-16.899999618530273,13.699999809265137,
165,-16.899999618530273,13.600000381469727,
166,-16.899999618530273,13.5,
167,-16.899999618530273,13.399999618530273,
168,-16.899999618530273,13.300000190734863,
169,-16.899999618530273,13.199999809265137,
170,-16.899999618530273,13.100000381469727,
171,-16.899999618530273,13.0,
172,-16.899999618530273,12.899999618530273,
173,-16.899999618530273,12.800000190734863,
174,-16.899999618530273,12.699999809265137,
175,-16.899999618530273,12.600000381469727,
176,-16.899999618530273,12.5,
177,-16.899999618530273,12.399999618530273,
178,-16.899999618530273,12.300000190734863,
179,-16.899999618530273,12.199999809265137,
180,-16.899999618530273,12.100000381469727,
181,-16.899999618530273,12.0,
182,-16.799999237060547,14.5,24.49566670146754
183,-16.799999237060547,14.399999618530273,24.841641002425433
184,-16.799999237060547,14.300000190734863,25.208832905085444
185,-16.799999237060547,14.199999809265137,25.546659035439973
186,-16.799999237060547,14.100000381469727,25.54407862682467
187,-16.799999237060547,14.0,
188,-16.799999237060547,13.899999618530273,
189,-16.799999237060547,13.800000190734863,
190,-16.799999237060547,13.699999809265137,
191,-16.799999237060547,13.600000381469727,
192,-16.799999237060547,13.5,
193,-16.799999237060547,13.399999618530273,
194,-16.799999237060547,13.300000190734863,26.32036087771644
195,-16.799999237060547,13.199999809265137,
196,-16.799999237060547,13.100000381469727,
197,-16.799999237060547,13.0,
198,-16.799999237060547,12.899999618530273,
199,-16.799999237060547,12.800000190734863,
200,-16.799999237060547,12.699999809265137,
201,-16.799999237060547,12.600000381469727,
202,-16.799999237060547,12.5,
203,-16.799999237060547,12.399999618530273,
204,-16.799999237060547,12.300000190734863,
205,-16.799999237060547,12.199999809265137,
206,-16.799999237060547,12.100000381469727,
207,-16.799999237060547,12.0,
208,-16.700000762939453,14.5,24.422275131875438
209,-16.700000762939453,14.399999618530273,24.678639671024712
210,-16.700000762939453,14.300000190734863,24.989977493049423
211,-16.700000762939453,14.199999809265137,25.310290857814095
212,-16.700000762939453,14.100000381469727,25.456059387718653
213,-16.700000762939453,14.0,25.44694481545133
214,-16.700000762939453,13.899999618530273,25.921447232971673
215,-16.700000762939453,13.800000190734863,
216,-16.700000762939453,13.699999809265137,
217,-16.700000762939453,13.600000381469727,
218,-16.700000762939453,13.5,
219,-16.700000762939453,13.399999618530273,26.148954055222077
220,-16.700000762939453,13.300000190734863,26.134366774123862
221,-16.700000762939453,13.199999809265137,26.067175760342593
222,-16.700000762939453,13.100000381469727,25.99841401732141
223,-16.700000762939453,13.0,25.946522693913096
224,-16.700000762939453,12.899999618530273,25.823804930810354
225,-16.700000762939453,12.800000190734863,26.061861889705767
226,-16.700000762939453,12.699999809265137,26.08784937028645
227,-16.700000762939453,12.600000381469727,26.020109530476134
228,-16.700000762939453,12.5,26.275079588655103
229,-16.700000762939453,12.399999618530273,26.291760450388153
230,-16.700000762939453,12.300000190734863,
231,-16.700000762939453,12.199999809265137,
232,-16.700000762939453,12.100000381469727,
233,-16.700000762939453,12.0,
234,-16.600000381469727,14.5,24.38042318453904
235,-16.600000381469727,14.399999618530273,24.57474408558096
236,-16.600000381469727,14.300000190734863,24.804502190641983
237,-16.600000381469727,14.199999809265137,25.001289555897756
238,-16.600000381469727,14.100000381469727,25.173839797754965
239,-16.600000381469727,14.0,25.253086701939537
240,-16.600000381469727,13.899999618530273,25.71923348936599
241,-16.600000381469727,13.800000190734863,25.87280932762195
242,-16.600000381469727,13.699999809265137,26.111685797314692
243,-16.600000381469727,13.600000381469727,
244,-16.600000381469727,13.5,
245,-16.600000381469727,13.399999618530273,26.11678612276603
246,-16.600000381469727,13.300000190734863,25.93245379438622
247,-16.600000381469727,13.199999809265137,25.782315068126195
248,-16.600000381469727,13.100000381469727,25.639118276000886
249,-16.600000381469727,13.0,25.50626860499341
250,-16.600000381469727,12.899999618530273,25.45457439520385
251,-16.600000381469727,12.800000190734863,25.567183690981267
252,-16.600000381469727,12.699999809265137,25.58945585534144
253,-16.600000381469727,12.600000381469727,
254,-16.600000381469727,12.5,26.02759770630763
255,-16.600000381469727,12.399999618530273,26.3270185440183
256,-16.600000381469727,12.300000190734863,
257,-16.600000381469727,12.199999809265137,
258,-16.600000381469727,12.100000381469727,
259,-16.600000381469727,12.0,
260,-16.5,14.5,24.392649969103616
261,-16.5,14.399999618530273,24.56508371791591
262,-16.5,14.300000190734863,24.698708127949487
263,-16.5,14.199999809265137,24.720938356943407
264,-16.5,14.100000381469727,24.859437292818996
265,-16.5,14.0,25.32010632751286
266,-16.5,13.899999618530273,25.3712238117904
267,-16.5,13.800000190734863,25.651892871089274
268,-16.5,13.699999809265137,25.772631033369407
269,-16.5,13.600000381469727,25.875434795203773
270,-16.5,13.5,25.845494727594826
271,-16.5,13.399999618530273,
272,-16.5,13.300000190734863,
273,-16.5,13.199999809265137,25.624186097672293
274,-16.5,13.100000381469727,25.485726817067018
275,-16.5,13.0,25.619979807716106
276,-16.5,12.899999618530273,25.645613045433038
277,-16.5,12.800000190734863,25.54074514536319
278,-16.5,12.699999809265137,25.614569301749214
279,-16.5,12.600000381469727,25.484736513007135
280,-16.5,12.5,25.759325463228663
281,-16.5,12.399999618530273,26.23330538342117
282,-16.5,12.300000190734863,26.62084445455133
283,-16.5,12.199999809265137,
284,-16.5,12.100000381469727,
285,-16.5,12.0,
286,-16.399999618530273,14.5,24.39347561386478
287,-16.399999618530273,14.399999618530273,24.55907268185109
288,-16.399999618530273,14.300000190734863,24.658037412596798
289,-16.399999618530273,14.199999809265137,24.793265413147594
290,-16.399999618530273,14.100000381469727,24.879129110492727
291,-16.399999618530273,14.0,25.11563058064729
292,-16.399999618530273,13.899999618530273,25.26624821508483
293,-16.399999618530273,13.800000190734863,25.383792314162292
294,-16.399999618530273,13.699999809265137,25.456188000955137
295,-16.399999618530273,13.600000381469727,25.60753258605456
296,-16.399999618530273,13.5,25.661079377077158
297,-16.399999618530273,13.399999618530273,25.70705169398383
298,-16.399999618530273,13.300000190734863,
299,-16.399999618530273,13.199999809265137,25.520042943214662
300,-16.399999618530273,13.100000381469727,25.4267429079934
301,-16.399999618530273,13.0,25.64033671476369
302,-16.399999618530273,12.899999618530273,25.488727716638778
303,-16.399999618530273,12.800000190734863,25.66415806721193
304,-16.399999618530273,12.699999809265137,25.523168241129724
305,-16.399999618530273,12.600000381469727,25.329936241310122
306,-16.399999618530273,12.5,25.738954869078952
307,-16.399999618530273,12.399999618530273,26.200689046543573
308,-16.399999618530273,12.300000190734863,26.456252779654108
309,-16.399999618530273,12.199999809265137,
310,-16.399999618530273,12.100000381469727,
311,-16.399999618530273,12.0,
312,-16.299999237060547,14.5,24.42824327262707
313,-16.299999237060547,14.399999618530273,24.555425072627656
314,-16.299999237060547,14.300000190734863,24.647890276976796
315,-16.299999237060547,14.199999809265137,24.779807772898323
316,-16.299999237060547,14.100000381469727,24.874816796156097
317,-16.299999237060547,14.0,24.927051528638685
318,-16.299999237060547,13.899999618530273,24.971899435957255
319,-16.299999237060547,13.800000190734863,25.064555470939865
320,-16.299999237060547,13.699999809265137,25.205367242596992
321,-16.299999237060547,13.600000381469727,25.350265458115985
322,-16.299999237060547,13.5,25.44693364690795
323,-16.299999237060547,13.399999618530273,25.51798298927679
324,-16.299999237060547,13.300000190734863,
325,-16.299999237060547,13.199999809265137,25.381146201196884
326,-16.299999237060547,13.100000381469727,25.35225628815448
327,-16.299999237060547,13.0,25.57727058182553
328,-16.299999237060547,12.899999618530273,25.48462962423241
329,-16.299999237060547,12.800000190734863,25.599144452321866
330,-16.299999237060547,12.699999809265137,25.59844757744372
331,-16.299999237060547,12.600000381469727,25.434684890975404
332,-16.299999237060547,12.5,25.893535281699144
333,-16.299999237060547,12.399999618530273,26.158325044180856
334,-16.299999237060547,12.300000190734863,26.367551038228214
335,-16.299999237060547,12.199999809265137,
336,-16.299999237060547,12.100000381469727,26.767590285355652
337,-16.299999237060547,12.0,
338,-16.200000762939453,14.5,24.500430116599546
339,-16.200000762939453,14.399999618530273,24.599522390681784
340,-16.200000762939453,14.300000190734863,24.696752589858306
341,-16.200000762939453,14.199999809265137,24.798272669960227
342,-16.200000762939453,14.100000381469727,24.887650179070647
343,-16.200000762939453,14.0,24.914799171134007
344,-16.200000762939453,13.899999618530273,24.931367582418773
345,-16.200000762939453,13.800000190734863,25.03830218058448
346,-16.200000762939453,13.699999809265137,25.217964312324
347,-16.200000762939453,13.600000381469727,25.265841622220876
348,-16.200000762939453,13.5,25.423940659195864
349,-16.200000762939453,13.399999618530273,
350,-16.200000762939453,13.300000190734863,25.461848097283394
351,-16.200000762939453,13.199999809265137,25.406942482022146
352,-16.200000762939453,13.100000381469727,25.470642592120043
353,-16.200000762939453,13.0,25.572324462933068
354,-16.200000762939453,12.899999618530273,25.585353874708176
355,-16.200000762939453,12.800000190734863,25.53073838401241
356,-16.200000762939453,12.699999809265137,25.718475980491917
357,-16.200000762939453,12.600000381469727,25.4956634248133
358,-16.200000762939453,12.5,25.917382937515697
359,-16.200000762939453,12.399999618530273,26.09554947839939
360,-16.200000762939453,12.300000190734863,
361,-16.200000762939453,12.199999809265137,26.431634669447533
362,-16.200000762939453,12.100000381469727,26.645987391201686
363,-16.200000762939453,12.0,26.81776689274409
364,-16.100000381469727,14.5,24.418192431768603
365,-16.100000381469727,14.399999618530273,24.67092874528987
366,-16.100000381469727,14.300000190734863,24.773107199335698
367,-16.100000381469727,14.199999809265137,24.89593015105396
368,-16.100000381469727,14.100000381469727,24.8761189833682
369,-16.100000381469727,14.0,24.941367361371874
370,-16.100000381469727,13.899999618530273,24.946518932499828
371,-16.100000381469727,13.800000190734863,25.00498383703882
372,-16.100000381469727,13.699999809265137,25.109122631553134
373,-16.100000381469727,13.600000381469727,25.245742271650272
374,-16.100000381469727,13.5,25.304791922731283
375,-16.100000381469727,13.399999618530273,25.343347045629457
376,-16.100000381469727,13.300000190734863,25.489867550366
377,-16.100000381469727,13.199999809265137,25.40805001443954
378,-16.100000381469727,13.100000381469727,25.384065153710253
379,-16.100000381469727,13.0,25.515650672685922
380,-16.100000381469727,12.899999618530273,25.604588947532363
381,-16.100000381469727,12.800000190734863,25.61249858662279
382,-16.100000381469727,12.699999809265137,25.72608396858476
383,-16.100000381469727,12.600000381469727,25.46801386102942
384,-16.100000381469727,12.5,25.969579589888554
385,-16.100000381469727,12.399999618530273,26.046997059383557
386,-16.100000381469727,12.300000190734863,25.92136607302143
387,-16.100000381469727,12.199999809265137,26.177019536193825
388,-16.100000381469727,12.100000381469727,26.37134657523984
389,-16.100000381469727,12.0,26.541656425217127
390,-16.0,14.5,24.378798234906867
391,-16.0,14.399999618530273,24.753022006243782
392,-16.0,14.300000190734863,24.85260296042634
393,-16.0,14.199999809265137,24.94868802416164
394,-16.0,14.100000381469727,24.982473556068612
395,-16.0,14.0,24.996131951897155
396,-16.0,13.899999618530273,24.989541836090154
397,-16.0,13.800000190734863,25.015218764180588
398,-16.0,13.699999809265137,25.009335472102407
399,-16.0,13.600000381469727,25.217017635362367
400,-16.0,13.5,25.249735400192492
401,-16.0,13.399999618530273,25.45692515967852
402,-16.0,13.300000190734863,25.532760339412675
403,-16.0,13.199999809265137,25.362871588714825
404,-16.0,13.100000381469727,25.291980490196863
405,-16.0,13.0,25.391640286271866
406,-16.0,12.899999618530273,25.4273563284097
407,-16.0,12.800000190734863,25.471779806623772
408,-16.0,12.699999809265137,25.557087106641916
409,-16.0,12.600000381469727,25.568299580726944
410,-16.0,12.5,25.966098898764983
411,-16.0,12.399999618530273,26.040717989114114
412,-16.0,12.300000190734863,25.964749833250096
413,-16.0,12.199999809265137,25.95074216986194
414,-16.0,12.100000381469727,26.15814206521776
415,-16.0,12.0,26.080461279282076
416,-15.899999618530273,14.5,24.540761306799254
417,-15.899999618530273,14.399999618530273,24.838585791067544
418,-15.899999618530273,14.300000190734863,24.90212590866429
419,-15.899999618530273,14.199999809265137,24.996192067196148
420,-15.899999618530273,14.100000381469727,25.07657215821922
421,-15.899999618530273,14.0,25.09435133179494
422,-15.899999618530273,13.899999618530273,25.173823644739855
423,-15.899999618530273,13.800000190734863,25.153484107878512
424,-15.899999618530273,13.699999809265137,25.111025446900726
425,-15.899999618530273,13.600000381469727,25.280888795174405
426,-15.899999618530273,13.5,25.421121291414124
427,-15.899999618530273,13.399999618530273,25.499074832400197
428,-15.899999618530273,13.300000190734863,25.57943847564576
429,-15.899999618530273,13.199999809265137,25.40672509361866
430,-15.899999618530273,13.100000381469727,25.34530950116863
431,-15.899999618530273,13.0,25.377488372026278
432,-15.899999618530273,12.899999618530273,25.363560955507467
433,-15.899999618530273,12.800000190734863,25.41774077465078
434,-15.899999618530273,12.699999809265137,25.538818668025442
435,-15.899999618530273,12.600000381469727,25.636100018407376
436,-15.899999618530273,12.5,25.988393397311256
437,-15.899999618530273,12.399999618530273,26.042728770021426
438,-15.899999618530273,12.300000190734863,25.85025278139466
439,-15.899999618530273,12.199999809265137,25.935499024685214
440,-15.899999618530273,12.100000381469727,26.18408401805442
441,-15.899999618530273,12.0,26.349276485057374
442,-15.800000190734863,14.5,24.68911963416201
443,-15.800000190734863,14.399999618530273,24.9384395740895
444,-15.800000190734863,14.300000190734863,24.99070713658523
445,-15.800000190734863,14.199999809265137,25.141289406750502
446,-15.800000190734863,14.100000381469727,25.14579443090446
447,-15.800000190734863,14.0,25.24470828247314
448,-15.800000190734863,13.899999618530273,25.258962545139298
449,-15.800000190734863,13.800000190734863,25.308440791962028
450,-15.800000190734863,13.699999809265137,25.3274183314507
451,-15.800000190734863,13.600000381469727,25.38699765710146
452,-15.800000190734863,13.5,25.568325200160018
453,-15.800000190734863,13.399999618530273,25.577790816486868
454,-15.800000190734863,13.300000190734863,25.568825416157722
455,-15.800000190734863,13.199999809265137,25.438410762065587
456,-15.800000190734863,13.100000381469727,25.344118113410104
457,-15.800000190734863,13.0,25.36083129081402
458,-15.800000190734863,12.899999618530273,25.370422194449986
459,-15.800000190734863,12.800000190734863,25.478836332991932
460,-15.800000190734863,12.699999809265137,25.596964620872484
461,-15.800000190734863,12.600000381469727,25.70721618097309
462,-15.800000190734863,12.5,25.98886575873928
463,-15.800000190734863,12.399999618530273,26.068561219892615
464,-15.800000190734863,12.300000190734863,25.880970879360007
465,-15.800000190734863,12.199999809265137,25.958186887154284
466,-15.800000190734863,12.100000381469727,26.1672549256524
467,-15.800000190734863,12.0,26.310057762725137
468,-15.699999809265137,14.5,24.732398521467985
469,-15.699999809265137,14.399999618530273,25.027838688702275
470,-15.699999809265137,14.300000190734863,25.18005298822675
471,-15.699999809265137,14.199999809265137,25.29682751366869
472,-15.699999809265137,14.100000381469727,25.200491074841466
473,-15.699999809265137,14.0,25.204842241131303
474,-15.699999809265137,13.899999618530273,25.27697467709504
475,-15.699999809265137,13.800000190734863,25.41067772851386
476,-15.699999809265137,13.699999809265137,25.424170822598796
477,-15.699999809265137,13.600000381469727,25.502765580258938
478,-15.699999809265137,13.5,25.527717562396276
479,-15.699999809265137,13.399999618530273,25.55374511516584
480,-15.699999809265137,13.300000190734863,25.4502862748418
481,-15.699999809265137,13.199999809265137,25.42777132501726
482,-15.699999809265137,13.100000381469727,25.481248824084616
483,-15.699999809265137,13.0,25.482453806831813
484,-15.699999809265137,12.899999618530273,25.50121410530346
485,-15.699999809265137,12.800000190734863,25.53824213542049
486,-15.699999809265137,12.699999809265137,25.583721243138427
487,-15.699999809265137,12.600000381469727,25.743880861001173
488,-15.699999809265137,12.5,25.89394183738392
489,-15.699999809265137,12.399999618530273,26.0908283951278
490,-15.699999809265137,12.300000190734863,26.030672480357907
491,-15.699999809265137,12.199999809265137,25.912670720062238
492,-15.699999809265137,12.100000381469727,26.20363873087183
493,-15.699999809265137,12.0,26.15994971749376
494,-15.600000381469727,14.5,24.866333795188098
495,-15.600000381469727,14.399999618530273,24.95716094276571
496,-15.600000381469727,14.300000190734863,25.161844947802024
497,-15.600000381469727,14.199999809265137,25.454152345899786
498,-15.600000381469727,14.100000381469727,25.276438496749336
499,-15.600000381469727,14.0,25.29243315470586
500,-15.600000381469727,13.899999618530273,25.48497508458769
501,-15.600000381469727,13.800000190734863,25.640843721726185
502,-15.600000381469727,13.699999809265137,25.548932025727368
503,-15.600000381469727,13.600000381469727,25.56951588811438
504,-15.600000381469727,13.5,25.395871820397872
505,-15.600000381469727,13.399999618530273,25.57584766140843
506,-15.600000381469727,13.300000190734863,25.47050545306064
507,-15.600000381469727,13.199999809265137,25.47725162636658
508,-15.600000381469727,13.100000381469727,25.574672463870797
509,-15.600000381469727,13.0,25.575759092598446
510,-15.600000381469727,12.899999618530273,25.63344238293496
511,-15.600000381469727,12.800000190734863,25.71349380218794
512,-15.600000381469727,12.699999809265137,25.572443599347082
513,-15.600000381469727,12.600000381469727,25.757536231913605
514,-15.600000381469727,12.5,25.809467684984327
515,-15.600000381469727,12.399999618530273,25.76636239370049
516,-15.600000381469727,12.300000190734863,25.99443741221131
517,-15.600000381469727,12.199999809265137,26.177078950742782
518,-15.600000381469727,12.100000381469727,26.143127160640063
519,-15.600000381469727,12.0,26.27259334860912
520,-15.5,14.5,25.031968681549245
521,-15.5,14.399999618530273,25.13645070093088
522,-15.5,14.300000190734863,25.328290260656104
523,-15.5,14.199999809265137,25.466433642323523
524,-15.5,14.100000381469727,25.332794492637788
525,-15.5,14.0,25.37974956267186
526,-15.5,13.899999618530273,25.594461851783876
527,-15.5,13.800000190734863,25.76650501784286
528,-15.5,13.699999809265137,25.66581140037789
529,-15.5,13.600000381469727,25.58607024071739
530,-15.5,13.5,25.67565478106701
531,-15.5,13.399999618530273,25.6129763573839
532,-15.5,13.300000190734863,25.48883900202793
533,-15.5,13.199999809265137,25.529777677455456
534,-15.5,13.100000381469727,25.65071754454442
535,-15.5,13.0,25.685373972434718
536,-15.5,12.899999618530273,25.75306305962073
537,-15.5,12.800000190734863,25.55280705862117
538,-15.5,12.699999809265137,25.668496900321998
539,-15.5,12.600000381469727,25.725672244054692
540,-15.5,12.5,25.718811131160976
541,-15.5,12.399999618530273,25.782718032717526
542,-15.5,12.300000190734863,26.066788128169435
543,-15.5,12.199999809265137,26.21898952354843
544,-15.5,12.100000381469727,26.197175634386326
545,-15.5,12.0,26.31010332531082
546,-15.399999618530273,14.5,25.075868696058592
547,-15.399999618530273,14.399999618530273,25.238038069284926
548,-15.399999618530273,14.300000190734863,25.47734613190454
549,-15.399999618530273,14.199999809265137,25.576349172067523
550,-15.399999618530273,14.100000381469727,25.463940164820883
551,-15.399999618530273,14.0,25.536045634568154
552,-15.399999618530273,13.899999618530273,25.837251626431225
553,-15.399999618530273,13.800000190734863,25.705591726579996
554,-15.399999618530273,13.699999809265137,25.682999307400735
555,-15.399999618530273,13.600000381469727,25.804904323832375
556,-15.399999618530273,13.5,25.81794829015871
557,-15.399999618530273,13.399999618530273,25.608766069087608
558,-15.399999618530273,13.300000190734863,25.539999422659264
559,-15.399999618530273,13.199999809265137,25.58927750644051
560,-15.399999618530273,13.100000381469727,25.701424513959182
561,-15.399999618530273,13.0,25.727053962440266
562,-15.399999618530273,12.899999618530273,25.78916377018021
563,-15.399999618530273,12.800000190734863,25.816216855653977
564,-15.399999618530273,12.699999809265137,25.739310151492646
565,-15.399999618530273,12.600000381469727,25.65924199813776
566,-15.399999618530273,12.5,25.671106552614503
567,-15.399999618530273,12.399999618530273,25.776932576227978
568,-15.399999618530273,12.300000190734863,26.076654868469177
569,-15.399999618530273,12.199999809265137,26.262491531887463
570,-15.399999618530273,12.100000381469727,26.10075890771037
571,-15.399999618530273,12.0,26.27111049883564
572,-15.300000190734863,14.5,25.01339344449724
573,-15.300000190734863,14.399999618530273,25.277754505655366
574,-15.300000190734863,14.300000190734863,25.655893314509285
575,-15.300000190734863,14.199999809265137,25.73197834852823
576,-15.300000190734863,14.100000381469727,25.590730383458094
577,-15.300000190734863,14.0,25.670865832286893
578,-15.300000190734863,13.899999618530273,25.80905199633395
579,-15.300000190734863,13.800000190734863,25.806934225693738
580,-15.300000190734863,13.699999809265137,25.87043664799745
581,-15.300000190734863,13.600000381469727,25.973989974794677
582,-15.300000190734863,13.5,25.91696034970232
583,-15.300000190734863,13.399999618530273,25.675237358352945
584,-15.300000190734863,13.300000190734863,25.62808062836234
585,-15.300000190734863,13.199999809265137,25.688435556758634
586,-15.300000190734863,13.100000381469727,25.753156158331024
587,-15.300000190734863,13.0,25.757924864864663
588,-15.300000190734863,12.899999618530273,25.776810933852005
589,-15.300000190734863,12.800000190734863,25.805951537529097
590,-15.300000190734863,12.699999809265137,25.688081448963885
591,-15.300000190734863,12.600000381469727,25.668960009801026
592,-15.300000190734863,12.5,25.760555381318966
593,-15.300000190734863,12.399999618530273,25.819611311875576
594,-15.300000190734863,12.300000190734863,26.08900962591457
595,-15.300000190734863,12.199999809265137,26.37196520303064
596,-15.300000190734863,12.100000381469727,26.291243461307488
597,-15.300000190734863,12.0,26.327308522809403
598,-15.199999809265137,14.5,25.28881135947239
599,-15.199999809265137,14.399999618530273,25.530564311529247
600,-15.199999809265137,14.300000190734863,25.791237955147324
601,-15.199999809265137,14.199999809265137,25.887517021331178
602,-15.199999809265137,14.100000381469727,25.86084539683111
603,-15.199999809265137,14.0,25.803974168688228
604,-15.199999809265137,13.899999618530273,25.97257265151643
605,-15.199999809265137,13.800000190734863,25.892446630488564
606,-15.199999809265137,13.699999809265137,26.084794769753614
607,-15.199999809265137,13.600000381469727,26.06404184729456
608,-15.199999809265137,13.5,25.864889187929748
609,-15.199999809265137,13.399999618530273,25.729237556803184
610,-15.199999809265137,13.300000190734863,25.723610514971483
611,-15.199999809265137,13.199999809265137,25.76577366398908
612,-15.199999809265137,13.100000381469727,25.75209772783063
613,-15.199999809265137,13.0,25.711642668626837
614,-15.199999809265137,12.899999618530273,25.72935350948063
615,-15.199999809265137,12.800000190734863,25.74108424460121
616,-15.199999809265137,12.699999809265137,25.704851877084025
617,-15.199999809265137,12.600000381469727,25.695009617835012
618,-15.199999809265137,12.5,25.726827502997992
619,-15.199999809265137,12.399999618530273,26.10282983009438
620,-15.199999809265137,12.300000190734863,26.210809149313604
621,-15.199999809265137,12.199999809265137,26.39441491140684
622,-15.199999809265137,12.100000381469727,26.371484341935172
623,-15.199999809265137,12.0,26.43847391294736
624,-15.100000381469727,14.5,25.34509651855859
625,-15.100000381469727,14.399999618530273,25.429659510355293
626,-15.100000381469727,14.300000190734863,25.748312182713107
627,-15.100000381469727,14.199999809265137,25.95397005468135
628,-15.100000381469727,14.100000381469727,25.984128479654146
629,-15.100000381469727,14.0,26.0449273044228
630,-15.100000381469727,13.899999618530273,26.277506490475616
631,-15.100000381469727,13.800000190734863,26.18735416394844
632,-15.100000381469727,13.699999809265137,26.140364106938023
633,-15.100000381469727,13.600000381469727,26.05137326299581
634,-15.100000381469727,13.5,25.86880049608601
635,-15.100000381469727,13.399999618530273,25.793707903965355
636,-15.100000381469727,13.300000190734863,25.79086818998138
637,-15.100000381469727,13.199999809265137,25.80207558580662
638,-15.100000381469727,13.100000381469727,25.77658022821288
639,-15.100000381469727,13.0,25.741096654728096
640,-15.100000381469727,12.899999618530273,25.77597217233665
641,-15.100000381469727,12.800000190734863,25.78143820155759
642,-15.100000381469727,12.699999809265137,25.75415580549037
643,-15.100000381469727,12.600000381469727,25.797012191665374
644,-15.100000381469727,12.5,26.00635467769513
645,-15.100000381469727,12.399999618530273,26.221316601595902
646,-15.100000381469727,12.300000190734863,26.17151818618902
647,-15.100000381469727,12.199999809265137,26.399323538600413
648,-15.100000381469727,12.100000381469727,26.540120110100702
649,-15.100000381469727,12.0,26.3829667409791
650,-15.0,14.5,25.321564020359915
651,-15.0,14.399999618530273,25.52085714821908
652,-15.0,14.300000190734863,25.902420183857146
653,-15.0,14.199999809265137,26.012892299909424
654,-15.0,14.100000381469727,26.075594536673236
655,-15.0,14.0,26.147363547276655
656,-15.0,13.899999618530273,26.40608673716895
657,-15.0,13.800000190734863,26.366145950168175
658,-15.0,13.699999809265137,26.23007312291429
659,-15.0,13.600000381469727,26.11392885126162
660,-15.0,13.5,25.970428943644947
661,-15.0,13.399999618530273,25.889639624053927
662,-15.0,13.300000190734863,25.861750351560545
663,-15.0,13.199999809265137,25.842793038162654
664,-15.0,13.100000381469727,25.831207964810176
665,-15.0,13.0,25.820599177554527
666,-15.0,12.899999618530273,25.829054014059977
667,-15.0,12.800000190734863,25.811786732864107
668,-15.0,12.699999809265137,25.825430347758697
669,-15.0,12.600000381469727,25.87267409640117
670,-15.0,12.5,26.214296654553948
671,-15.0,12.399999618530273,26.3256476979401
672,-15.0,12.300000190734863,26.329174442723684
673,-15.0,12.199999809265137,26.445267194990777
674,-15.0,12.100000381469727,26.513575058075332
675,-15.0,12.0,26.83477683909865
676,-14.899999618530273,14.5,25.516630567889365
677,-14.899999618530273,14.399999618530273,25.813237013487083
678,-14.899999618530273,14.300000190734863,26.020680653957413
679,-14.899999618530273,14.199999809265137,26.06377391714932
680,-14.899999618530273,14.100000381469727,26.141396162335127
681,-14.899999618530273,14.0,26.22592424267168
682,-14.899999618530273,13.899999618530273,26.489849885621197
683,-14.899999618530273,13.800000190734863,26.326931598524993
684,-14.899999618530273,13.699999809265137,26.25462215494275
685,-14.899999618530273,13.600000381469727,26.23726621053271
686,-14.899999618530273,13.5,26.11226495000693
687,-14.899999618530273,13.399999618530273,26.003572542019924
688,-14.899999618530273,13.300000190734863,25.951467224899204
689,-14.899999618530273,13.199999809265137,25.925646670538924
690,-14.899999618530273,13.100000381469727,25.91624140082689
691,-14.899999618530273,13.0,25.902924377192505
692,-14.899999618530273,12.899999618530273,25.891615276088714
693,-14.899999618530273,12.800000190734863,25.844210486977886
694,-14.899999618530273,12.699999809265137,25.816691947708478
695,-14.899999618530273,12.600000381469727,25.87351751629359
696,-14.899999618530273,12.5,26.231169613139116
697,-14.899999618530273,12.399999618530273,26.35055123409063
698,-14.899999618530273,12.300000190734863,26.38171450986306
699,-14.899999618530273,12.199999809265137,26.376185767039317
700,-14.899999618530273,12.100000381469727,26.31122785524127
701,-14.899999618530273,12.0,26.3904684201147
702,-14.800000190734863,14.5,25.74499956940616
703,-14.800000190734863,14.399999618530273,25.898923626849808
704,-14.800000190734863,14.300000190734863,26.050522148110417
705,-14.800000190734863,14.199999809265137,26.240195114184075
706,-14.800000190734863,14.100000381469727,26.26256092425649
707,-14.800000190734863,14.0,26.42845873756994
708,-14.800000190734863,13.899999618530273,26.393773170630936
709,-14.800000190734863,13.800000190734863,26.35469804177535
710,-14.800000190734863,13.699999809265137,26.301944984067234
711,-14.800000190734863,13.600000381469727,26.30870500940756
712,-14.800000190734863,13.5,26.217964175138945
713,-14.800000190734863,13.399999618530273,26.09473524343622
714,-14.800000190734863,13.300000190734863,26.028586230386907
715,-14.800000190734863,13.199999809265137,26.005163236739463
716,-14.800000190734863,13.100000381469727,25.99411433678489
717,-14.800000190734863,13.0,25.97959117381157
718,-14.800000190734863,12.899999618530273,25.969888522340568
719,-14.800000190734863,12.800000190734863,25.91786636717501
720,-14.800000190734863,12.699999809265137,25.915659660866254
721,-14.800000190734863,12.600000381469727,25.97783124292306
722,-14.800000190734863,12.5,26.24893617171159
723,-14.800000190734863,12.399999618530273,26.358643737017587
724,-14.800000190734863,12.300000190734863,26.36474792698118
725,-14.800000190734863,12.199999809265137,26.396326180267636
726,-14.800000190734863,12.100000381469727,26.088521656039973
727,-14.800000190734863,12.0,26.41779856379651
728,-14.699999809265137,14.5,25.820330291750224
729,-14.699999809265137,14.399999618530273,25.91750171594856
730,-14.699999809265137,14.300000190734863,26.191940548034836
731,-14.699999809265137,14.199999809265137,26.360539617441646
732,-14.699999809265137,14.100000381469727,26.324273446025472
733,-14.699999809265137,14.0,26.52842596742488
734,-14.699999809265137,13.899999618530273,26.493457262590937
735,-14.699999809265137,13.800000190734863,26.38411761580187
736,-14.699999809265137,13.699999809265137,26.326782031499135
737,-14.699999809265137,13.600000381469727,26.335657209066483
738,-14.699999809265137,13.5,26.34764184375109
739,-14.699999809265137,13.399999618530273,26.191970219625148
740,-14.699999809265137,13.300000190734863,26.10319778622653
741,-14.699999809265137,13.199999809265137,26.073109179528842
742,-14.699999809265137,13.100000381469727,26.070687723622314
743,-14.699999809265137,13.0,26.0555892849423
744,-14.699999809265137,12.899999618530273,26.03660219508737
745,-14.699999809265137,12.800000190734863,25.993154457842707
746,-14.699999809265137,12.699999809265137,25.96429521775366
747,-14.699999809265137,12.600000381469727,25.979629497895417
748,-14.699999809265137,12.5,26.215590287637497
749,-14.699999809265137,12.399999618530273,26.37794915385649
750,-14.699999809265137,12.300000190734863,26.31836262085733
751,-14.699999809265137,12.199999809265137,26.118883541444404
752,-14.699999809265137,12.100000381469727,26.218983368246597
753,-14.699999809265137,12.0,26.383286703488352
754,-14.600000381469727,14.5,25.8992920085617
755,-14.600000381469727,14.399999618530273,25.99847932523926
756,-14.600000381469727,14.300000190734863,26.310947743739064
757,-14.600000381469727,14.199999809265137,26.4191551486511
758,-14.600000381469727,14.100000381469727,26.457512312410643
759,-14.600000381469727,14.0,26.621543360128555
760,-14.600000381469727,13.899999618530273,26.560833728435625
761,-14.600000381469727,13.800000190734863,26.469375612915883
762,-14.600000381469727,13.699999809265137,26.413079068000116
763,-14.600000381469727,13.600000381469727,26.416164960927745
764,-14.600000381469727,13.5,26.452158116852218
765,-14.600000381469727,13.399999618530273,26.319942056629145
766,-14.600000381469727,13.300000190734863,26.189802934654324
767,-14.600000381469727,13.199999809265137,26.136677290524915
768,-14.600000381469727,13.100000381469727,26.152000289589523
769,-14.600000381469727,13.0,26.13450187137039
770,-14.600000381469727,12.899999618530273,26.088046295204833
771,-14.600000381469727,12.800000190734863,26.036536073788398
772,-14.600000381469727,12.699999809265137,25.99686752240501
773,-14.600000381469727,12.600000381469727,26.06432293553746
774,-14.600000381469727,12.5,26.18848881829996
775,-14.600000381469727,12.399999618530273,26.323745449940304
776,-14.600000381469727,12.300000190734863,26.12793952371652
777,-14.600000381469727,12.199999809265137,26.086308649335876
778,-14.600000381469727,12.100000381469727,26.350142857432672
779,-14.600000381469727,12.0,26.328456478235353
780,-14.5,14.5,25.969123277382494
781,-14.5,14.399999618530273,26.210638755253115
782,-14.5,14.300000190734863,26.371772657891597
783,-14.5,14.199999809265137,26.518277052987173
784,-14.5,14.100000381469727,26.554757834247994
785,-14.5,14.0,26.655695377491554
786,-14.5,13.899999618530273,26.659076249003704
787,-14.5,13.800000190734863,26.582984015043678
788,-14.5,13.699999809265137,26.52274324417789
789,-14.5,13.600000381469727,26.505940114159728
790,-14.5,13.5,26.556863142537225
791,-14.5,13.399999618530273,26.492819797146808
792,-14.5,13.300000190734863,26.328887740995754
793,-14.5,13.199999809265137,26.230479251172653
794,-14.5,13.100000381469727,26.215063077460627
795,-14.5,13.0,26.187037794254877
796,-14.5,12.899999618530273,26.125149997036942
797,-14.5,12.800000190734863,26.077233573807064
798,-14.5,12.699999809265137,26.066629905855052
799,-14.5,12.600000381469727,26.080004935364002
800,-14.5,12.5,26.32946756863572
801,-14.5,12.399999618530273,26.157405946386973
802,-14.5,12.300000190734863,26.02231607258716
803,-14.5,12.199999809265137,26.326879071235794
804,-14.5,12.100000381469727,26.358823426838228
805,-14.5,12.0,26.32424573759124
806,-14.399999618530273,14.5,26.068816361958056
807,-14.399999618530273,14.399999618530273,26.14415559152519
808,-14.399999618530273,14.300000190734863,26.459507878060776
809,-14.399999618530273,14.199999809265137,26.58713298856827
810,-14.399999618530273,14.100000381469727,26.636354625691297
811,-14.399999618530273,14.0,26.69645981635648
812,-14.399999618530273,13.899999618530273,26.65035092976592
813,-14.399999618530273,13.800000190734863,26.623721357137924
814,-14.399999618530273,13.699999809265137,26.613354740586942
815,-14.399999618530273,13.600000381469727,26.58165124057308
816,-14.399999618530273,13.5,26.5588850509223
817,-14.399999618530273,13.399999618530273,26.597784161691607
818,-14.399999618530273,13.300000190734863,26.491551950654298
819,-14.399999618530273,13.199999809265137,26.320533126016187
820,-14.399999618530273,13.100000381469727,26.256295048801178
821,-14.399999618530273,13.0,26.220519968264455
822,-14.399999618530273,12.899999618530273,26.17666770026773
823,-14.399999618530273,12.800000190734863,26.157974536970926
824,-14.399999618530273,12.699999809265137,26.15311991918253
825,-14.399999618530273,12.600000381469727,26.148347188961793
826,-14.399999618530273,12.5,26.0980743376129
827,-14.399999618530273,12.399999618530273,26.034341007070793
828,-14.399999618530273,12.300000190734863,25.95870860513429
829,-14.399999618530273,12.199999809265137,26.12442557617163
830,-14.399999618530273,12.100000381469727,26.37660895343015
831,-14.399999618530273,12.0,26.350951388618228
832,-14.300000190734863,14.5,26.226457084616754
833,-14.300000190734863,14.399999618530273,26.418693543350855
834,-14.300000190734863,14.300000190734863,26.622331343719736
835,-14.300000190734863,14.199999809265137,26.69584719460113
836,-14.300000190734863,14.100000381469727,26.74203729237786
837,-14.300000190734863,14.0,26.77650398806537
838,-14.300000190734863,13.899999618530273,26.73889055124215
839,-14.300000190734863,13.800000190734863,26.739443836487055
840,-14.300000190734863,13.699999809265137,26.733988787077067
841,-14.300000190734863,13.600000381469727,26.654908969194764
842,-14.300000190734863,13.5,26.59908082404911
843,-14.300000190734863,13.399999618530273,26.66327401820007
844,-14.300000190734863,13.300000190734863,26.58707750131316
845,-14.300000190734863,13.199999809265137,26.392221045429494
846,-14.300000190734863,13.100000381469727,26.330938761284585
847,-14.300000190734863,13.0,26.322956809740106
848,-14.300000190734863,12.899999618530273,26.27322636152479
849,-14.300000190734863,12.800000190734863,26.266172205035275
850,-14.300000190734863,12.699999809265137,26.250766834909882
851,-14.300000190734863,12.600000381469727,26.1777960027801
852,-14.300000190734863,12.5,26.09075493471437
853,-14.300000190734863,12.399999618530273,26.016013731774024
854,-14.300000190734863,12.300000190734863,25.983730208312977
855,-14.300000190734863,12.199999809265137,26.247437644961906
856,-14.300000190734863,12.100000381469727,26.369482902327206
857,-14.300000190734863,12.0,26.338981436063023
858,-14.199999809265137,14.5,26.290329807534533
859,-14.199999809265137,14.399999618530273,26.44424607263926
860,-14.199999809265137,14.300000190734863,26.694240732972958
861,-14.199999809265137,14.199999809265137,26.783695834950606
862,-14.199999809265137,14.100000381469727,26.821249360812317
863,-14.199999809265137,14.0,26.845323917472683
864,-14.199999809265137,13.899999618530273,26.837421938746445
865,-14.199999809265137,13.800000190734863,26.850612531685215
866,-14.199999809265137,13.699999809265137,26.829751244394288
867,-14.199999809265137,13.600000381469727,26.7162113095967
868,-14.199999809265137,13.5,26.660886227204344
869,-14.199999809265137,13.399999618530273,26.747501420935293
870,-14.199999809265137,13.300000190734863,26.654548203395848
871,-14.199999809265137,13.199999809265137,26.48468391573215
872,-14.199999809265137,13.100000381469727,26.48603591590205
873,-14.199999809265137,13.0,26.476994322317637
874,-14.199999809265137,12.899999618530273,26.413218245068833
875,-14.199999809265137,12.800000190734863,26.34988412345865
876,-14.199999809265137,12.699999809265137,26.285449722310375
877,-14.199999809265137,12.600000381469727,26.21813593130412
878,-14.199999809265137,12.5,26.13864071402321
879,-14.199999809265137,12.399999618530273,26.078381886340196
880,-14.199999809265137,12.300000190734863,26.056937276499582
881,-14.199999809265137,12.199999809265137,26.217215493890137
882,-14.199999809265137,12.100000381469727,26.177459739393385
883,-14.199999809265137,12.0,26.073803729271162
884,-14.100000381469727,14.5,26.357759130641682
885,-14.100000381469727,14.399999618530273,26.494973927113392
886,-14.100000381469727,14.300000190734863,26.81765698677674
887,-14.100000381469727,14.199999809265137,26.89770860818294
888,-14.100000381469727,14.100000381469727,26.938480708482928
889,-14.100000381469727,14.0,26.950977276429057
890,-14.100000381469727,13.899999618530273,26.973706058334358
891,-14.100000381469727,13.800000190734863,26.96879009727985
892,-14.100000381469727,13.699999809265137,26.881723955334337
893,-14.100000381469727,13.600000381469727,26.76802592211783
894,-14.100000381469727,13.5,26.77582167809709
895,-14.100000381469727,13.399999618530273,26.85589237973653
896,-14.100000381469727,13.300000190734863,26.692377597297764
897,-14.100000381469727,13.199999809265137,26.557606488078704
898,-14.100000381469727,13.100000381469727,26.594144325494142
899,-14.100000381469727,13.0,26.59082850320715
900,-14.100000381469727,12.899999618530273,26.480025856425186
901,-14.100000381469727,12.800000190734863,26.377662817985993
902,-14.100000381469727,12.699999809265137,26.305492697537773
903,-14.100000381469727,12.600000381469727,26.2658955404342
904,-14.100000381469727,12.5,26.211752256184468
905,-14.100000381469727,12.399999618530273,26.10300585801093
906,-14.100000381469727,12.300000190734863,26.089400937576784
907,-14.100000381469727,12.199999809265137,26.13899336987214
908,-14.100000381469727,12.100000381469727,26.07571234812133
909,-14.100000381469727,12.0,25.934354224567812
910,-14.0,14.5,26.537601985802667
911,-14.0,14.399999618530273,26.744380459165484
912,-14.0,14.300000190734863,27.009536258496894
913,-14.0,14.199999809265137,27.12822455698398
914,-14.0,14.100000381469727,27.057698277879126
915,-14.0,14.0,27.067679283259167
916,-14.0,13.899999618530273,27.07273121246692
917,-14.0,13.800000190734863,27.01589117134921
918,-14.0,13.699999809265137,26.928340259533343
919,-14.0,13.600000381469727,26.84367503689043
920,-14.0,13.5,26.88015497208073
921,-14.0,13.399999618530273,26.881575184265103
922,-14.0,13.300000190734863,26.751407275626775
923,-14.0,13.199999809265137,26.64442767843593
924,-14.0,13.100000381469727,26.62425830938713
925,-14.0,13.0,26.569994407263778
926,-14.0,12.899999618530273,26.475676858503164
927,-14.0,12.800000190734863,26.396933696999838
928,-14.0,12.699999809265137,26.364253257793223
929,-14.0,12.600000381469727,26.316774370208805
930,-14.0,12.5,26.434041563610265
931,-14.0,12.399999618530273,26.217630151841092
932,-14.0,12.300000190734863,26.14796438508921
933,-14.0,12.199999809265137,26.199192446951713
934,-14.0,12.100000381469727,26.05955299531894
935,-14.0,12.0,25.867426488437786
936,-13.899999618530273,14.5,26.790558124292716
937,-13.899999618530273,14.399999618530273,26.902277454375678
938,-13.899999618530273,14.300000190734863,27.16049104649204
939,-13.899999618530273,14.199999809265137,27.172055751894902
940,-13.899999618530273,14.100000381469727,27.141856850090846
941,-13.899999618530273,14.0,27.141904703264572
942,-13.899999618530273,13.899999618530273,27.166316366868045
943,-13.899999618530273,13.800000190734863,27.100255815602054
944,-13.899999618530273,13.699999809265137,27.009764918396854
945,-13.899999618530273,13.600000381469727,26.944974362675055
946,-13.899999618530273,13.5,27.02586065489868
947,-13.899999618530273,13.399999618530273,26.917378525021263
948,-13.899999618530273,13.300000190734863,26.790268761436266
949,-13.899999618530273,13.199999809265137,26.661783097689693
950,-13.899999618530273,13.100000381469727,26.62265493852783
951,-13.899999618530273,13.0,26.58652349237633
952,-13.899999618530273,12.899999618530273,26.53456581051711
953,-13.899999618530273,12.800000190734863,26.465130264551533
954,-13.899999618530273,12.699999809265137,26.462162534460674
955,-13.899999618530273,12.600000381469727,26.393026621440868
956,-13.899999618530273,12.5,26.34075341031405
957,-13.899999618530273,12.399999618530273,26.230804985132693
958,-13.899999618530273,12.300000190734863,26.191643489484306
959,-13.899999618530273,12.199999809265137,26.174945449264044
960,-13.899999618530273,12.100000381469727,25.945082192642985
961,-13.899999618530273,12.0,25.865335351843783
962,-13.800000190734863,14.5,26.98991549854037
963,-13.800000190734863,14.399999618530273,26.897961736631714
964,-13.800000190734863,14.300000190734863,27.208277120161256
965,-13.800000190734863,14.199999809265137,27.307052903861177
966,-13.800000190734863,14.100000381469727,27.235846529559865
967,-13.800000190734863,14.0,27.218520576351068
968,-13.800000190734863,13.899999618530273,27.22922933551564
969,-13.800000190734863,13.800000190734863,27.158197173889334
970,-13.800000190734863,13.699999809265137,27.077258427165248
971,-13.800000190734863,13.600000381469727,27.02699337369694
972,-13.800000190734863,13.5,27.078587302996823
973,-13.800000190734863,13.399999618530273,27.034973800791022
974,-13.800000190734863,13.300000190734863,26.859665643552034
975,-13.800000190734863,13.199999809265137,26.72675404999444
976,-13.800000190734863,13.100000381469727,26.681446859391144
977,-13.800000190734863,13.0,26.635834230895114
978,-13.800000190734863,12.899999618530273,26.583888388964795
979,-13.800000190734863,12.800000190734863,26.53457404094587
980,-13.800000190734863,12.699999809265137,26.49337083330545
981,-13.800000190734863,12.600000381469727,26.398434585054474
982,-13.800000190734863,12.5,26.265246621268318
983,-13.800000190734863,12.399999618530273,26.199247584175225
984,-13.800000190734863,12.300000190734863,26.238473178420634
985,-13.800000190734863,12.199999809265137,26.32681698508486
986,-13.800000190734863,12.100000381469727,25.974532464805463
987,-13.800000190734863,12.0,25.85247417790964
988,-13.699999809265137,14.5,27.358751845712845
989,-13.699999809265137,14.399999618530273,27.03428888296719
990,-13.699999809265137,14.300000190734863,27.347431417650967
991,-13.699999809265137,14.199999809265137,27.452107914011833
992,-13.699999809265137,14.100000381469727,27.397832047833617
993,-13.699999809265137,14.0,27.30189516491282
994,-13.699999809265137,13.899999618530273,27.286802631491923
995,-13.699999809265137,13.800000190734863,27.184905503217863
996,-13.699999809265137,13.699999809265137,27.107859113959876
997,-13.699999809265137,13.600000381469727,27.065715139522013
998,-13.699999809265137,13.5,27.098437328629018
999,-13.699999809265137,13.399999618530273,27.091155410967815
1000,-13.699999809265137,13.300000190734863,26.984055988439536
1001,-13.699999809265137,13.199999809265137,26.834936613987963
1002,-13.699999809265137,13.100000381469727,26.76708766855006
1003,-13.699999809265137,13.0,26.691694139239473
1004,-13.699999809265137,12.899999618530273,26.584480817072688
1005,-13.699999809265137,12.800000190734863,26.53732617769907
1006,-13.699999809265137,12.699999809265137,26.482272315577745
1007,-13.699999809265137,12.600000381469727,26.378599867677337
1008,-13.699999809265137,12.5,26.20325442399559
1009,-13.699999809265137,12.399999618530273,26.195069236280403
1010,-13.699999809265137,12.300000190734863,26.396578153822304
1011,-13.699999809265137,12.199999809265137,26.32838137357828
1012,-13.699999809265137,12.100000381469727,25.937991124852715
1013,-13.699999809265137,12.0,25.804261905076828
1014,-13.600000381469727,14.5,27.55834834088847
1015,-13.600000381469727,14.399999618530273,27.332172608208907
1016,-13.600000381469727,14.300000190734863,27.445385512168798
1017,-13.600000381469727,14.199999809265137,27.51426567013118
1018,-13.600000381469727,14.100000381469727,27.421946719467087
1019,-13.600000381469727,14.0,27.379564584620198
1020,-13.600000381469727,13.899999618530273,27.344155657406418
1021,-13.600000381469727,13.800000190734863,27.262746384967954
1022,-13.600000381469727,13.699999809265137,27.160458164470356
1023,-13.600000381469727,13.600000381469727,27.104509595034926
1024,-13.600000381469727,13.5,27.086780602821193
1025,-13.600000381469727,13.399999618530273,27.074157903187825
1026,-13.600000381469727,13.300000190734863,27.014061937745282
1027,-13.600000381469727,13.199999809265137,26.939103254783674
1028,-13.600000381469727,13.100000381469727,26.90372999315946
1029,-13.600000381469727,13.0,26.788265962186358
1030,-13.600000381469727,12.899999618530273,26.63613360938581
1031,-13.600000381469727,12.800000190734863,26.58697862045733
1032,-13.600000381469727,12.699999809265137,26.571021932930478
1033,-13.600000381469727,12.600000381469727,26.37578037921577
1034,-13.600000381469727,12.5,26.00019652255702
1035,-13.600000381469727,12.399999618530273,26.06492819460567
1036,-13.600000381469727,12.300000190734863,26.22762342635116
1037,-13.600000381469727,12.199999809265137,26.0765036519295
1038,-13.600000381469727,12.100000381469727,25.92712978652264
1039,-13.600000381469727,12.0,25.8833903208818
1040,-13.5,14.5,27.745404311285597
1041,-13.5,14.399999618530273,27.676528029530175
1042,-13.5,14.300000190734863,27.579204001784944
1043,-13.5,14.199999809265137,27.586289283968597
1044,-13.5,14.100000381469727,27.49849423858649
1045,-13.5,14.0,27.43965937615326
1046,-13.5,13.899999618530273,27.401838563505635
1047,-13.5,13.800000190734863,27.317715109136202
1048,-13.5,13.699999809265137,27.235257948012702
1049,-13.5,13.600000381469727,27.151516245292385
1050,-13.5,13.5,27.094425505508354
1051,-13.5,13.399999618530273,27.125578007898298
1052,-13.5,13.300000190734863,27.05353430949299
1053,-13.5,13.199999809265137,26.95577984936841
1054,-13.5,13.100000381469727,26.911794485068526
1055,-13.5,13.0,26.838743143104978
1056,-13.5,12.899999618530273,26.746857361954426
1057,-13.5,12.800000190734863,26.711259144408018
1058,-13.5,12.699999809265137,26.55497783462141
1059,-13.5,12.600000381469727,26.25488312981105
1060,-13.5,12.5,25.728475862095138
1061,-13.5,12.399999618530273,25.93675731009415
1062,-13.5,12.300000190734863,26.133530596104833
1063,-13.5,12.199999809265137,26.043755767604125
1064,-13.5,12.100000381469727,25.995023741858176
1065,-13.5,12.0,26.11358574655617
1066,-13.399999618530273,14.5,27.830651427901444
1067,-13.399999618530273,14.399999618530273,27.65416435324505
1068,-13.399999618530273,14.300000190734863,27.546835021280287
1069,-13.399999618530273,14.199999809265137,27.660938946736735
1070,-13.399999618530273,14.100000381469727,27.546201347228532
1071,-13.399999618530273,14.0,27.493852002154483
1072,-13.399999618530273,13.899999618530273,27.409088614194616
1073,-13.399999618530273,13.800000190734863,27.31300954204619
1074,-13.399999618530273,13.699999809265137,27.255987674530786
1075,-13.399999618530273,13.600000381469727,27.18703274199561
1076,-13.399999618530273,13.5,27.12536048101623
1077,-13.399999618530273,13.399999618530273,27.180819698536027
1078,-13.399999618530273,13.300000190734863,27.162262589726083
1079,-13.399999618530273,13.199999809265137,27.026144964435957
1080,-13.399999618530273,13.100000381469727,26.946341225141282
1081,-13.399999618530273,13.0,26.816303716946777
1082,-13.399999618530273,12.899999618530273,26.65021546143612
1083,-13.399999618530273,12.800000190734863,26.57779701038288
1084,-13.399999618530273,12.699999809265137,26.540977722756054
1085,-13.399999618530273,12.600000381469727,26.21451988068094
1086,-13.399999618530273,12.5,25.802971243440368
1087,-13.399999618530273,12.399999618530273,26.04096077922867
1088,-13.399999618530273,12.300000190734863,26.17371956945027
1089,-13.399999618530273,12.199999809265137,26.11991369376915
1090,-13.399999618530273,12.100000381469727,26.039643451328914
1091,-13.399999618530273,12.0,26.25036529755664
1092,-13.300000190734863,14.5,27.777260904761192
1093,-13.300000190734863,14.399999618530273,27.660958120998146
1094,-13.300000190734863,14.300000190734863,27.70401797164328
1095,-13.300000190734863,14.199999809265137,27.729314654001257
1096,-13.300000190734863,14.100000381469727,27.577956111145056
1097,-13.300000190734863,14.0,27.51033769091282
1098,-13.300000190734863,13.899999618530273,27.423306560946344
1099,-13.300000190734863,13.800000190734863,27.35291830753198
1100,-13.300000190734863,13.699999809265137,27.31142971056829
1101,-13.300000190734863,13.600000381469727,27.254738804044393
1102,-13.300000190734863,13.5,27.206548837427363
1103,-13.300000190734863,13.399999618530273,27.179936367416303
1104,-13.300000190734863,13.300000190734863,27.15107620659097
1105,-13.300000190734863,13.199999809265137,27.053514106964144
1106,-13.300000190734863,13.100000381469727,27.01424403905014
1107,-13.300000190734863,13.0,26.84428671540917
1108,-13.300000190734863,12.899999618530273,26.602479490814858
1109,-13.300000190734863,12.800000190734863,26.477628138161208
1110,-13.300000190734863,12.699999809265137,26.470675862920928
1111,-13.300000190734863,12.600000381469727,26.27526984893518
1112,-13.300000190734863,12.5,26.179084445400576
1113,-13.300000190734863,12.399999618530273,26.209431435197928
1114,-13.300000190734863,12.300000190734863,26.14320792411388
1115,-13.300000190734863,12.199999809265137,26.123085845265678
1116,-13.300000190734863,12.100000381469727,26.13470903931818
1117,-13.300000190734863,12.0,26.180169424720987
1118,-13.199999809265137,14.5,27.71849110304362
1119,-13.199999809265137,14.399999618530273,27.755401804160442
1120,-13.199999809265137,14.300000190734863,27.799247930547153
1121,-13.199999809265137,14.199999809265137,27.796208863570143
1122,-13.199999809265137,14.100000381469727,27.606691449229743
1123,-13.199999809265137,14.0,27.5214089799926
1124,-13.199999809265137,13.899999618530273,27.480767713843818
1125,-13.199999809265137,13.800000190734863,27.447555856574297
1126,-13.199999809265137,13.699999809265137,27.39665373185801
1127,-13.199999809265137,13.600000381469727,27.335366300628607
1128,-13.199999809265137,13.5,27.26086885294535
1129,-13.199999809265137,13.399999618530273,27.177005702077565
1130,-13.199999809265137,13.300000190734863,27.057585010443347
1131,-13.199999809265137,13.199999809265137,26.97624668097751
1132,-13.199999809265137,13.100000381469727,26.997291664695922
1133,-13.199999809265137,13.0,26.875571500262936
1134,-13.199999809265137,12.899999618530273,26.658396212258992
1135,-13.199999809265137,12.800000190734863,26.54785533689511
1136,-13.199999809265137,12.699999809265137,26.53418009247514
1137,-13.199999809265137,12.600000381469727,26.47978606487004
1138,-13.199999809265137,12.5,26.32184957908555
1139,-13.199999809265137,12.399999618530273,26.279033667924978
1140,-13.199999809265137,12.300000190734863,26.149932914708756
1141,-13.199999809265137,12.199999809265137,26.17744796806585
1142,-13.199999809265137,12.100000381469727,26.106195705716004
1143,-13.199999809265137,12.0,26.327801466287383
1144,-13.100000381469727,14.5,27.69901543616885
1145,-13.100000381469727,14.399999618530273,27.96228715348991
1146,-13.100000381469727,14.300000190734863,27.902052298322133
1147,-13.100000381469727,14.199999809265137,27.806332842526672
1148,-13.100000381469727,14.100000381469727,27.578989921284176
1149,-13.100000381469727,14.0,27.54823678393626
1150,-13.100000381469727,13.899999618530273,27.54685294402384
1151,-13.100000381469727,13.800000190734863,27.503630735038314
1152,-13.100000381469727,13.699999809265137,27.39772799180912
1153,-13.100000381469727,13.600000381469727,27.309490517487802
1154,-13.100000381469727,13.5,27.265499963840853
1155,-13.100000381469727,13.399999618530273,27.189697560051627
1156,-13.100000381469727,13.300000190734863,27.057825795889414
1157,-13.100000381469727,13.199999809265137,26.954680127328686
1158,-13.100000381469727,13.100000381469727,26.924348855980895
1159,-13.100000381469727,13.0,26.823636558915553
1160,-13.100000381469727,12.899999618530273,26.71284830613996
1161,-13.100000381469727,12.800000190734863,26.651368108042334
1162,-13.100000381469727,12.699999809265137,26.527319140236784
1163,-13.100000381469727,12.600000381469727,26.405234698235745
1164,-13.100000381469727,12.5,26.381302115562733
1165,-13.100000381469727,12.399999618530273,26.40549139832848
1166,-13.100000381469727,12.300000190734863,26.18714858822932
1167,-13.100000381469727,12.199999809265137,26.055416104885808
1168,-13.100000381469727,12.100000381469727,26.216101978223094
1169,-13.100000381469727,12.0,26.004275142238498
1170,-13.0,14.5,27.834275207350288
1171,-13.0,14.399999618530273,27.951439776123323
1172,-13.0,14.300000190734863,27.92399382071244
1173,-13.0,14.199999809265137,27.86646583212456
1174,-13.0,14.100000381469727,27.60969589642366
1175,-13.0,14.0,27.574938627337588
1176,-13.0,13.899999618530273,27.600492784113214
1177,-13.0,13.800000190734863,27.513514754201765
1178,-13.0,13.699999809265137,27.356848620695473
1179,-13.0,13.600000381469727,27.27166127838541
1180,-13.0,13.5,27.278065551899488
1181,-13.0,13.399999618530273,27.261441284772218
1182,-13.0,13.300000190734863,27.13314163264471
1183,-13.0,13.199999809265137,26.97921540544405
1184,-13.0,13.100000381469727,26.878181581897707
1185,-13.0,13.0,26.758264150793025
1186,-13.0,12.899999618530273,26.706385106955395
1187,-13.0,12.800000190734863,26.67590730017065
1188,-13.0,12.699999809265137,26.530985806454908
1189,-13.0,12.600000381469727,26.413063821115543
1190,-13.0,12.5,26.385611757614697
1191,-13.0,12.399999618530273,26.195680876839162
1192,-13.0,12.300000190734863,26.189570769099703
1193,-13.0,12.199999809265137,26.101241376702887
1194,-13.0,12.100000381469727,25.94443967500871
1195,-13.0,12.0,25.3742367086964
1196,-12.899999618530273,14.5,27.844246744547775
1197,-12.899999618530273,14.399999618530273,28.05016603319808
1198,-12.899999618530273,14.300000190734863,27.91526853211866
1199,-12.899999618530273,14.199999809265137,27.805576523812192
1200,-12.899999618530273,14.100000381469727,27.59089212063253
1201,-12.899999618530273,14.0,27.624065484889854
1202,-12.899999618530273,13.899999618530273,27.624130467840246
1203,-12.899999618530273,13.800000190734863,27.51317278280652
1204,-12.899999618530273,13.699999809265137,27.36547537111221
1205,-12.899999618530273,13.600000381469727,27.293130265948605
1206,-12.899999618530273,13.5,27.304793693997226
1207,-12.899999618530273,13.399999618530273,27.262669014538062
1208,-12.899999618530273,13.300000190734863,27.118173126647264
1209,-12.899999618530273,13.199999809265137,26.979597283204555
1210,-12.899999618530273,13.100000381469727,26.917847061813234
1211,-12.899999618530273,13.0,26.790314202709794
1212,-12.899999618530273,12.899999618530273,26.66766264455981
1213,-12.899999618530273,12.800000190734863,26.627350609899395
1214,-12.899999618530273,12.699999809265137,26.519093290620845
1215,-12.899999618530273,12.600000381469727,26.397069497122573
1216,-12.899999618530273,12.5,26.264598672523505
1217,-12.899999618530273,12.399999618530273,26.120390749589376
1218,-12.899999618530273,12.300000190734863,25.93900649454264
1219,-12.899999618530273,12.199999809265137,25.772067044398682
1220,-12.899999618530273,12.100000381469727,25.634255910783622
1221,-12.899999618530273,12.0,25.239729564676168
1222,-12.800000190734863,14.5,27.97442769099888
1223,-12.800000190734863,14.399999618530273,27.98808888217502
1224,-12.800000190734863,14.300000190734863,27.893166371523364
1225,-12.800000190734863,14.199999809265137,27.755011003521588
1226,-12.800000190734863,14.100000381469727,27.651379270135067
1227,-12.800000190734863,14.0,27.62471417044611
1228,-12.800000190734863,13.899999618530273,27.579846520688477
1229,-12.800000190734863,13.800000190734863,27.47625016241318
1230,-12.800000190734863,13.699999809265137,27.38258148338622
1231,-12.800000190734863,13.600000381469727,27.32798338392081
1232,-12.800000190734863,13.5,27.301571840065776
1233,-12.800000190734863,13.399999618530273,27.171460397122928
1234,-12.800000190734863,13.300000190734863,26.9795127666697
1235,-12.800000190734863,13.199999809265137,26.91437007137631
1236,-12.800000190734863,13.100000381469727,26.948275454101065
1237,-12.800000190734863,13.0,26.787889316186977
1238,-12.800000190734863,12.899999618530273,26.592075690805814
1239,-12.800000190734863,12.800000190734863,26.570494896718685
1240,-12.800000190734863,12.699999809265137,26.520333072949313
1241,-12.800000190734863,12.600000381469727,26.35883473891238
1242,-12.800000190734863,12.5,26.117108955107085
1243,-12.800000190734863,12.399999618530273,25.880800931670194
1244,-12.800000190734863,12.300000190734863,25.73036169950973
1245,-12.800000190734863,12.199999809265137,25.569770195532442
1246,-12.800000190734863,12.100000381469727,25.325484683238017
1247,-12.800000190734863,12.0,24.9710158400639
1248,-12.699999809265137,14.5,27.81398452608073
1249,-12.699999809265137,14.399999618530273,27.91096047817655
1250,-12.699999809265137,14.300000190734863,27.911662692979803
1251,-12.699999809265137,14.199999809265137,27.817647253144855
1252,-12.699999809265137,14.100000381469727,27.703376558729474
1253,-12.699999809265137,14.0,27.63057405109697
1254,-12.699999809265137,13.899999618530273,27.564481408797462
1255,-12.699999809265137,13.800000190734863,27.4730632027526
1256,-12.699999809265137,13.699999809265137,27.381617954173123
1257,-12.699999809265137,13.600000381469727,27.32348734208415
1258,-12.699999809265137,13.5,27.282737339624703
1259,-12.699999809265137,13.399999618530273,27.126378992302477
1260,-12.699999809265137,13.300000190734863,26.926486233732703
1261,-12.699999809265137,13.199999809265137,26.896081702421554
1262,-12.699999809265137,13.100000381469727,26.915869460174633
1263,-12.699999809265137,13.0,26.698787794325767
1264,-12.699999809265137,12.899999618530273,26.533300045066028
1265,-12.699999809265137,12.800000190734863,26.600120993151677
1266,-12.699999809265137,12.699999809265137,26.610729231736855
1267,-12.699999809265137,12.600000381469727,26.486802749342985
1268,-12.699999809265137,12.5,26.330506704697598
1269,-12.699999809265137,12.399999618530273,26.066208584706715
1270,-12.699999809265137,12.300000190734863,25.824014363780407
1271,-12.699999809265137,12.199999809265137,25.236044544864285
1272,-12.699999809265137,12.100000381469727,24.769359443414544
1273,-12.699999809265137,12.0,24.432128926822998
1274,-12.600000381469727,14.5,27.824508578087602
1275,-12.600000381469727,14.399999618530273,27.89237878016195
1276,-12.600000381469727,14.300000190734863,27.833769105046088
1277,-12.600000381469727,14.199999809265137,27.770595478558448
1278,-12.600000381469727,14.100000381469727,27.66330607187291
1279,-12.600000381469727,14.0,27.634951319144932
1280,-12.600000381469727,13.899999618530273,27.62146551039899
1281,-12.600000381469727,13.800000190734863,27.53371958172221
1282,-12.600000381469727,13.699999809265137,27.38359394434076
1283,-12.600000381469727,13.600000381469727,27.281253439979366
1284,-12.600000381469727,13.5,27.247212431910157
1285,-12.600000381469727,13.399999618530273,27.11252046416024
1286,-12.600000381469727,13.300000190734863,26.963986115387797
1287,-12.600000381469727,13.199999809265137,26.968372757254656
1288,-12.600000381469727,13.100000381469727,26.903300238983036
1289,-12.600000381469727,13.0,26.630355581769777
1290,-12.600000381469727,12.899999618530273,26.550082880991738
1291,-12.600000381469727,12.800000190734863,26.668362732574224
1292,-12.600000381469727,12.699999809265137,26.6690788990619
1293,-12.600000381469727,12.600000381469727,26.580390211542635
1294,-12.600000381469727,12.5,26.48796152067621
1295,-12.600000381469727,12.399999618530273,25.99024841121951
1296,-12.600000381469727,12.300000190734863,25.446047894184744
1297,-12.600000381469727,12.199999809265137,24.77658296087077
1298,-12.600000381469727,12.100000381469727,24.505388878313454
1299,-12.600000381469727,12.0,24.41213674176089
1300,-12.5,14.5,27.984912542042537
1301,-12.5,14.399999618530273,27.891422405321862
1302,-12.5,14.300000190734863,27.82980626990758
1303,-12.5,14.199999809265137,27.72030449932737
1304,-12.5,14.100000381469727,27.603715769347502
1305,-12.5,14.0,27.59025570049056
1306,-12.5,13.899999618530273,27.599888088603166
1307,-12.5,13.800000190734863,27.510661700237904
1308,-12.5,13.699999809265137,27.3277457786225
1309,-12.5,13.600000381469727,27.221296059771817
1310,-12.5,13.5,27.180088331595186
1311,-12.5,13.399999618530273,27.048909855048464
1312,-12.5,13.300000190734863,26.977618667708953
1313,-12.5,13.199999809265137,27.027871140349134
1314,-12.5,13.100000381469727,26.922181631300873
1315,-12.5,13.0,26.641789511998923
1316,-12.5,12.899999618530273,26.611668334554736
1317,-12.5,12.800000190734863,26.67885764280345
1318,-12.5,12.699999809265137,26.563976082334875
1319,-12.5,12.600000381469727,26.552502133738585
1320,-12.5,12.5,26.379221741411925
1321,-12.5,12.399999618530273,25.64955100127554
1322,-12.5,12.300000190734863,25.01284543647364
1323,-12.5,12.199999809265137,24.504187125345084
1324,-12.5,12.100000381469727,24.267593059335923
1325,-12.5,12.0,23.979756050311494
1326,-12.399999618530273,14.5,28.05519653837831
1327,-12.399999618530273,14.399999618530273,27.99925154844675
1328,-12.399999618530273,14.300000190734863,27.97657383388406
1329,-12.399999618530273,14.199999809265137,27.82038533301869
1330,-12.399999618530273,14.100000381469727,27.61618261380187
1331,-12.399999618530273,14.0,27.581189866855482
1332,-12.399999618530273,13.899999618530273,27.522784541418105
1333,-12.399999618530273,13.800000190734863,27.41787624723446
1334,-12.399999618530273,13.699999809265137,27.27991934787326
1335,-12.399999618530273,13.600000381469727,27.22973069223343
1336,-12.399999618530273,13.5,27.20770692530408
1337,-12.399999618530273,13.399999618530273,27.06701410666534
1338,-12.399999618530273,13.300000190734863,26.989207523891253
1339,-12.399999618530273,13.199999809265137,27.049570048560327
1340,-12.399999618530273,13.100000381469727,26.949933279277502
1341,-12.399999618530273,13.0,26.7075012609655
1342,-12.399999618530273,12.899999618530273,26.67395334207862
1343,-12.399999618530273,12.800000190734863,26.557966170692623
1344,-12.399999618530273,12.699999809265137,26.361418667132398
1345,-12.399999618530273,12.600000381469727,26.419092207418373
1346,-12.399999618530273,12.5,26.147592380726337
1347,-12.399999618530273,12.399999618530273,25.497022364623035
1348,-12.399999618530273,12.300000190734863,24.96251882670606
1349,-12.399999618530273,12.199999809265137,24.40804317956082
1350,-12.399999618530273,12.100000381469727,23.194019703445065
1351,-12.399999618530273,12.0,22.397472921440283
1352,-12.300000190734863,14.5,28.191790594274494
1353,-12.300000190734863,14.399999618530273,28.183481247710574
1354,-12.300000190734863,14.300000190734863,28.139557497273017
1355,-12.300000190734863,14.199999809265137,28.028052317312188
1356,-12.300000190734863,14.100000381469727,27.82402852836526
1357,-12.300000190734863,14.0,27.719513882756587
1358,-12.300000190734863,13.899999618530273,27.616279965009994
1359,-12.300000190734863,13.800000190734863,27.517582120756856
1360,-12.300000190734863,13.699999809265137,27.41291864323017
1361,-12.300000190734863,13.600000381469727,27.367141405323935
1362,-12.300000190734863,13.5,27.348545040923398
1363,-12.300000190734863,13.399999618530273,27.198190408701805
1364,-12.300000190734863,13.300000190734863,27.060530408721092
1365,-12.300000190734863,13.199999809265137,27.032047767338042
1366,-12.300000190734863,13.100000381469727,26.924343237910307
1367,-12.300000190734863,13.0,26.798369122328438
1368,-12.300000190734863,12.899999618530273,26.76689234039884
1369,-12.300000190734863,12.800000190734863,26.51417248421137
1370,-12.300000190734863,12.699999809265137,26.307303549735707
1371,-12.300000190734863,12.600000381469727,26.365989543506828
1372,-12.300000190734863,12.5,26.137672603713895
1373,-12.300000190734863,12.399999618530273,25.675947119141085
1374,-12.300000190734863,12.300000190734863,25.457936031162774
1375,-12.300000190734863,12.199999809265137,24.420710482735217
1376,-12.300000190734863,12.100000381469727,22.568956715705724
1377,-12.300000190734863,12.0,21.74715815438566
1378,-12.199999809265137,14.5,28.32886156169161
1379,-12.199999809265137,14.399999618530273,28.27021984936954
1380,-12.199999809265137,14.300000190734863,28.155713714204126
1381,-12.199999809265137,14.199999809265137,28.174590517351476
1382,-12.199999809265137,14.100000381469727,28.02020111734697
1383,-12.199999809265137,14.0,27.909078007791095
1384,-12.199999809265137,13.899999618530273,27.80942696099538
1385,-12.199999809265137,13.800000190734863,27.745585265240834
1386,-12.199999809265137,13.699999809265137,27.61956305932523
1387,-12.199999809265137,13.600000381469727,27.467086720074803
1388,-12.199999809265137,13.5,27.381033873483375
1389,-12.199999809265137,13.399999618530273,27.22011622089036
1390,-12.199999809265137,13.300000190734863,27.03324433268142
1391,-12.199999809265137,13.199999809265137,26.887389324156743
1392,-12.199999809265137,13.100000381469727,26.756926169322185
1393,-12.199999809265137,13.0,26.71707552500976
1394,-12.199999809265137,12.899999618530273,26.723383582845088
1395,-12.199999809265137,12.800000190734863,26.57436168151878
1396,-12.199999809265137,12.699999809265137,26.50182580195809
1397,-12.199999809265137,12.600000381469727,26.53913213459333
1398,-12.199999809265137,12.5,26.171125365039074
1399,-12.199999809265137,12.399999618530273,25.864012002433356
1400,-12.199999809265137,12.300000190734863,26.085394038394327
1401,-12.199999809265137,12.199999809265137,25.493833120798
1402,-12.199999809265137,12.100000381469727,24.1006339808431
1403,-12.199999809265137,12.0,23.701153849424486
1404,-12.100000381469727,14.5,28.24406615230538
1405,-12.100000381469727,14.399999618530273,28.11542740989239
1406,-12.100000381469727,14.300000190734863,28.068630037382206
1407,-12.100000381469727,14.199999809265137,28.08440946998502
1408,-12.100000381469727,14.100000381469727,27.854808003118308
1409,-12.100000381469727,14.0,27.864586586771964
1410,-12.100000381469727,13.899999618530273,27.890084479400457
1411,-12.100000381469727,13.800000190734863,27.82531954265204
1412,-12.100000381469727,13.699999809265137,27.67195239787725
1413,-12.100000381469727,13.600000381469727,27.476107603761932
1414,-12.100000381469727,13.5,27.301279814587076
1415,-12.100000381469727,13.399999618530273,27.107048726738867
1416,-12.100000381469727,13.300000190734863,26.921922351674823
1417,-12.100000381469727,13.199999809265137,26.732804238236724
1418,-12.100000381469727,13.100000381469727,26.602271113518896
1419,-12.100000381469727,13.0,26.540019406678027
1420,-12.100000381469727,12.899999618530273,26.700873205538755
1421,-12.100000381469727,12.800000190734863,26.65228266845918
1422,-12.100000381469727,12.699999809265137,26.590557711786687
1423,-12.100000381469727,12.600000381469727,26.598198359133505
1424,-12.100000381469727,12.5,26.045487941216265
1425,-12.100000381469727,12.399999618530273,25.640074859995025
1426,-12.100000381469727,12.300000190734863,26.111999734661538
1427,-12.100000381469727,12.199999809265137,26.166817870976217
1428,-12.100000381469727,12.100000381469727,25.631017141223595
1429,-12.100000381469727,12.0,25.387798423822858
1430,-12.0,14.5,28.188491713295264
1431,-12.0,14.399999618530273,28.035781223136496
1432,-12.0,14.300000190734863,28.013834452097797
1433,-12.0,14.199999809265137,27.824367418529505
1434,-12.0,14.100000381469727,27.711921445955
1435,-12.0,14.0,27.724803919925193
1436,-12.0,13.899999618530273,27.719092445050308
1437,-12.0,13.800000190734863,27.62087702612422
1438,-12.0,13.699999809265137,27.527932834193848
1439,-12.0,13.600000381469727,27.4565749990972
1440,-12.0,13.5,27.35458773528734
1441,-12.0,13.399999618530273,27.222531374621042
1442,-12.0,13.300000190734863,27.066574870870625
1443,-12.0,13.199999809265137,26.893673044569994
1444,-12.0,13.100000381469727,26.728862515429853
1445,-12.0,13.0,26.71293482122286
1446,-12.0,12.899999618530273,26.75806335126748
1447,-12.0,12.800000190734863,26.655143413665712
1448,-12.0,12.699999809265137,26.549930437980038
1449,-12.0,12.600000381469727,26.505897156335323
1450,-12.0,12.5,25.831114756400495
1451,-12.0,12.399999618530273,25.082604156627497
1452,-12.0,12.300000190734863,25.243312155883984
1453,-12.0,12.199999809265137,25.645958096008826
1454,-12.0,12.100000381469727,25.617623204805625
1455,-12.0,12.0,25.363178444412256
1456,-11.899999618530273,14.5,28.123498007954822
1457,-11.899999618530273,14.399999618530273,28.055945234349338
1458,-11.899999618530273,14.300000190734863,27.90790204382938
1459,-11.899999618530273,14.199999809265137,27.75848008689826
1460,-11.899999618530273,14.100000381469727,27.706300079689527
1461,-11.899999618530273,14.0,27.73651962526708
1462,-11.899999618530273,13.899999618530273,27.62651701448317
1463,-11.899999618530273,13.800000190734863,27.40888439981245
1464,-11.899999618530273,13.699999809265137,27.355999975584666
1465,-11.899999618530273,13.600000381469727,27.43493538925435
1466,-11.899999618530273,13.5,27.4627985996176
1467,-11.899999618530273,13.399999618530273,27.44406836087626
1468,-11.899999618530273,13.300000190734863,27.33860691505106
1469,-11.899999618530273,13.199999809265137,27.16404254942688
1470,-11.899999618530273,13.100000381469727,26.998596001994486
1471,-11.899999618530273,13.0,26.93841361882636
1472,-11.899999618530273,12.899999618530273,26.77032223078146
1473,-11.899999618530273,12.800000190734863,26.624508396400984
1474,-11.899999618530273,12.699999809265137,26.467411649493727
1475,-11.899999618530273,12.600000381469727,26.391786848060747
1476,-11.899999618530273,12.5,25.898768248622275
1477,-11.899999618530273,12.399999618530273,25.18544769579927
1478,-11.899999618530273,12.300000190734863,24.990010195124285
1479,-11.899999618530273,12.199999809265137,25.063274928174508
1480,-11.899999618530273,12.100000381469727,24.998658456151418
1481,-11.899999618530273,12.0,24.970708282883606
1482,-11.800000190734863,14.5,28.183918503275663
1483,-11.800000190734863,14.399999618530273,28.07537882967273
1484,-11.800000190734863,14.300000190734863,27.898811651840617
1485,-11.800000190734863,14.199999809265137,27.730934740572707
1486,-11.800000190734863,14.100000381469727,27.776729108034942
1487,-11.800000190734863,14.0,27.80792112980498
1488,-11.800000190734863,13.899999618530273,27.64360318856427
1489,-11.800000190734863,13.800000190734863,27.4268010928281
1490,-11.800000190734863,13.699999809265137,27.369811333381563
1491,-11.800000190734863,13.600000381469727,27.398601140493838
1492,-11.800000190734863,13.5,27.414527508152617
1493,-11.800000190734863,13.399999618530273,27.420019712495503
1494,-11.800000190734863,13.300000190734863,27.35204875321938
1495,-11.800000190734863,13.199999809265137,27.195986555893285
1496,-11.800000190734863,13.100000381469727,27.06145630002152
1497,-11.800000190734863,13.0,26.918988705415757
1498,-11.800000190734863,12.899999618530273,26.767856642230527
1499,-11.800000190734863,12.800000190734863,26.551581293302547
1500,-11.800000190734863,12.699999809265137,26.362590969852874
1501,-11.800000190734863,12.600000381469727,26.300329905364208
1502,-11.800000190734863,12.5,26.069615876642388
1503,-11.800000190734863,12.399999618530273,25.631176724712418
1504,-11.800000190734863,12.300000190734863,25.382414492190264
1505,-11.800000190734863,12.199999809265137,25.097053536926808
1506,-11.800000190734863,12.100000381469727,25.079838226556035
1507,-11.800000190734863,12.0,25.20268498661619
1508,-11.699999809265137,14.5,28.323938193353285
1509,-11.699999809265137,14.399999618530273,28.00568814591287
1510,-11.699999809265137,14.300000190734863,27.72673008187087
1511,-11.699999809265137,14.199999809265137,27.600731391021895
1512,-11.699999809265137,14.100000381469727,27.698482689347088
1513,-11.699999809265137,14.0,27.739790191756754
1514,-11.699999809265137,13.899999618530273,27.615856511591232
1515,-11.699999809265137,13.800000190734863,27.50825264504971
1516,-11.699999809265137,13.699999809265137,27.443020681251312
1517,-11.699999809265137,13.600000381469727,27.341756264387698
1518,-11.699999809265137,13.5,27.257944353152595
1519,-11.699999809265137,13.399999618530273,27.253061930329352
1520,-11.699999809265137,13.300000190734863,27.205723038704775
1521,-11.699999809265137,13.199999809265137,27.066335989240315
1522,-11.699999809265137,13.100000381469727,27.00472426574055
1523,-11.699999809265137,13.0,26.877796510736687
1524,-11.699999809265137,12.899999618530273,26.681077721109205
1525,-11.699999809265137,12.800000190734863,26.49675859668497
1526,-11.699999809265137,12.699999809265137,26.378615159729065
1527,-11.699999809265137,12.600000381469727,26.296752007288205
1528,-11.699999809265137,12.5,26.1335172152979
1529,-11.699999809265137,12.399999618530273,25.858557234536136
1530,-11.699999809265137,12.300000190734863,25.684223197617086
1531,-11.699999809265137,12.199999809265137,25.31355968742605
1532,-11.699999809265137,12.100000381469727,25.236373505831295
1533,-11.699999809265137,12.0,25.146041180109137
1534,-11.600000381469727,14.5,28.59503529949461
1535,-11.600000381469727,14.399999618530273,28.110592368873768
1536,-11.600000381469727,14.300000190734863,27.60372488396183
1537,-11.600000381469727,14.199999809265137,27.343916486226135
1538,-11.600000381469727,14.100000381469727,27.36439877893372
1539,-11.600000381469727,14.0,27.42658161503948
1540,-11.600000381469727,13.899999618530273,27.424186270097493
1541,-11.600000381469727,13.800000190734863,27.433604903263415
1542,-11.600000381469727,13.699999809265137,27.41244244711305
1543,-11.600000381469727,13.600000381469727,27.338952462345617
1544,-11.600000381469727,13.5,27.322700524033735
1545,-11.600000381469727,13.399999618530273,27.343223708933863
1546,-11.600000381469727,13.300000190734863,27.227914219231423
1547,-11.600000381469727,13.199999809265137,27.031059985103525
1548,-11.600000381469727,13.100000381469727,26.996384440612246
1549,-11.600000381469727,13.0,26.8957607671108
1550,-11.600000381469727,12.899999618530273,26.680038169423767
1551,-11.600000381469727,12.800000190734863,26.539156554828367
1552,-11.600000381469727,12.699999809265137,26.469890078521132
1553,-11.600000381469727,12.600000381469727,26.38060132366246
1554,-11.600000381469727,12.5,26.22386788862599
1555,-11.600000381469727,12.399999618530273,25.94540001513292
1556,-11.600000381469727,12.300000190734863,25.76160640433841
1557,-11.600000381469727,12.199999809265137,25.652067185541796
1558,-11.600000381469727,12.100000381469727,25.192668618945902
1559,-11.600000381469727,12.0,24.81188140695798
1560,-11.5,14.5,28.4568618530281
1561,-11.5,14.399999618530273,28.267715172240514
1562,-11.5,14.300000190734863,27.615205372943933
1563,-11.5,14.199999809265137,27.166300939835992
1564,-11.5,14.100000381469727,27.081963918732015
1565,-11.5,14.0,27.18541011387606
1566,-11.5,13.899999618530273,27.234205613670497
1567,-11.5,13.800000190734863,27.209590662588084
1568,-11.5,13.699999809265137,27.160072105444044
1569,-11.5,13.600000381469727,27.149202642680848
1570,-11.5,13.5,27.300838638306175
1571,-11.5,13.399999618530273,27.43118814998809
1572,-11.5,13.300000190734863,27.290946079460866
1573,-11.5,13.199999809265137,27.022994884588627
1574,-11.5,13.100000381469727,26.915552605449648
1575,-11.5,13.0,26.853734527800384
1576,-11.5,12.899999618530273,26.69492339562271
1577,-11.5,12.800000190734863,26.55263609377613
1578,-11.5,12.699999809265137,26.472691764897775
1579,-11.5,12.600000381469727,26.4195346541606
1580,-11.5,12.5,26.371066378881835
1581,-11.5,12.399999618530273,26.099659038715743
1582,-11.5,12.300000190734863,25.799927926877444
1583,-11.5,12.199999809265137,25.777168828580102
1584,-11.5,12.100000381469727,25.107377752079344
1585,-11.5,12.0,24.806189830080143
1586,-11.399999618530273,14.5,28.365199560800193
1587,-11.399999618530273,14.399999618530273,28.11350677454419
1588,-11.399999618530273,14.300000190734863,27.604793349265663
1589,-11.399999618530273,14.199999809265137,27.24172668493793
1590,-11.399999618530273,14.100000381469727,27.146136255296824
1591,-11.399999618530273,14.0,27.319091772869797
1592,-11.399999618530273,13.899999618530273,27.301203255018038
1593,-11.399999618530273,13.800000190734863,27.10076895152173
1594,-11.399999618530273,13.699999809265137,26.870744858114904
1595,-11.399999618530273,13.600000381469727,26.768507947149544
1596,-11.399999618530273,13.5,26.89670207119741
1597,-11.399999618530273,13.399999618530273,27.063107452675524
1598,-11.399999618530273,13.300000190734863,27.06698096958405
1599,-11.399999618530273,13.199999809265137,26.96216904274911
1600,-11.399999618530273,13.100000381469727,26.936603685764794
1601,-11.399999618530273,13.0,26.884530717482562
1602,-11.399999618530273,12.899999618530273,26.738844883946683
1603,-11.399999618530273,12.800000190734863,26.574613610288907
1604,-11.399999618530273,12.699999809265137,26.456769492173294
1605,-11.399999618530273,12.600000381469727,26.404198736601074
1606,-11.399999618530273,12.5,26.38330152397907
1607,-11.399999618530273,12.399999618530273,26.091805810336552
1608,-11.399999618530273,12.300000190734863,25.65298651242165
1609,-11.399999618530273,12.199999809265137,25.59302157898162
1610,-11.399999618530273,12.100000381469727,25.37069650949485
1611,-11.399999618530273,12.0,25.102291105533993
1612,-11.300000190734863,14.5,28.401786966478483
1613,-11.300000190734863,14.399999618530273,28.491583160622213
1614,-11.300000190734863,14.300000190734863,28.16973640890086
1615,-11.300000190734863,14.199999809265137,27.909369083725153
1616,-11.300000190734863,14.100000381469727,27.807800701457893
1617,-11.300000190734863,14.0,27.70561981060183
1618,-11.300000190734863,13.899999618530273,27.45622702108949
1619,-11.300000190734863,13.800000190734863,27.06476865344024
1620,-11.300000190734863,13.699999809265137,26.77634036836872
1621,-11.300000190734863,13.600000381469727,26.45789163407204
1622,-11.300000190734863,13.5,26.35491261450602
1623,-11.300000190734863,13.399999618530273,26.48979714930846
1624,-11.300000190734863,13.300000190734863,26.651620704197967
1625,-11.300000190734863,13.199999809265137,26.735944219483997
1626,-11.300000190734863,13.100000381469727,26.88514182692569
1627,-11.300000190734863,13.0,26.905724042457962
1628,-11.300000190734863,12.899999618530273,26.697360912187378
1629,-11.300000190734863,12.800000190734863,26.449143005961844
1630,-11.300000190734863,12.699999809265137,26.380015811968917
1631,-11.300000190734863,12.600000381469727,26.389790223461546
1632,-11.300000190734863,12.5,26.322425543863176
1633,-11.300000190734863,12.399999618530273,25.98542626064352
1634,-11.300000190734863,12.300000190734863,25.555777384899557
1635,-11.300000190734863,12.199999809265137,25.33432136215464
1636,-11.300000190734863,12.100000381469727,25.101432695690278
1637,-11.300000190734863,12.0,25.351369029490854
1638,-11.199999809265137,14.5,28.364153082576706
1639,-11.199999809265137,14.399999618530273,28.352009331109002
1640,-11.199999809265137,14.300000190734863,28.060460337786765
1641,-11.199999809265137,14.199999809265137,28.061654769737004
1642,-11.199999809265137,14.100000381469727,28.21301809485459
1643,-11.199999809265137,14.0,27.63760937180109
1644,-11.199999809265137,13.899999618530273,27.302886111813166
1645,-11.199999809265137,13.800000190734863,27.069146884021336
1646,-11.199999809265137,13.699999809265137,26.862944714980586
1647,-11.199999809265137,13.600000381469727,26.61616772742434
1648,-11.199999809265137,13.5,26.34145065350532
1649,-11.199999809265137,13.399999618530273,26.332836962792612
1650,-11.199999809265137,13.300000190734863,26.41242266705433
1651,-11.199999809265137,13.199999809265137,26.345754639062818
1652,-11.199999809265137,13.100000381469727,26.409871562997353
1653,-11.199999809265137,13.0,26.41050803978959
1654,-11.199999809265137,12.899999618530273,26.116274106040635
1655,-11.199999809265137,12.800000190734863,25.854530184740725
1656,-11.199999809265137,12.699999809265137,26.001304391465055
1657,-11.199999809265137,12.600000381469727,26.244634587493863
1658,-11.199999809265137,12.5,26.22288638065868
1659,-11.199999809265137,12.399999618530273,26.269514642799038
1660,-11.199999809265137,12.300000190734863,25.94353191432708
1661,-11.199999809265137,12.199999809265137,25.495352872441572
1662,-11.199999809265137,12.100000381469727,25.2062053546033
1663,-11.199999809265137,12.0,24.94981110321885
1664,-11.100000381469727,14.5,28.336987200399562
1665,-11.100000381469727,14.399999618530273,28.264618391338445
1666,-11.100000381469727,14.300000190734863,28.155069403941923
1667,-11.100000381469727,14.199999809265137,27.913188444495233
1668,-11.100000381469727,14.100000381469727,27.51415634142205
1669,-11.100000381469727,14.0,27.55121739998151
1670,-11.100000381469727,13.899999618530273,27.26215309707368
1671,-11.100000381469727,13.800000190734863,27.146410856319733
1672,-11.100000381469727,13.699999809265137,27.149146365263448
1673,-11.100000381469727,13.600000381469727,27.024621835932123
1674,-11.100000381469727,13.5,26.830100401417496
1675,-11.100000381469727,13.399999618530273,26.73126927862819
1676,-11.100000381469727,13.300000190734863,26.465839053916227
1677,-11.100000381469727,13.199999809265137,26.079672285891036
1678,-11.100000381469727,13.100000381469727,25.94803386605912
1679,-11.100000381469727,13.0,25.851011540437753
1680,-11.100000381469727,12.899999618530273,25.500979341850154
1681,-11.100000381469727,12.800000190734863,25.23423252529028
1682,-11.100000381469727,12.699999809265137,25.608988800075167
1683,-11.100000381469727,12.600000381469727,26.091797041866073
1684,-11.100000381469727,12.5,26.11807508673303
1685,-11.100000381469727,12.399999618530273,25.866623715774267
1686,-11.100000381469727,12.300000190734863,26.051235063865647
1687,-11.100000381469727,12.199999809265137,26.12934598911346
1688,-11.100000381469727,12.100000381469727,25.75648712654919
1689,-11.100000381469727,12.0,25.063592850957775
1690,-11.0,14.5,28.320073087660944
1691,-11.0,14.399999618530273,28.024445390370147
1692,-11.0,14.300000190734863,28.044479590017716
1693,-11.0,14.199999809265137,27.758399161647276
1694,-11.0,14.100000381469727,27.62737172563328
1695,-11.0,14.0,27.44767596449259
1696,-11.0,13.899999618530273,27.360898410852826
1697,-11.0,13.800000190734863,27.302592759405854
1698,-11.0,13.699999809265137,27.29565254604563
1699,-11.0,13.600000381469727,27.252140180755873
1700,-11.0,13.5,27.15799224623379
1701,-11.0,13.399999618530273,27.064642788275023
1702,-11.0,13.300000190734863,26.709798082163218
1703,-11.0,13.199999809265137,26.205234668334015
1704,-11.0,13.100000381469727,25.9880315988014
1705,-11.0,13.0,25.858634870225274
1706,-11.0,12.899999618530273,25.50994205036426
1707,-11.0,12.800000190734863,25.27329287614606
1708,-11.0,12.699999809265137,25.60840928863331
1709,-11.0,12.600000381469727,26.08747196765711
1710,-11.0,12.5,26.07102819242192
1711,-11.0,12.399999618530273,25.75617271770483
1712,-11.0,12.300000190734863,25.991444402914965
1713,-11.0,12.199999809265137,26.28710504228303
1714,-11.0,12.100000381469727,26.02123998042248
1715,-11.0,12.0,25.252927979714684
